Unity Editor version:    6000.3.9f1 (7a9955a4f2fa)
Branch:                  6000.3/staging
Build type:              Release
Batch mode:              YES
macOS version:           Version 26.5.2 (Build 25F84)
Darwin version:          25.5.0
Architecture:            arm64
Running under Rosetta:   NO
Available memory:        16384 MB
Date:                    2026-08-10T09:15:49Z
[Licensing::Module] Trying to connect to existing licensing client channel...
[Licensing::IpcConnector] Channel LicenseClient-akshaykadam doesn't exist
Launching external process: /Applications/Unity/Hub/Editor/6000.3.9f1/Unity.app/Contents/Helpers/UnityLicensingClient.app/Contents/MacOS/Unity.Licensing.Client
[Licensing::Module] Successfully launched the LicensingClient (PId: 42280)
Launching external process: /Applications/Unity/Hub/Editor/6000.3.9f1/Unity.app/Contents/Resources/PackageManager/Server/UnityPackageManager

COMMAND LINE ARGUMENTS:
/Applications/Unity/Hub/Editor/6000.3.9f1/Unity.app/Contents/MacOS/Unity
-batchmode
-quit
-projectPath
/Users/akshaykadam/Documents/UnityApps/NeuroRehab Cognitive Therapy Portal
-executeMethod
BuildScript.BuildAndroidAPK
-logFile
build_android.log
Successfully changed project path to: /Users/akshaykadam/Documents/UnityApps/NeuroRehab Cognitive Therapy Portal
/Users/akshaykadam/Documents/UnityApps/NeuroRehab Cognitive Therapy Portal
[UnityMemory] Configuration Parameters - Can be set up in boot.config
    "memorysetup-allocator-temp-initial-block-size-main=262144"
    "memorysetup-allocator-temp-initial-block-size-worker=262144"
    "memorysetup-temp-allocator-size-background-worker=32768"
    "memorysetup-temp-allocator-size-job-worker=262144"
    "memorysetup-temp-allocator-size-preload-manager=33554432"
    "memorysetup-temp-allocator-size-nav-mesh-worker=65536"
    "memorysetup-temp-allocator-size-audio-worker=65536"
    "memorysetup-temp-allocator-size-cloud-worker=32768"
    "memorysetup-bucket-allocator-granularity=16"
    "memorysetup-bucket-allocator-bucket-count=8"
    "memorysetup-bucket-allocator-block-size=33554432"
    "memorysetup-bucket-allocator-block-count=8"
    "memorysetup-main-allocator-block-size=16777216"
    "memorysetup-thread-allocator-block-size=16777216"
    "memorysetup-gfx-main-allocator-block-size=16777216"
    "memorysetup-gfx-thread-allocator-block-size=16777216"
    "memorysetup-cache-allocator-block-size=4194304"
    "memorysetup-typetree-allocator-block-size=2097152"
    "memorysetup-profiler-bucket-allocator-granularity=16"
    "memorysetup-profiler-bucket-allocator-bucket-count=8"
    "memorysetup-profiler-bucket-allocator-block-size=33554432"
    "memorysetup-profiler-bucket-allocator-block-count=8"
    "memorysetup-profiler-allocator-block-size=16777216"
    "memorysetup-profiler-editor-allocator-block-size=1048576"
    "memorysetup-temp-allocator-size-main=16777216"
    "memorysetup-job-temp-allocator-block-size=2097152"
    "memorysetup-job-temp-allocator-block-size-background=1048576"
    "memorysetup-job-temp-allocator-reduction-small-platforms=262144"
    "memorysetup-temp-allocator-size-gi-baking-worker=262144"
    "memorysetup-temp-allocator-size-gi-baking-worker=262144"
    "memorysetup-temp-allocator-size-gi-baking-worker=262144"
    "memorysetup-temp-allocator-size-gi-baking-worker=262144"
    "memorysetup-temp-allocator-size-gi-baking-worker=262144"
    "memorysetup-temp-allocator-size-gfx=262144"
Player connection [8474664320]  Target information:

Player connection [8474664320]  * "[IP] 192.168.29.17 [Port] 55504 [Flags] 2 [Guid] 1223315419 [EditorId] 1223315419 [Version] 1048832 [Id] OSXEditor(0,Akshays-MacBook-Pro.local) [Debug] 1 [PackageName] OSXEditor [ProjectName] Editor" 

Player connection [8474664320] Host joined multi-casting on [225.0.0.222:54997]...
Player connection [8474664320] Host joined alternative multi-casting on [225.0.0.222:34997]...
Input System module state changed to: Initialized.
[Physics::Module] Initialized fallback backend.
[Physics::Module] Id: 0xdecafbad
[Licensing::IpcConnector] Successfully connected to: "LicenseClient-akshaykadam" at "2026-08-10T09:15:49.968389Z"
[Package Manager] Connected to IPC stream "Upm-42279" after 0.3 seconds.
[Licensing::Module] Licensing is not yet initialized.
[Licensing::Client] Handshaking with LicensingClient:
  Version:                 1.17.4+4293ba1
  Session Id:              ec523e531c984325bba329b6e3163ce6
  Correlation Id:          89c0a07577f39e9eae1577e7dd35909c
  External correlation Id: 269964767628948076
  Machine Id:              R2ZOuZRp1rWqld9SswYnthAbRrI=
[Licensing::Module] Successfully connected to LicensingClient on channel: "LicenseClient-akshaykadam" (connect: 0.38s, validation: 0.05s, handshake: 0.34s)
[Licensing::IpcConnector] Successfully connected to: "LicenseClient-akshaykadam-notifications" at "2026-08-10T09:15:50.3592Z"
[Licensing::Module] Connected to LicensingClient (PId: 42280, launch time: 0.01, total connection time: 0.77s)
[Licensing::Module] Error: Access token is unavailable; failed to update
[Licensing::Client] Successfully resolved entitlement details
[Licensing::Module] License group:
  Id: 13469343089855-UnityPersXXXX
  Product: Unity Personal
  Type: Assigned
  Expiration: Unlimited
[Licensing::Client] Successfully updated license, isAsync: True, time: 0.01
[Licensing::Client] Successfully resolved entitlement details
[Licensing::Module] Licensing Background thread has ended after 0.79s
[Licensing::Module] Licensing is initialized (took 0.32s).
[Licensing::Client] Successfully resolved entitlement details
Library Redirect Path: Library/
[Physics::Module] Selected backend.
[Physics::Module] Name: PhysX
[Physics::Module] Id: 0xf2b8ea05
[Physics::Module] SDK Version: 4.1.2
[Physics::Module] Integration Version: 1.0.0
[Physics::Module] Threading Mode: Multi-Threaded
Artifact Garbage Collection - Removed 2 unused hashed content files
[Licensing::Client] Successfully resolved entitlement details
Refreshing native plugins compatible for Editor in 1.26 ms, found 1 plugins.
Preloading 0 native plugins for Editor in 0.00 ms.
Initialize engine version: 6000.3.9f1 (7a9955a4f2fa)
[Subsystems] Discovering subsystems at path /Applications/Unity/Hub/Editor/6000.3.9f1/Unity.app/Contents/Resources/UnitySubsystems
[Subsystems] Discovering subsystems at path /Users/akshaykadam/Documents/UnityApps/NeuroRehab Cognitive Therapy Portal/Assets
GfxDevice: creating device client; kGfxThreadingModeNonThreaded
 preferred device: Apple M1 Pro (high power)
Metal devices available: 1
0: Apple M1 Pro (high power)
Using device Apple M1 Pro (high power)
Initializing Metal device caps: Apple M1 Pro
Mac GPU Family: 2
Apple GPU Family: 7
MSL Version: 3.0
Has Float MSAA: 1
Has Float Filtering: 1
ReadWrite Texture Tier: 2
Initialize mono
Mono path[0] = '/Applications/Unity/Hub/Editor/6000.3.9f1/Unity.app/Contents/Resources/Scripting/Managed'
Mono path[1] = '/Applications/Unity/Hub/Editor/6000.3.9f1/Unity.app/Contents/Resources/Scripting/MonoBleedingEdge/lib/mono/unityjit-macos'
Mono config path = '/Applications/Unity/Hub/Editor/6000.3.9f1/Unity.app/Contents/Resources/Scripting/MonoBleedingEdge/etc'
Using monoOptions --debugger-agent=transport=dt_socket,embedding=1,server=y,suspend=n,address=127.0.0.1:56279
Using cacheserver namespaces - metadata:defaultmetadata, artifacts:defaultartifacts
Using cacheserver namespaces - metadata:defaultmetadata, artifacts:defaultartifacts
ImportWorker Server TCP listen port: 0
AcceleratorClientConnectionCallback - disconnected - :0
Begin MonoManager ReloadAssembly
Registering precompiled unity dll's ...
Register platform support module: /Applications/Unity/Hub/Editor/6000.3.9f1/Unity.app/Contents/PlaybackEngines/MacStandaloneSupport/UnityEditor.OSXStandalone.Extensions.dll
Register platform support module: /Applications/Unity/Hub/Editor/6000.3.9f1/PlaybackEngines/AndroidPlayer/UnityEditor.Android.Extensions.dll
Registered in 0.001879 seconds.
- Loaded All Assemblies, in  0.371 seconds
Native extension for Android target not found
Multiple ADB server instances found, the following ADB server instance have been terminated due to being run from another SDK. 
If instance restarts during deployment, this may cause unexpected issues. Please check that ADB versions are consistent across instances. 
Process paths: 
/Users/akshaykadam/Library/Android/sdk/platform-tools/adb
UnityEngine.Debug:ExtractStackTraceNoAlloc (byte*,int,string)
UnityEngine.StackTraceUtility:ExtractStackTrace () (at /Users/bokken/build/output/unity/unity/Runtime/Export/Scripting/StackTrace.cs:35)
UnityEngine.DebugLogHandler:Internal_Log (UnityEngine.LogType,UnityEngine.LogOption,string,UnityEngine.Object)
UnityEngine.DebugLogHandler:LogFormat (UnityEngine.LogType,UnityEngine.Object,string,object[])
UnityEngine.Logger:Log (UnityEngine.LogType,object)
UnityEngine.Debug:Log (object)
UnityEditor.Android.AndroidDeploymentTargetsExtension:GetKnownTargets (UnityEditor.DeploymentTargets.IDeploymentTargetsMainThreadContext,UnityEditor.ProgressHandler) (at /home/bokken/build/output/unity/unity/PlatformDependent/AndroidPlayer/Editor/Managed/DeploymentTargets/AndroidDeploymentTargetsExtension.cs:384)
UnityEditor.Android.TargetScanWorker:ScanSync () (at /home/bokken/build/output/unity/unity/PlatformDependent/AndroidPlayer/Editor/Managed/TargetScanWorker.cs:164)
UnityEditor.Android.TargetExtension:OnUsbDevicesChanged (UnityEditor.Hardware.UsbDevice[]) (at /home/bokken/build/output/unity/unity/PlatformDependent/AndroidPlayer/Editor/Managed/ExtensionModule.cs:114)
UnityEditor.Android.TargetExtension:OnLoad () (at /home/bokken/build/output/unity/unity/PlatformDependent/AndroidPlayer/Editor/Managed/ExtensionModule.cs:75)
UnityEditor.Modules.ModuleManager:InitializePlatformSupportModules () (at /Users/bokken/build/output/unity/unity/Editor/Mono/Modules/ModuleManager.cs:144)

(Filename: /home/bokken/build/output/unity/unity/PlatformDependent/AndroidPlayer/Editor/Managed/DeploymentTargets/AndroidDeploymentTargetsExtension.cs Line: 384)

Android Extension - Scanning For ADB Devices 3126 ms
Native extension for OSXStandalone target not found
ScheduleIndexationOnStartup MainProcess:False IndexOnStartup:True
Mono: successfully reloaded assembly
- Finished resetting the current domain, in  3.473 seconds
Domain Reload Profiling: 3844ms
	BeginReloadAssembly (142ms)
		ExecutionOrderSort (0ms)
		DisableScriptedObjects (0ms)
		BackupInstance (0ms)
		ReleaseScriptingObjects (0ms)
		CreateAndSetChildDomain (11ms)
	RebuildCommonClasses (33ms)
	RebuildNativeTypeToScriptingClass (11ms)
	initialDomainReloadingComplete (36ms)
	LoadAllAssembliesAndSetupDomain (149ms)
		LoadAssemblies (132ms)
		RebuildTransferFunctionScriptingTraits (0ms)
		AnalyzeDomain (144ms)
			TypeCache.Refresh (142ms)
				TypeCache.ScanAssembly (125ms)
			BuildScriptInfoCaches (0ms)
			ResolveRequiredComponents (1ms)
	FinalizeReload (3473ms)
		ReleaseScriptCaches (0ms)
		RebuildScriptCaches (0ms)
		SetupLoadedEditorAssemblies (3444ms)
			LogAssemblyErrors (0ms)
			InitializePlatformSupportModulesInManaged (3212ms)
			SetLoadedEditorAssemblies (4ms)
			BeforeProcessingInitializeOnLoad (70ms)
			ProcessInitializeOnLoadAttributes (99ms)
			ProcessInitializeOnLoadMethodAttributes (59ms)
			AfterProcessingInitializeOnLoad (0ms)
			EditorAssembliesLoaded (0ms)
		ExecutionOrderSort2 (0ms)
		AwakeInstancesAfterBackupRestoration (0ms)
[Licensing::Client] Successfully resolved entitlement details
[Licensing::Client] Successfully resolved entitlement details
Application.AssetDatabase Initial Refresh Start
Package Manager log level set to [2]
[Package Manager] Restoring resolved packages state from cache
[Licensing::Client] Successfully resolved entitlement details
[Package Manager] Registered 57 packages:
  Packages from [https://packages.unity.com]:
    com.unity.ai.navigation@2.0.10 (location: /Users/akshaykadam/Documents/UnityApps/NeuroRehab Cognitive Therapy Portal/Library/PackageCache/com.unity.ai.navigation@c33a115e9883)
    com.unity.collab-proxy@2.11.3 (location: /Users/akshaykadam/Documents/UnityApps/NeuroRehab Cognitive Therapy Portal/Library/PackageCache/com.unity.collab-proxy@e566cd3e7623)
    com.unity.ide.rider@3.0.39 (location: /Users/akshaykadam/Documents/UnityApps/NeuroRehab Cognitive Therapy Portal/Library/PackageCache/com.unity.ide.rider@4504839d03f7)
    com.unity.ide.visualstudio@2.0.26 (location: /Users/akshaykadam/Documents/UnityApps/NeuroRehab Cognitive Therapy Portal/Library/PackageCache/com.unity.ide.visualstudio@a99d56dec63f)
    com.unity.inputsystem@1.18.0 (location: /Users/akshaykadam/Documents/UnityApps/NeuroRehab Cognitive Therapy Portal/Library/PackageCache/com.unity.inputsystem@57d0e36f6123)
    com.unity.timeline@1.8.10 (location: /Users/akshaykadam/Documents/UnityApps/NeuroRehab Cognitive Therapy Portal/Library/PackageCache/com.unity.timeline@7f8b2fb101b6)
    com.unity.visualscripting@1.9.9 (location: /Users/akshaykadam/Documents/UnityApps/NeuroRehab Cognitive Therapy Portal/Library/PackageCache/com.unity.visualscripting@191c0d7e3b69)
    com.unity.searcher@4.9.4 (location: /Users/akshaykadam/Documents/UnityApps/NeuroRehab Cognitive Therapy Portal/Library/PackageCache/com.unity.searcher@d45a78918735)
    com.unity.burst@1.8.28 (location: /Users/akshaykadam/Documents/UnityApps/NeuroRehab Cognitive Therapy Portal/Library/PackageCache/com.unity.burst@07790c2d06d9)
    com.unity.mathematics@1.3.3 (location: /Users/akshaykadam/Documents/UnityApps/NeuroRehab Cognitive Therapy Portal/Library/PackageCache/com.unity.mathematics@19a9377c4ffa)
    com.unity.collections@2.6.2 (location: /Users/akshaykadam/Documents/UnityApps/NeuroRehab Cognitive Therapy Portal/Library/PackageCache/com.unity.collections@aea9d3bd5e19)
    com.unity.nuget.mono-cecil@1.11.6 (location: /Users/akshaykadam/Documents/UnityApps/NeuroRehab Cognitive Therapy Portal/Library/PackageCache/com.unity.nuget.mono-cecil@ecb9724e46ff)
    com.unity.test-framework.performance@3.2.0 (location: /Users/akshaykadam/Documents/UnityApps/NeuroRehab Cognitive Therapy Portal/Library/PackageCache/com.unity.test-framework.performance@0840f58e4562)
  Built-in packages:
    com.unity.multiplayer.center@1.0.1 (location: /Users/akshaykadam/Documents/UnityApps/NeuroRehab Cognitive Therapy Portal/Library/PackageCache/com.unity.multiplayer.center@f01f4ba8d00a)
    com.unity.render-pipelines.universal@17.3.0 (location: /Users/akshaykadam/Documents/UnityApps/NeuroRehab Cognitive Therapy Portal/Library/PackageCache/com.unity.render-pipelines.universal@7327e77c1cc2)
    com.unity.test-framework@1.6.0 (location: /Users/akshaykadam/Documents/UnityApps/NeuroRehab Cognitive Therapy Portal/Library/PackageCache/com.unity.test-framework@0b7a23ab2e1d)
    com.unity.ugui@2.0.0 (location: /Users/akshaykadam/Documents/UnityApps/NeuroRehab Cognitive Therapy Portal/Library/PackageCache/com.unity.ugui@bb329a87fcdc)
    com.unity.modules.accessibility@1.0.0 (location: /Users/akshaykadam/Documents/UnityApps/NeuroRehab Cognitive Therapy Portal/Library/PackageCache/com.unity.modules.accessibility)
    com.unity.modules.adaptiveperformance@1.0.0 (location: /Users/akshaykadam/Documents/UnityApps/NeuroRehab Cognitive Therapy Portal/Library/PackageCache/com.unity.modules.adaptiveperformance)
    com.unity.modules.ai@1.0.0 (location: /Users/akshaykadam/Documents/UnityApps/NeuroRehab Cognitive Therapy Portal/Library/PackageCache/com.unity.modules.ai)
    com.unity.modules.androidjni@1.0.0 (location: /Users/akshaykadam/Documents/UnityApps/NeuroRehab Cognitive Therapy Portal/Library/PackageCache/com.unity.modules.androidjni)
    com.unity.modules.animation@1.0.0 (location: /Users/akshaykadam/Documents/UnityApps/NeuroRehab Cognitive Therapy Portal/Library/PackageCache/com.unity.modules.animation)
    com.unity.modules.assetbundle@1.0.0 (location: /Users/akshaykadam/Documents/UnityApps/NeuroRehab Cognitive Therapy Portal/Library/PackageCache/com.unity.modules.assetbundle)
    com.unity.modules.audio@1.0.0 (location: /Users/akshaykadam/Documents/UnityApps/NeuroRehab Cognitive Therapy Portal/Library/PackageCache/com.unity.modules.audio)
    com.unity.modules.cloth@1.0.0 (location: /Users/akshaykadam/Documents/UnityApps/NeuroRehab Cognitive Therapy Portal/Library/PackageCache/com.unity.modules.cloth)
    com.unity.modules.director@1.0.0 (location: /Users/akshaykadam/Documents/UnityApps/NeuroRehab Cognitive Therapy Portal/Library/PackageCache/com.unity.modules.director)
    com.unity.modules.imageconversion@1.0.0 (location: /Users/akshaykadam/Documents/UnityApps/NeuroRehab Cognitive Therapy Portal/Library/PackageCache/com.unity.modules.imageconversion)
    com.unity.modules.imgui@1.0.0 (location: /Users/akshaykadam/Documents/UnityApps/NeuroRehab Cognitive Therapy Portal/Library/PackageCache/com.unity.modules.imgui)
    com.unity.modules.jsonserialize@1.0.0 (location: /Users/akshaykadam/Documents/UnityApps/NeuroRehab Cognitive Therapy Portal/Library/PackageCache/com.unity.modules.jsonserialize)
    com.unity.modules.particlesystem@1.0.0 (location: /Users/akshaykadam/Documents/UnityApps/NeuroRehab Cognitive Therapy Portal/Library/PackageCache/com.unity.modules.particlesystem)
    com.unity.modules.physics@1.0.0 (location: /Users/akshaykadam/Documents/UnityApps/NeuroRehab Cognitive Therapy Portal/Library/PackageCache/com.unity.modules.physics)
    com.unity.modules.physics2d@1.0.0 (location: /Users/akshaykadam/Documents/UnityApps/NeuroRehab Cognitive Therapy Portal/Library/PackageCache/com.unity.modules.physics2d)
    com.unity.modules.screencapture@1.0.0 (location: /Users/akshaykadam/Documents/UnityApps/NeuroRehab Cognitive Therapy Portal/Library/PackageCache/com.unity.modules.screencapture)
    com.unity.modules.terrain@1.0.0 (location: /Users/akshaykadam/Documents/UnityApps/NeuroRehab Cognitive Therapy Portal/Library/PackageCache/com.unity.modules.terrain)
    com.unity.modules.terrainphysics@1.0.0 (location: /Users/akshaykadam/Documents/UnityApps/NeuroRehab Cognitive Therapy Portal/Library/PackageCache/com.unity.modules.terrainphysics)
    com.unity.modules.tilemap@1.0.0 (location: /Users/akshaykadam/Documents/UnityApps/NeuroRehab Cognitive Therapy Portal/Library/PackageCache/com.unity.modules.tilemap)
    com.unity.modules.ui@1.0.0 (location: /Users/akshaykadam/Documents/UnityApps/NeuroRehab Cognitive Therapy Portal/Library/PackageCache/com.unity.modules.ui)
    com.unity.modules.uielements@1.0.0 (location: /Users/akshaykadam/Documents/UnityApps/NeuroRehab Cognitive Therapy Portal/Library/PackageCache/com.unity.modules.uielements)
    com.unity.modules.umbra@1.0.0 (location: /Users/akshaykadam/Documents/UnityApps/NeuroRehab Cognitive Therapy Portal/Library/PackageCache/com.unity.modules.umbra)
    com.unity.modules.unityanalytics@1.0.0 (location: /Users/akshaykadam/Documents/UnityApps/NeuroRehab Cognitive Therapy Portal/Library/PackageCache/com.unity.modules.unityanalytics)
    com.unity.modules.unitywebrequest@1.0.0 (location: /Users/akshaykadam/Documents/UnityApps/NeuroRehab Cognitive Therapy Portal/Library/PackageCache/com.unity.modules.unitywebrequest)
    com.unity.modules.unitywebrequestassetbundle@1.0.0 (location: /Users/akshaykadam/Documents/UnityApps/NeuroRehab Cognitive Therapy Portal/Library/PackageCache/com.unity.modules.unitywebrequestassetbundle)
    com.unity.modules.unitywebrequestaudio@1.0.0 (location: /Users/akshaykadam/Documents/UnityApps/NeuroRehab Cognitive Therapy Portal/Library/PackageCache/com.unity.modules.unitywebrequestaudio)
    com.unity.modules.unitywebrequesttexture@1.0.0 (location: /Users/akshaykadam/Documents/UnityApps/NeuroRehab Cognitive Therapy Portal/Library/PackageCache/com.unity.modules.unitywebrequesttexture)
    com.unity.modules.unitywebrequestwww@1.0.0 (location: /Users/akshaykadam/Documents/UnityApps/NeuroRehab Cognitive Therapy Portal/Library/PackageCache/com.unity.modules.unitywebrequestwww)
    com.unity.modules.vectorgraphics@1.0.0 (location: /Users/akshaykadam/Documents/UnityApps/NeuroRehab Cognitive Therapy Portal/Library/PackageCache/com.unity.modules.vectorgraphics)
    com.unity.modules.vehicles@1.0.0 (location: /Users/akshaykadam/Documents/UnityApps/NeuroRehab Cognitive Therapy Portal/Library/PackageCache/com.unity.modules.vehicles)
    com.unity.modules.video@1.0.0 (location: /Users/akshaykadam/Documents/UnityApps/NeuroRehab Cognitive Therapy Portal/Library/PackageCache/com.unity.modules.video)
    com.unity.modules.vr@1.0.0 (location: /Users/akshaykadam/Documents/UnityApps/NeuroRehab Cognitive Therapy Portal/Library/PackageCache/com.unity.modules.vr)
    com.unity.modules.wind@1.0.0 (location: /Users/akshaykadam/Documents/UnityApps/NeuroRehab Cognitive Therapy Portal/Library/PackageCache/com.unity.modules.wind)
    com.unity.modules.xr@1.0.0 (location: /Users/akshaykadam/Documents/UnityApps/NeuroRehab Cognitive Therapy Portal/Library/PackageCache/com.unity.modules.xr)
    com.unity.modules.subsystems@1.0.0 (location: /Users/akshaykadam/Documents/UnityApps/NeuroRehab Cognitive Therapy Portal/Library/PackageCache/com.unity.modules.subsystems)
    com.unity.modules.hierarchycore@1.0.0 (location: /Users/akshaykadam/Documents/UnityApps/NeuroRehab Cognitive Therapy Portal/Library/PackageCache/com.unity.modules.hierarchycore)
    com.unity.ext.nunit@2.0.5 (location: /Users/akshaykadam/Documents/UnityApps/NeuroRehab Cognitive Therapy Portal/Library/PackageCache/com.unity.ext.nunit@d8c07649098d)
    com.unity.render-pipelines.core@17.3.0 (location: /Users/akshaykadam/Documents/UnityApps/NeuroRehab Cognitive Therapy Portal/Library/PackageCache/com.unity.render-pipelines.core@04ab0eefa0c3)
    com.unity.shadergraph@17.3.0 (location: /Users/akshaykadam/Documents/UnityApps/NeuroRehab Cognitive Therapy Portal/Library/PackageCache/com.unity.shadergraph@f80b792d4861)
    com.unity.render-pipelines.universal-config@17.0.3 (location: /Users/akshaykadam/Documents/UnityApps/NeuroRehab Cognitive Therapy Portal/Library/PackageCache/com.unity.render-pipelines.universal-config@8dc1aab4af1d)
[Subsystems] No new subsystems found in resolved package list.
[Package Manager] Done registering packages in 0.00 seconds
[ScriptCompilation] Requested script compilation because: Assetdatabase observed changes in script compilation related files
[40m[32minfo[39m[22m[49m: Microsoft.Hosting.Lifetime[14]
      Now listening on: http://unix:/tmp/ilpp.sock-68c1c3e655f113dd5bfc49817579e4aa
[40m[32minfo[39m[22m[49m: Microsoft.Hosting.Lifetime[0]
      Application started. Press Ctrl+C to shut down.
[40m[32minfo[39m[22m[49m: Microsoft.Hosting.Lifetime[0]
      Hosting environment: Production
[40m[32minfo[39m[22m[49m: Microsoft.Hosting.Lifetime[0]
      Content root path: /Users/akshaykadam/Documents/UnityApps/NeuroRehab Cognitive Therapy Portal/
[40m[32minfo[39m[22m[49m: Microsoft.AspNetCore.Hosting.Diagnostics[1]
      Request starting HTTP/2 POST http://ilpp/UnityILPP.PostProcessing/Ping application/grpc -
[40m[32minfo[39m[22m[49m: Microsoft.AspNetCore.Routing.EndpointMiddleware[0]
      Executing endpoint 'gRPC - /UnityILPP.PostProcessing/Ping'
[40m[32minfo[39m[22m[49m: Microsoft.AspNetCore.Routing.EndpointMiddleware[1]
      Executed endpoint 'gRPC - /UnityILPP.PostProcessing/Ping'
[40m[32minfo[39m[22m[49m: Microsoft.AspNetCore.Hosting.Diagnostics[2]
      Request finished HTTP/2 POST http://ilpp/UnityILPP.PostProcessing/Ping application/grpc - - 200 - application/grpc 37.0756ms
Starting: /Applications/Unity/Hub/Editor/6000.3.9f1/Unity.app/Contents/Resources/BuildPipeline/bee_backend --ipc --defer-dag-verification --dagfile="Library/Bee/1300b0aE.dag" --continue-on-failure --profile="Library/Bee/backend1.traceevents" ScriptAssemblies
WorkingDir: /Users/akshaykadam/Documents/UnityApps/NeuroRehab Cognitive Therapy Portal
ExitCode: 4 Duration: 0s26ms
[             ] Require frontend run.  Library/Bee/1300b0aE.dag couldn't be loaded
DisplayProgressbar: Compiling Scripts
Starting: /Applications/Unity/Hub/Editor/6000.3.9f1/Unity.app/Contents/Resources/Scripting/netcorerun/netcorerun "/Applications/Unity/Hub/Editor/6000.3.9f1/Unity.app/Contents/Resources/BuildPipeline/ScriptCompilationBuildProgram.exe" "Library/Bee/1300b0aE.dag.json" "Library/Bee/1300b0aE-inputdata.json" "Library/Bee/buildprogram0.traceevents"
WorkingDir: /Users/akshaykadam/Documents/UnityApps/NeuroRehab Cognitive Therapy Portal
ExitCode: 0 Duration: 0s761ms
Starting: /Applications/Unity/Hub/Editor/6000.3.9f1/Unity.app/Contents/Resources/BuildPipeline/bee_backend --ipc --defer-dag-verification --dagfile="Library/Bee/1300b0aE.dag" --continue-on-failure --dagfilejson="Library/Bee/1300b0aE.dag.json" --profile="Library/Bee/backend2.traceevents" ScriptAssemblies
WorkingDir: /Users/akshaykadam/Documents/UnityApps/NeuroRehab Cognitive Therapy Portal
[40m[32minfo[39m[22m[49m: Microsoft.AspNetCore.Hosting.Diagnostics[1]
      Request starting HTTP/2 POST http://ilpp/UnityILPP.PostProcessing/ConfigurePostProcessors application/grpc -
[40m[32minfo[39m[22m[49m: Microsoft.AspNetCore.Routing.EndpointMiddleware[0]
      Executing endpoint 'gRPC - /UnityILPP.PostProcessing/ConfigurePostProcessors'
[40m[1m[33mwarn[39m[22m[49m: Unity.ILPP.Runner.PostProcessingAssemblyLoadContext[0]
      Assembly system.runtime.interopservices.windowsruntime has duplicate hint path. Ignoring "/Applications/Unity/Hub/Editor/6000.3.9f1/Unity.app/Contents/Resources/Scripting/UnityReferenceAssemblies/unity-4.8-api/Facades/System.Runtime.InteropServices.WindowsRuntime.dll" in favor of "/Applications/Unity/Hub/Editor/6000.3.9f1/Unity.app/Contents/Resources/Scripting/NetStandard/Extensions/2.0.0/System.Runtime.InteropServices.WindowsRuntime.dll"
[40m[1m[33mwarn[39m[22m[49m: Unity.ILPP.Runner.PostProcessingAssemblyLoadContext[0]
      Assembly system.componentmodel.composition has duplicate hint path. Ignoring "/Applications/Unity/Hub/Editor/6000.3.9f1/Unity.app/Contents/Resources/Scripting/UnityReferenceAssemblies/unity-4.8-api/System.ComponentModel.Composition.dll" in favor of "/Applications/Unity/Hub/Editor/6000.3.9f1/Unity.app/Contents/Resources/Scripting/NetStandard/compat/2.1.0/shims/netfx/System.ComponentModel.Composition.dll"
[40m[32minfo[39m[22m[49m: Unity.ILPP.Runner.PostProcessingAssemblyLoadContext[0]
      Resolved Unity.Burst.Cecil, Version=0.11.4.0, Culture=neutral, PublicKeyToken=50cebf1cceb9d05e with Library/PackageCache/com.unity.burst@07790c2d06d9/Unity.Burst.CodeGen/Unity.Burst.Cecil.dll
[40m[32minfo[39m[22m[49m: Unity.ILPP.Runner.PostProcessingAssemblyLoadContext[0]
      Resolved Mono.Cecil, Version=0.11.5.0, Culture=neutral, PublicKeyToken=50cebf1cceb9d05e with Library/PackageCache/com.unity.nuget.mono-cecil@ecb9724e46ff/Mono.Cecil.dll
[40m[32minfo[39m[22m[49m: Microsoft.AspNetCore.Routing.EndpointMiddleware[1]
      Executed endpoint 'gRPC - /UnityILPP.PostProcessing/ConfigurePostProcessors'
[40m[32minfo[39m[22m[49m: Microsoft.AspNetCore.Hosting.Diagnostics[2]
      Request finished HTTP/2 POST http://ilpp/UnityILPP.PostProcessing/ConfigurePostProcessors application/grpc - - 200 - application/grpc 48.2498ms
[40m[32minfo[39m[22m[49m: Microsoft.AspNetCore.Hosting.Diagnostics[1]
      Request starting HTTP/2 POST http://ilpp/UnityILPP.PostProcessing/PostProcessAssembly application/grpc -
[40m[32minfo[39m[22m[49m: Microsoft.AspNetCore.Routing.EndpointMiddleware[0]
      Executing endpoint 'gRPC - /UnityILPP.PostProcessing/PostProcessAssembly'
[40m[32minfo[39m[22m[49m: Microsoft.AspNetCore.Hosting.Diagnostics[1]
      Request starting HTTP/2 POST http://ilpp/UnityILPP.PostProcessing/PostProcessAssembly application/grpc -
[40m[32minfo[39m[22m[49m: Microsoft.AspNetCore.Routing.EndpointMiddleware[0]
      Executing endpoint 'gRPC - /UnityILPP.PostProcessing/PostProcessAssembly'
[40m[32minfo[39m[22m[49m: Microsoft.AspNetCore.Hosting.Diagnostics[1]
      Request starting HTTP/2 POST http://ilpp/UnityILPP.PostProcessing/PostProcessAssembly application/grpc -
[40m[32minfo[39m[22m[49m: Microsoft.AspNetCore.Routing.EndpointMiddleware[0]
      Executing endpoint 'gRPC - /UnityILPP.PostProcessing/PostProcessAssembly'
[40m[32minfo[39m[22m[49m: Unity.ILPP.Runner.PostProcessingPipeline[0]
      Processing assembly Library/Bee/artifacts/1300b0aE.dag/Unity.InputSystem.TestFramework.dll, with 148 defines and 262 references
[40m[32minfo[39m[22m[49m: Unity.ILPP.Runner.PostProcessingPipeline[0]
      Processing assembly Library/Bee/artifacts/1300b0aE.dag/Unity.VisualScripting.DocCodeExamples.dll, with 147 defines and 263 references
[40m[32minfo[39m[22m[49m: Unity.ILPP.Runner.PostProcessingPipeline[0]
      processors: Unity.Jobs.CodeGen.JobsILPostProcessor, zzzUnity.Burst.CodeGen.BurstILPostProcessor
[40m[32minfo[39m[22m[49m: Unity.ILPP.Runner.PostProcessingPipeline[0]
      processors: Unity.Jobs.CodeGen.JobsILPostProcessor, zzzUnity.Burst.CodeGen.BurstILPostProcessor
[40m[32minfo[39m[22m[49m: Unity.ILPP.Runner.PostProcessingPipeline[0]
      Processing assembly Library/Bee/artifacts/1300b0aE.dag/Unity.Mathematics.dll, with 147 defines and 274 references
[40m[32minfo[39m[22m[49m: Unity.ILPP.Runner.PostProcessingPipeline[0]
      processors: Unity.Jobs.CodeGen.JobsILPostProcessor, zzzUnity.Burst.CodeGen.BurstILPostProcessor
[40m[32minfo[39m[22m[49m: Unity.ILPP.Runner.PostProcessingPipeline[0]
      running Unity.Jobs.CodeGen.JobsILPostProcessor
[40m[32minfo[39m[22m[49m: Unity.ILPP.Runner.PostProcessingPipeline[0]
      running Unity.Jobs.CodeGen.JobsILPostProcessor
[40m[32minfo[39m[22m[49m: Unity.ILPP.Runner.PostProcessingPipeline[0]
      running Unity.Jobs.CodeGen.JobsILPostProcessor
[40m[32minfo[39m[22m[49m: Unity.ILPP.Runner.PostProcessingPipeline[0]
      running zzzUnity.Burst.CodeGen.BurstILPostProcessor
[40m[32minfo[39m[22m[49m: Unity.ILPP.Runner.PostProcessingPipeline[0]
      running zzzUnity.Burst.CodeGen.BurstILPostProcessor
[40m[32minfo[39m[22m[49m: Unity.ILPP.Runner.PostProcessingPipeline[0]
      running zzzUnity.Burst.CodeGen.BurstILPostProcessor
[40m[32minfo[39m[22m[49m: Microsoft.AspNetCore.Hosting.Diagnostics[1]
      Request starting HTTP/2 POST http://ilpp/UnityILPP.PostProcessing/PostProcessAssembly application/grpc -
[40m[32minfo[39m[22m[49m: Microsoft.AspNetCore.Routing.EndpointMiddleware[0]
      Executing endpoint 'gRPC - /UnityILPP.PostProcessing/PostProcessAssembly'
[40m[32minfo[39m[22m[49m: Microsoft.AspNetCore.Routing.EndpointMiddleware[1]
      Executed endpoint 'gRPC - /UnityILPP.PostProcessing/PostProcessAssembly'
[40m[32minfo[39m[22m[49m: Microsoft.AspNetCore.Routing.EndpointMiddleware[1]
      Executed endpoint 'gRPC - /UnityILPP.PostProcessing/PostProcessAssembly'
[40m[32minfo[39m[22m[49m: Microsoft.AspNetCore.Hosting.Diagnostics[2]
      Request finished HTTP/2 POST http://ilpp/UnityILPP.PostProcessing/PostProcessAssembly application/grpc - - 200 - application/grpc 27.3402ms
[40m[32minfo[39m[22m[49m: Microsoft.AspNetCore.Hosting.Diagnostics[2]
      Request finished HTTP/2 POST http://ilpp/UnityILPP.PostProcessing/PostProcessAssembly application/grpc - - 200 - application/grpc 33.3190ms
[40m[32minfo[39m[22m[49m: Microsoft.AspNetCore.Routing.EndpointMiddleware[1]
      Executed endpoint 'gRPC - /UnityILPP.PostProcessing/PostProcessAssembly'
[40m[32minfo[39m[22m[49m: Microsoft.AspNetCore.Hosting.Diagnostics[2]
      Request finished HTTP/2 POST http://ilpp/UnityILPP.PostProcessing/PostProcessAssembly application/grpc - - 200 - application/grpc 41.4603ms
[40m[32minfo[39m[22m[49m: Unity.ILPP.Runner.PostProcessingPipeline[0]
      Processing assembly Library/Bee/artifacts/1300b0aE.dag/Unity.TextMeshPro.dll, with 148 defines and 275 references
[40m[32minfo[39m[22m[49m: Unity.ILPP.Runner.PostProcessingPipeline[0]
      processors: Unity.Jobs.CodeGen.JobsILPostProcessor, zzzUnity.Burst.CodeGen.BurstILPostProcessor
[40m[32minfo[39m[22m[49m: Unity.ILPP.Runner.PostProcessingPipeline[0]
      running Unity.Jobs.CodeGen.JobsILPostProcessor
[40m[32minfo[39m[22m[49m: Unity.ILPP.Runner.PostProcessingPipeline[0]
      running zzzUnity.Burst.CodeGen.BurstILPostProcessor
[40m[32minfo[39m[22m[49m: Microsoft.AspNetCore.Routing.EndpointMiddleware[1]
      Executed endpoint 'gRPC - /UnityILPP.PostProcessing/PostProcessAssembly'
[40m[32minfo[39m[22m[49m: Microsoft.AspNetCore.Hosting.Diagnostics[2]
      Request finished HTTP/2 POST http://ilpp/UnityILPP.PostProcessing/PostProcessAssembly application/grpc - - 200 - application/grpc 23.2982ms
[40m[32minfo[39m[22m[49m: Microsoft.AspNetCore.Hosting.Diagnostics[1]
      Request starting HTTP/2 POST http://ilpp/UnityILPP.PostProcessing/PostProcessAssembly application/grpc -
[40m[32minfo[39m[22m[49m: Microsoft.AspNetCore.Routing.EndpointMiddleware[0]
      Executing endpoint 'gRPC - /UnityILPP.PostProcessing/PostProcessAssembly'
[40m[32minfo[39m[22m[49m: Unity.ILPP.Runner.PostProcessingPipeline[0]
      Processing assembly Library/Bee/artifacts/1300b0aE.dag/Unity.RenderPipelines.Universal.Config.Runtime.dll, with 147 defines and 275 references
[40m[32minfo[39m[22m[49m: Unity.ILPP.Runner.PostProcessingPipeline[0]
      processors: Unity.Jobs.CodeGen.JobsILPostProcessor, zzzUnity.Burst.CodeGen.BurstILPostProcessor
[40m[32minfo[39m[22m[49m: Unity.ILPP.Runner.PostProcessingPipeline[0]
      running Unity.Jobs.CodeGen.JobsILPostProcessor
[40m[32minfo[39m[22m[49m: Unity.ILPP.Runner.PostProcessingPipeline[0]
      running zzzUnity.Burst.CodeGen.BurstILPostProcessor
[40m[32minfo[39m[22m[49m: Microsoft.AspNetCore.Routing.EndpointMiddleware[1]
      Executed endpoint 'gRPC - /UnityILPP.PostProcessing/PostProcessAssembly'
[40m[32minfo[39m[22m[49m: Microsoft.AspNetCore.Hosting.Diagnostics[2]
      Request finished HTTP/2 POST http://ilpp/UnityILPP.PostProcessing/PostProcessAssembly application/grpc - - 200 - application/grpc 3.3440ms
[40m[32minfo[39m[22m[49m: Microsoft.AspNetCore.Hosting.Diagnostics[1]
      Request starting HTTP/2 POST http://ilpp/UnityILPP.PostProcessing/PostProcessAssembly application/grpc -
[40m[32minfo[39m[22m[49m: Microsoft.AspNetCore.Routing.EndpointMiddleware[0]
      Executing endpoint 'gRPC - /UnityILPP.PostProcessing/PostProcessAssembly'
[40m[32minfo[39m[22m[49m: Unity.ILPP.Runner.PostProcessingPipeline[0]
      Processing assembly Library/Bee/artifacts/1300b0aE.dag/Unity.RenderPipelines.Universal.2D.Runtime.dll, with 150 defines and 279 references
[40m[32minfo[39m[22m[49m: Unity.ILPP.Runner.PostProcessingPipeline[0]
      processors: Unity.Jobs.CodeGen.JobsILPostProcessor, zzzUnity.Burst.CodeGen.BurstILPostProcessor
[40m[32minfo[39m[22m[49m: Unity.ILPP.Runner.PostProcessingPipeline[0]
      running Unity.Jobs.CodeGen.JobsILPostProcessor
[40m[32minfo[39m[22m[49m: Unity.ILPP.Runner.PostProcessingPipeline[0]
      running zzzUnity.Burst.CodeGen.BurstILPostProcessor
[40m[32minfo[39m[22m[49m: Microsoft.AspNetCore.Hosting.Diagnostics[1]
      Request starting HTTP/2 POST http://ilpp/UnityILPP.PostProcessing/PostProcessAssembly application/grpc -
[40m[32minfo[39m[22m[49m: Microsoft.AspNetCore.Routing.EndpointMiddleware[0]
      Executing endpoint 'gRPC - /UnityILPP.PostProcessing/PostProcessAssembly'
[40m[32minfo[39m[22m[49m: Unity.ILPP.Runner.PostProcessingPipeline[0]
      Processing assembly Library/Bee/artifacts/1300b0aE.dag/Unity.Collections.dll, with 149 defines and 276 references
[40m[32minfo[39m[22m[49m: Unity.ILPP.Runner.PostProcessingPipeline[0]
      processors: Unity.Jobs.CodeGen.JobsILPostProcessor, zzzUnity.Burst.CodeGen.BurstILPostProcessor
[40m[32minfo[39m[22m[49m: Microsoft.AspNetCore.Hosting.Diagnostics[1]
      Request starting HTTP/2 POST http://ilpp/UnityILPP.PostProcessing/PostProcessAssembly application/grpc -
[40m[32minfo[39m[22m[49m: Microsoft.AspNetCore.Hosting.Diagnostics[1]
      Request starting HTTP/2 POST http://ilpp/UnityILPP.PostProcessing/PostProcessAssembly application/grpc -
[40m[32minfo[39m[22m[49m: Microsoft.AspNetCore.Routing.EndpointMiddleware[0]
      Executing endpoint 'gRPC - /UnityILPP.PostProcessing/PostProcessAssembly'
[40m[32minfo[39m[22m[49m: Microsoft.AspNetCore.Routing.EndpointMiddleware[0]
      Executing endpoint 'gRPC - /UnityILPP.PostProcessing/PostProcessAssembly'
[40m[32minfo[39m[22m[49m: Unity.ILPP.Runner.PostProcessingPipeline[0]
      running Unity.Jobs.CodeGen.JobsILPostProcessor
[40m[32minfo[39m[22m[49m: Unity.ILPP.Runner.PostProcessingAssemblyLoadContext[0]
      Resolved Unity.Collections, Version=0.0.0.0, Culture=neutral, PublicKeyToken=null with Library/Bee/artifacts/1300b0aE.dag/Unity.Collections.dll
[40m[32minfo[39m[22m[49m: Microsoft.AspNetCore.Hosting.Diagnostics[1]
      Request starting HTTP/2 POST http://ilpp/UnityILPP.PostProcessing/PostProcessAssembly application/grpc -
[40m[32minfo[39m[22m[49m: Microsoft.AspNetCore.Routing.EndpointMiddleware[0]
      Executing endpoint 'gRPC - /UnityILPP.PostProcessing/PostProcessAssembly'
[40m[32minfo[39m[22m[49m: Unity.ILPP.Runner.PostProcessingPipeline[0]
      Processing assembly Library/Bee/artifacts/1300b0aE.dag/Unity.RenderPipelines.Core.ShaderLibrary.dll, with 147 defines and 274 references
[40m[32minfo[39m[22m[49m: Unity.ILPP.Runner.PostProcessingPipeline[0]
      processors: Unity.Jobs.CodeGen.JobsILPostProcessor, zzzUnity.Burst.CodeGen.BurstILPostProcessor
[40m[32minfo[39m[22m[49m: Unity.ILPP.Runner.PostProcessingPipeline[0]
      running Unity.Jobs.CodeGen.JobsILPostProcessor
[40m[32minfo[39m[22m[49m: Unity.ILPP.Runner.PostProcessingPipeline[0]
      running zzzUnity.Burst.CodeGen.BurstILPostProcessor
[40m[32minfo[39m[22m[49m: Microsoft.AspNetCore.Routing.EndpointMiddleware[1]
      Executed endpoint 'gRPC - /UnityILPP.PostProcessing/PostProcessAssembly'
[40m[32minfo[39m[22m[49m: Microsoft.AspNetCore.Hosting.Diagnostics[2]
      Request finished HTTP/2 POST http://ilpp/UnityILPP.PostProcessing/PostProcessAssembly application/grpc - - 200 - application/grpc 16.2881ms
[40m[32minfo[39m[22m[49m: Unity.ILPP.Runner.PostProcessingPipeline[0]
      Processing assembly Library/Bee/artifacts/1300b0aE.dag/Unity.InternalAPIEngineBridge.004.dll, with 147 defines and 274 references
[40m[32minfo[39m[22m[49m: Unity.ILPP.Runner.PostProcessingPipeline[0]
      processors: Unity.Jobs.CodeGen.JobsILPostProcessor, zzzUnity.Burst.CodeGen.BurstILPostProcessor
[40m[32minfo[39m[22m[49m: Microsoft.AspNetCore.Hosting.Diagnostics[1]
      Request starting HTTP/2 POST http://ilpp/UnityILPP.PostProcessing/PostProcessAssembly application/grpc -
[40m[32minfo[39m[22m[49m: Microsoft.AspNetCore.Routing.EndpointMiddleware[0]
      Executing endpoint 'gRPC - /UnityILPP.PostProcessing/PostProcessAssembly'
[40m[32minfo[39m[22m[49m: Unity.ILPP.Runner.PostProcessingPipeline[0]
      running Unity.Jobs.CodeGen.JobsILPostProcessor
[40m[32minfo[39m[22m[49m: Unity.ILPP.Runner.PostProcessingPipeline[0]
      running zzzUnity.Burst.CodeGen.BurstILPostProcessor
[40m[32minfo[39m[22m[49m: Microsoft.AspNetCore.Routing.EndpointMiddleware[1]
      Executed endpoint 'gRPC - /UnityILPP.PostProcessing/PostProcessAssembly'
[40m[32minfo[39m[22m[49m: Microsoft.AspNetCore.Hosting.Diagnostics[2]
      Request finished HTTP/2 POST http://ilpp/UnityILPP.PostProcessing/PostProcessAssembly application/grpc - - 200 - application/grpc 25.2577ms
[40m[32minfo[39m[22m[49m: Unity.ILPP.Runner.PostProcessingPipeline[0]
      Processing assembly Library/Bee/artifacts/1300b0aE.dag/Unity.VisualScripting.State.dll, with 147 defines and 276 references
[40m[32minfo[39m[22m[49m: Unity.ILPP.Runner.PostProcessingPipeline[0]
      processors: Unity.Jobs.CodeGen.JobsILPostProcessor, zzzUnity.Burst.CodeGen.BurstILPostProcessor
[40m[32minfo[39m[22m[49m: Unity.ILPP.Runner.PostProcessingPipeline[0]
      running Unity.Jobs.CodeGen.JobsILPostProcessor
[40m[32minfo[39m[22m[49m: Unity.ILPP.Runner.PostProcessingPipeline[0]
      running zzzUnity.Burst.CodeGen.BurstILPostProcessor
[40m[32minfo[39m[22m[49m: Microsoft.AspNetCore.Routing.EndpointMiddleware[1]
      Executed endpoint 'gRPC - /UnityILPP.PostProcessing/PostProcessAssembly'
[40m[32minfo[39m[22m[49m: Microsoft.AspNetCore.Hosting.Diagnostics[2]
      Request finished HTTP/2 POST http://ilpp/UnityILPP.PostProcessing/PostProcessAssembly application/grpc - - 200 - application/grpc 14.0763ms
[40m[32minfo[39m[22m[49m: Unity.ILPP.Runner.PostProcessingPipeline[0]
      Processing assembly Library/Bee/artifacts/1300b0aE.dag/Unity.InputSystem.ForUI.dll, with 147 defines and 275 references
[40m[32minfo[39m[22m[49m: Unity.ILPP.Runner.PostProcessingPipeline[0]
      processors: Unity.Jobs.CodeGen.JobsILPostProcessor, zzzUnity.Burst.CodeGen.BurstILPostProcessor
[40m[32minfo[39m[22m[49m: Unity.ILPP.Runner.PostProcessingPipeline[0]
      running Unity.Jobs.CodeGen.JobsILPostProcessor
[40m[32minfo[39m[22m[49m: Unity.ILPP.Runner.PostProcessingPipeline[0]
      running zzzUnity.Burst.CodeGen.BurstILPostProcessor
[40m[32minfo[39m[22m[49m: Microsoft.AspNetCore.Routing.EndpointMiddleware[1]
      Executed endpoint 'gRPC - /UnityILPP.PostProcessing/PostProcessAssembly'
[40m[32minfo[39m[22m[49m: Microsoft.AspNetCore.Hosting.Diagnostics[2]
      Request finished HTTP/2 POST http://ilpp/UnityILPP.PostProcessing/PostProcessAssembly application/grpc - - 200 - application/grpc 14.8867ms
[40m[32minfo[39m[22m[49m: Unity.ILPP.Runner.PostProcessingAssemblyLoadContext[0]
      Resolved Unity.Burst.Cecil.Rocks, Version=0.11.4.0, Culture=neutral, PublicKeyToken=50cebf1cceb9d05e with Library/PackageCache/com.unity.burst@07790c2d06d9/Unity.Burst.CodeGen/Unity.Burst.Cecil.Rocks.dll
[40m[32minfo[39m[22m[49m: Microsoft.AspNetCore.Hosting.Diagnostics[1]
      Request starting HTTP/2 POST http://ilpp/UnityILPP.PostProcessing/PostProcessAssembly application/grpc -
[40m[32minfo[39m[22m[49m: Microsoft.AspNetCore.Routing.EndpointMiddleware[0]
      Executing endpoint 'gRPC - /UnityILPP.PostProcessing/PostProcessAssembly'
[40m[32minfo[39m[22m[49m: Unity.ILPP.Runner.PostProcessingAssemblyLoadContext[0]
      Resolved UnityEditor.CoreModule, Version=0.0.0.0, Culture=neutral, PublicKeyToken=null with /Applications/Unity/Hub/Editor/6000.3.9f1/Unity.app/Contents/Resources/Scripting/Managed/UnityEngine/UnityEditor.CoreModule.dll
[40m[32minfo[39m[22m[49m: Unity.ILPP.Runner.PostProcessingAssemblyLoadContext[0]
      Resolved UnityEngine.CoreModule, Version=0.0.0.0, Culture=neutral, PublicKeyToken=null with /Applications/Unity/Hub/Editor/6000.3.9f1/Unity.app/Contents/Resources/Scripting/Managed/UnityEngine/UnityEngine.CoreModule.dll
[40m[32minfo[39m[22m[49m: Unity.ILPP.Runner.PostProcessingPipeline[0]
      Processing assembly Library/Bee/artifacts/1300b0aE.dag/Unity.Multiplayer.Center.Common.dll, with 147 defines and 274 references
[40m[32minfo[39m[22m[49m: Unity.ILPP.Runner.PostProcessingPipeline[0]
      processors: Unity.Jobs.CodeGen.JobsILPostProcessor, zzzUnity.Burst.CodeGen.BurstILPostProcessor
[40m[32minfo[39m[22m[49m: Unity.ILPP.Runner.PostProcessingPipeline[0]
      running Unity.Jobs.CodeGen.JobsILPostProcessor
[40m[32minfo[39m[22m[49m: Unity.ILPP.Runner.PostProcessingPipeline[0]
      running zzzUnity.Burst.CodeGen.BurstILPostProcessor
[40m[32minfo[39m[22m[49m: Microsoft.AspNetCore.Routing.EndpointMiddleware[1]
      Executed endpoint 'gRPC - /UnityILPP.PostProcessing/PostProcessAssembly'
[40m[32minfo[39m[22m[49m: Microsoft.AspNetCore.Hosting.Diagnostics[2]
      Request finished HTTP/2 POST http://ilpp/UnityILPP.PostProcessing/PostProcessAssembly application/grpc - - 200 - application/grpc 32.1551ms
[40m[32minfo[39m[22m[49m: Unity.ILPP.Runner.PostProcessingAssemblyLoadContext[0]
      Resolved Mono.Cecil.Rocks, Version=0.11.5.0, Culture=neutral, PublicKeyToken=50cebf1cceb9d05e with Library/PackageCache/com.unity.nuget.mono-cecil@ecb9724e46ff/Mono.Cecil.Rocks.dll
[40m[32minfo[39m[22m[49m: Microsoft.AspNetCore.Routing.EndpointMiddleware[1]
      Executed endpoint 'gRPC - /UnityILPP.PostProcessing/PostProcessAssembly'
[40m[32minfo[39m[22m[49m: Microsoft.AspNetCore.Hosting.Diagnostics[2]
      Request finished HTTP/2 POST http://ilpp/UnityILPP.PostProcessing/PostProcessAssembly application/grpc - - 200 - application/grpc 509.9628ms
[40m[32minfo[39m[22m[49m: Microsoft.AspNetCore.Hosting.Diagnostics[1]
      Request starting HTTP/2 POST http://ilpp/UnityILPP.PostProcessing/PostProcessAssembly application/grpc -
[40m[32minfo[39m[22m[49m: Microsoft.AspNetCore.Routing.EndpointMiddleware[0]
      Executing endpoint 'gRPC - /UnityILPP.PostProcessing/PostProcessAssembly'
[40m[32minfo[39m[22m[49m: Microsoft.AspNetCore.Hosting.Diagnostics[1]
      Request starting HTTP/2 POST http://ilpp/UnityILPP.PostProcessing/PostProcessAssembly application/grpc -
[40m[32minfo[39m[22m[49m: Microsoft.AspNetCore.Routing.EndpointMiddleware[0]
      Executing endpoint 'gRPC - /UnityILPP.PostProcessing/PostProcessAssembly'
[40m[32minfo[39m[22m[49m: Unity.ILPP.Runner.PostProcessingPipeline[0]
      Processing assembly Library/Bee/artifacts/1300b0aE.dag/Unity.Timeline.dll, with 148 defines and 274 references
[40m[32minfo[39m[22m[49m: Unity.ILPP.Runner.PostProcessingPipeline[0]
      processors: Unity.Jobs.CodeGen.JobsILPostProcessor, zzzUnity.Burst.CodeGen.BurstILPostProcessor
[40m[32minfo[39m[22m[49m: Unity.ILPP.Runner.PostProcessingPipeline[0]
      running Unity.Jobs.CodeGen.JobsILPostProcessor
[40m[32minfo[39m[22m[49m: Unity.ILPP.Runner.PostProcessingPipeline[0]
      running zzzUnity.Burst.CodeGen.BurstILPostProcessor
[40m[32minfo[39m[22m[49m: Microsoft.AspNetCore.Routing.EndpointMiddleware[1]
      Executed endpoint 'gRPC - /UnityILPP.PostProcessing/PostProcessAssembly'
[40m[32minfo[39m[22m[49m: Microsoft.AspNetCore.Hosting.Diagnostics[2]
      Request finished HTTP/2 POST http://ilpp/UnityILPP.PostProcessing/PostProcessAssembly application/grpc - - 200 - application/grpc 61.5731ms
[40m[32minfo[39m[22m[49m: Unity.ILPP.Runner.PostProcessingPipeline[0]
      Processing assembly Library/Bee/artifacts/1300b0aE.dag/Unity.RenderPipeline.Universal.ShaderLibrary.dll, with 147 defines and 275 references
[40m[32minfo[39m[22m[49m: Unity.ILPP.Runner.PostProcessingPipeline[0]
      processors: Unity.Jobs.CodeGen.JobsILPostProcessor, zzzUnity.Burst.CodeGen.BurstILPostProcessor
[40m[32minfo[39m[22m[49m: Unity.ILPP.Runner.PostProcessingPipeline[0]
      running Unity.Jobs.CodeGen.JobsILPostProcessor
[40m[32minfo[39m[22m[49m: Unity.ILPP.Runner.PostProcessingPipeline[0]
      running zzzUnity.Burst.CodeGen.BurstILPostProcessor
[40m[32minfo[39m[22m[49m: Microsoft.AspNetCore.Routing.EndpointMiddleware[1]
      Executed endpoint 'gRPC - /UnityILPP.PostProcessing/PostProcessAssembly'
[40m[32minfo[39m[22m[49m: Microsoft.AspNetCore.Hosting.Diagnostics[2]
      Request finished HTTP/2 POST http://ilpp/UnityILPP.PostProcessing/PostProcessAssembly application/grpc - - 200 - application/grpc 27.9453ms
[40m[32minfo[39m[22m[49m: Microsoft.AspNetCore.Hosting.Diagnostics[1]
      Request starting HTTP/2 POST http://ilpp/UnityILPP.PostProcessing/PostProcessAssembly application/grpc -
[40m[32minfo[39m[22m[49m: Microsoft.AspNetCore.Routing.EndpointMiddleware[0]
      Executing endpoint 'gRPC - /UnityILPP.PostProcessing/PostProcessAssembly'
[40m[32minfo[39m[22m[49m: Microsoft.AspNetCore.Hosting.Diagnostics[1]
      Request starting HTTP/2 POST http://ilpp/UnityILPP.PostProcessing/PostProcessAssembly application/grpc -
[40m[32minfo[39m[22m[49m: Microsoft.AspNetCore.Routing.EndpointMiddleware[0]
      Executing endpoint 'gRPC - /UnityILPP.PostProcessing/PostProcessAssembly'
[40m[32minfo[39m[22m[49m: Unity.ILPP.Runner.PostProcessingPipeline[0]
      running zzzUnity.Burst.CodeGen.BurstILPostProcessor
[40m[32minfo[39m[22m[49m: Unity.ILPP.Runner.PostProcessingPipeline[0]
      Processing assembly Library/Bee/artifacts/1300b0aE.dag/Unity.Burst.dll, with 147 defines and 262 references
[40m[32minfo[39m[22m[49m: Unity.ILPP.Runner.PostProcessingPipeline[0]
      processors: Unity.Jobs.CodeGen.JobsILPostProcessor, zzzUnity.Burst.CodeGen.BurstILPostProcessor
[40m[32minfo[39m[22m[49m: Unity.ILPP.Runner.PostProcessingPipeline[0]
      running Unity.Jobs.CodeGen.JobsILPostProcessor
[40m[32minfo[39m[22m[49m: Unity.ILPP.Runner.PostProcessingPipeline[0]
      running zzzUnity.Burst.CodeGen.BurstILPostProcessor
[40m[32minfo[39m[22m[49m: Unity.ILPP.Runner.PostProcessingPipeline[0]
      Processing assembly Library/Bee/artifacts/1300b0aE.dag/UnityEngine.UI.dll, with 153 defines and 272 references
[40m[32minfo[39m[22m[49m: Unity.ILPP.Runner.PostProcessingPipeline[0]
      processors: Unity.Jobs.CodeGen.JobsILPostProcessor, zzzUnity.Burst.CodeGen.BurstILPostProcessor
[40m[32minfo[39m[22m[49m: Unity.ILPP.Runner.PostProcessingPipeline[0]
      running Unity.Jobs.CodeGen.JobsILPostProcessor
[40m[32minfo[39m[22m[49m: Unity.ILPP.Runner.PostProcessingPipeline[0]
      running zzzUnity.Burst.CodeGen.BurstILPostProcessor
[40m[32minfo[39m[22m[49m: Microsoft.AspNetCore.Routing.EndpointMiddleware[1]
      Executed endpoint 'gRPC - /UnityILPP.PostProcessing/PostProcessAssembly'
[40m[32minfo[39m[22m[49m: Microsoft.AspNetCore.Hosting.Diagnostics[2]
      Request finished HTTP/2 POST http://ilpp/UnityILPP.PostProcessing/PostProcessAssembly application/grpc - - 200 - application/grpc 47.2831ms
[40m[32minfo[39m[22m[49m: Microsoft.AspNetCore.Hosting.Diagnostics[1]
      Request starting HTTP/2 POST http://ilpp/UnityILPP.PostProcessing/PostProcessAssembly application/grpc -
[40m[32minfo[39m[22m[49m: Microsoft.AspNetCore.Routing.EndpointMiddleware[0]
      Executing endpoint 'gRPC - /UnityILPP.PostProcessing/PostProcessAssembly'
[40m[32minfo[39m[22m[49m: Unity.ILPP.Runner.PostProcessingPipeline[0]
      Processing assembly Library/Bee/artifacts/1300b0aE.dag/Unity.PerformanceTesting.dll, with 148 defines and 260 references
[40m[32minfo[39m[22m[49m: Unity.ILPP.Runner.PostProcessingPipeline[0]
      processors: Unity.Jobs.CodeGen.JobsILPostProcessor, zzzUnity.Burst.CodeGen.BurstILPostProcessor
[40m[32minfo[39m[22m[49m: Unity.ILPP.Runner.PostProcessingPipeline[0]
      running Unity.Jobs.CodeGen.JobsILPostProcessor
[40m[32minfo[39m[22m[49m: Unity.ILPP.Runner.PostProcessingPipeline[0]
      running zzzUnity.Burst.CodeGen.BurstILPostProcessor
[40m[32minfo[39m[22m[49m: Microsoft.AspNetCore.Routing.EndpointMiddleware[1]
      Executed endpoint 'gRPC - /UnityILPP.PostProcessing/PostProcessAssembly'
[40m[32minfo[39m[22m[49m: Microsoft.AspNetCore.Hosting.Diagnostics[2]
      Request finished HTTP/2 POST http://ilpp/UnityILPP.PostProcessing/PostProcessAssembly application/grpc - - 200 - application/grpc 24.4897ms
[40m[32minfo[39m[22m[49m: Microsoft.AspNetCore.Hosting.Diagnostics[1]
      Request starting HTTP/2 POST http://ilpp/UnityILPP.PostProcessing/PostProcessAssembly application/grpc -
[40m[32minfo[39m[22m[49m: Microsoft.AspNetCore.Routing.EndpointMiddleware[0]
      Executing endpoint 'gRPC - /UnityILPP.PostProcessing/PostProcessAssembly'
[40m[32minfo[39m[22m[49m: Unity.ILPP.Runner.PostProcessingPipeline[0]
      Processing assembly Library/Bee/artifacts/1300b0aE.dag/Unity.VisualScripting.Flow.dll, with 155 defines and 276 references
[40m[32minfo[39m[22m[49m: Unity.ILPP.Runner.PostProcessingPipeline[0]
      processors: Unity.Jobs.CodeGen.JobsILPostProcessor, zzzUnity.Burst.CodeGen.BurstILPostProcessor
[40m[32minfo[39m[22m[49m: Unity.ILPP.Runner.PostProcessingPipeline[0]
      running Unity.Jobs.CodeGen.JobsILPostProcessor
[40m[32minfo[39m[22m[49m: Unity.ILPP.Runner.PostProcessingPipeline[0]
      running zzzUnity.Burst.CodeGen.BurstILPostProcessor
[40m[32minfo[39m[22m[49m: Microsoft.AspNetCore.Routing.EndpointMiddleware[1]
      Executed endpoint 'gRPC - /UnityILPP.PostProcessing/PostProcessAssembly'
[40m[32minfo[39m[22m[49m: Microsoft.AspNetCore.Hosting.Diagnostics[2]
      Request finished HTTP/2 POST http://ilpp/UnityILPP.PostProcessing/PostProcessAssembly application/grpc - - 200 - application/grpc 25.4717ms
[40m[32minfo[39m[22m[49m: Microsoft.AspNetCore.Routing.EndpointMiddleware[1]
      Executed endpoint 'gRPC - /UnityILPP.PostProcessing/PostProcessAssembly'
[40m[32minfo[39m[22m[49m: Microsoft.AspNetCore.Hosting.Diagnostics[2]
      Request finished HTTP/2 POST http://ilpp/UnityILPP.PostProcessing/PostProcessAssembly application/grpc - - 200 - application/grpc 287.0408ms
[40m[32minfo[39m[22m[49m: Microsoft.AspNetCore.Hosting.Diagnostics[1]
      Request starting HTTP/2 POST http://ilpp/UnityILPP.PostProcessing/PostProcessAssembly application/grpc -
[40m[32minfo[39m[22m[49m: Microsoft.AspNetCore.Routing.EndpointMiddleware[0]
      Executing endpoint 'gRPC - /UnityILPP.PostProcessing/PostProcessAssembly'
[40m[32minfo[39m[22m[49m: Microsoft.AspNetCore.Routing.EndpointMiddleware[1]
      Executed endpoint 'gRPC - /UnityILPP.PostProcessing/PostProcessAssembly'
[40m[32minfo[39m[22m[49m: Microsoft.AspNetCore.Hosting.Diagnostics[2]
      Request finished HTTP/2 POST http://ilpp/UnityILPP.PostProcessing/PostProcessAssembly application/grpc - - 200 - application/grpc 828.7455ms
[40m[32minfo[39m[22m[49m: Unity.ILPP.Runner.PostProcessingPipeline[0]
      Processing assembly Library/Bee/artifacts/1300b0aE.dag/Unity.RenderPipelines.Core.Runtime.dll, with 150 defines and 278 references
[40m[32minfo[39m[22m[49m: Unity.ILPP.Runner.PostProcessingPipeline[0]
      processors: Unity.Jobs.CodeGen.JobsILPostProcessor, zzzUnity.Burst.CodeGen.BurstILPostProcessor
[40m[32minfo[39m[22m[49m: Unity.ILPP.Runner.PostProcessingPipeline[0]
      running Unity.Jobs.CodeGen.JobsILPostProcessor
[40m[32minfo[39m[22m[49m: Microsoft.AspNetCore.Hosting.Diagnostics[1]
      Request starting HTTP/2 POST http://ilpp/UnityILPP.PostProcessing/PostProcessAssembly application/grpc -
[40m[32minfo[39m[22m[49m: Microsoft.AspNetCore.Routing.EndpointMiddleware[0]
      Executing endpoint 'gRPC - /UnityILPP.PostProcessing/PostProcessAssembly'
[40m[32minfo[39m[22m[49m: Unity.ILPP.Runner.PostProcessingPipeline[0]
      Processing assembly Library/Bee/artifacts/1300b0aE.dag/Unity.RenderPipelines.Core.Runtime.Shared.dll, with 147 defines and 275 references
[40m[32minfo[39m[22m[49m: Unity.ILPP.Runner.PostProcessingPipeline[0]
      processors: Unity.Jobs.CodeGen.JobsILPostProcessor, zzzUnity.Burst.CodeGen.BurstILPostProcessor
[40m[32minfo[39m[22m[49m: Unity.ILPP.Runner.PostProcessingPipeline[0]
      running Unity.Jobs.CodeGen.JobsILPostProcessor
[40m[32minfo[39m[22m[49m: Unity.ILPP.Runner.PostProcessingPipeline[0]
      running zzzUnity.Burst.CodeGen.BurstILPostProcessor
[40m[32minfo[39m[22m[49m: Microsoft.AspNetCore.Routing.EndpointMiddleware[1]
      Executed endpoint 'gRPC - /UnityILPP.PostProcessing/PostProcessAssembly'
[40m[32minfo[39m[22m[49m: Microsoft.AspNetCore.Hosting.Diagnostics[2]
      Request finished HTTP/2 POST http://ilpp/UnityILPP.PostProcessing/PostProcessAssembly application/grpc - - 200 - application/grpc 16.6640ms
[40m[32minfo[39m[22m[49m: Unity.ILPP.Runner.PostProcessingPipeline[0]
      running zzzUnity.Burst.CodeGen.BurstILPostProcessor
[40m[32minfo[39m[22m[49m: Microsoft.AspNetCore.Hosting.Diagnostics[1]
      Request starting HTTP/2 POST http://ilpp/UnityILPP.PostProcessing/PostProcessAssembly application/grpc -
[40m[32minfo[39m[22m[49m: Microsoft.AspNetCore.Routing.EndpointMiddleware[0]
      Executing endpoint 'gRPC - /UnityILPP.PostProcessing/PostProcessAssembly'
[40m[32minfo[39m[22m[49m: Unity.ILPP.Runner.PostProcessingPipeline[0]
      Processing assembly Library/Bee/artifacts/1300b0aE.dag/Unity.RenderPipelines.ShaderGraph.ShaderGraphLibrary.dll, with 147 defines and 274 references
[40m[32minfo[39m[22m[49m: Unity.ILPP.Runner.PostProcessingPipeline[0]
      processors: Unity.Jobs.CodeGen.JobsILPostProcessor, zzzUnity.Burst.CodeGen.BurstILPostProcessor
[40m[32minfo[39m[22m[49m: Microsoft.AspNetCore.Hosting.Diagnostics[1]
      Request starting HTTP/2 POST http://ilpp/UnityILPP.PostProcessing/PostProcessAssembly application/grpc -
[40m[32minfo[39m[22m[49m: Microsoft.AspNetCore.Routing.EndpointMiddleware[0]
      Executing endpoint 'gRPC - /UnityILPP.PostProcessing/PostProcessAssembly'
[40m[32minfo[39m[22m[49m: Unity.ILPP.Runner.PostProcessingPipeline[0]
      running Unity.Jobs.CodeGen.JobsILPostProcessor
[40m[32minfo[39m[22m[49m: Unity.ILPP.Runner.PostProcessingPipeline[0]
      running zzzUnity.Burst.CodeGen.BurstILPostProcessor
[40m[32minfo[39m[22m[49m: Microsoft.AspNetCore.Routing.EndpointMiddleware[1]
      Executed endpoint 'gRPC - /UnityILPP.PostProcessing/PostProcessAssembly'
[40m[32minfo[39m[22m[49m: Microsoft.AspNetCore.Hosting.Diagnostics[2]
      Request finished HTTP/2 POST http://ilpp/UnityILPP.PostProcessing/PostProcessAssembly application/grpc - - 200 - application/grpc 12.9615ms
[40m[32minfo[39m[22m[49m: Unity.ILPP.Runner.PostProcessingPipeline[0]
      Processing assembly Library/Bee/artifacts/1300b0aE.dag/Unity.RenderPipelines.Universal.Runtime.dll, with 154 defines and 282 references
[40m[32minfo[39m[22m[49m: Unity.ILPP.Runner.PostProcessingPipeline[0]
      processors: Unity.Jobs.CodeGen.JobsILPostProcessor, zzzUnity.Burst.CodeGen.BurstILPostProcessor
[40m[32minfo[39m[22m[49m: Unity.ILPP.Runner.PostProcessingPipeline[0]
      running Unity.Jobs.CodeGen.JobsILPostProcessor
[40m[32minfo[39m[22m[49m: Unity.ILPP.Runner.PostProcessingPipeline[0]
      running zzzUnity.Burst.CodeGen.BurstILPostProcessor
[40m[32minfo[39m[22m[49m: Microsoft.AspNetCore.Hosting.Diagnostics[1]
      Request starting HTTP/2 POST http://ilpp/UnityILPP.PostProcessing/PostProcessAssembly application/grpc -
[40m[32minfo[39m[22m[49m: Microsoft.AspNetCore.Routing.EndpointMiddleware[0]
      Executing endpoint 'gRPC - /UnityILPP.PostProcessing/PostProcessAssembly'
[40m[32minfo[39m[22m[49m: Microsoft.AspNetCore.Routing.EndpointMiddleware[1]
      Executed endpoint 'gRPC - /UnityILPP.PostProcessing/PostProcessAssembly'
[40m[32minfo[39m[22m[49m: Microsoft.AspNetCore.Hosting.Diagnostics[2]
      Request finished HTTP/2 POST http://ilpp/UnityILPP.PostProcessing/PostProcessAssembly application/grpc - - 200 - application/grpc 195.8831ms
[40m[32minfo[39m[22m[49m: Unity.ILPP.Runner.PostProcessingPipeline[0]
      Processing assembly Library/Bee/artifacts/1300b0aE.dag/UniWebView-CSharp.dll, with 147 defines and 275 references
[40m[32minfo[39m[22m[49m: Unity.ILPP.Runner.PostProcessingPipeline[0]
      processors: Unity.Jobs.CodeGen.JobsILPostProcessor, zzzUnity.Burst.CodeGen.BurstILPostProcessor
[40m[32minfo[39m[22m[49m: Unity.ILPP.Runner.PostProcessingPipeline[0]
      running Unity.Jobs.CodeGen.JobsILPostProcessor
[40m[32minfo[39m[22m[49m: Unity.ILPP.Runner.PostProcessingPipeline[0]
      running zzzUnity.Burst.CodeGen.BurstILPostProcessor
[40m[32minfo[39m[22m[49m: Microsoft.AspNetCore.Routing.EndpointMiddleware[1]
      Executed endpoint 'gRPC - /UnityILPP.PostProcessing/PostProcessAssembly'
[40m[32minfo[39m[22m[49m: Microsoft.AspNetCore.Hosting.Diagnostics[2]
      Request finished HTTP/2 POST http://ilpp/UnityILPP.PostProcessing/PostProcessAssembly application/grpc - - 200 - application/grpc 28.6150ms
[40m[32minfo[39m[22m[49m: Microsoft.AspNetCore.Routing.EndpointMiddleware[1]
      Executed endpoint 'gRPC - /UnityILPP.PostProcessing/PostProcessAssembly'
[40m[32minfo[39m[22m[49m: Microsoft.AspNetCore.Hosting.Diagnostics[2]
      Request finished HTTP/2 POST http://ilpp/UnityILPP.PostProcessing/PostProcessAssembly application/grpc - - 200 - application/grpc 103.1387ms
[40m[32minfo[39m[22m[49m: Microsoft.AspNetCore.Hosting.Diagnostics[1]
      Request starting HTTP/2 POST http://ilpp/UnityILPP.PostProcessing/PostProcessAssembly application/grpc -
[40m[32minfo[39m[22m[49m: Microsoft.AspNetCore.Routing.EndpointMiddleware[0]
      Executing endpoint 'gRPC - /UnityILPP.PostProcessing/PostProcessAssembly'
[40m[32minfo[39m[22m[49m: Unity.ILPP.Runner.PostProcessingPipeline[0]
      Processing assembly Library/Bee/artifacts/1300b0aE.dag/Unity.InputSystem.dll, with 158 defines and 274 references
[40m[32minfo[39m[22m[49m: Unity.ILPP.Runner.PostProcessingPipeline[0]
      processors: Unity.Jobs.CodeGen.JobsILPostProcessor, zzzUnity.Burst.CodeGen.BurstILPostProcessor
[40m[32minfo[39m[22m[49m: Unity.ILPP.Runner.PostProcessingPipeline[0]
      running Unity.Jobs.CodeGen.JobsILPostProcessor
[40m[32minfo[39m[22m[49m: Unity.ILPP.Runner.PostProcessingPipeline[0]
      running zzzUnity.Burst.CodeGen.BurstILPostProcessor
[40m[32minfo[39m[22m[49m: Microsoft.AspNetCore.Routing.EndpointMiddleware[1]
      Executed endpoint 'gRPC - /UnityILPP.PostProcessing/PostProcessAssembly'
[40m[32minfo[39m[22m[49m: Microsoft.AspNetCore.Hosting.Diagnostics[2]
      Request finished HTTP/2 POST http://ilpp/UnityILPP.PostProcessing/PostProcessAssembly application/grpc - - 200 - application/grpc 7.3312ms
[40m[32minfo[39m[22m[49m: Microsoft.AspNetCore.Hosting.Diagnostics[1]
      Request starting HTTP/2 POST http://ilpp/UnityILPP.PostProcessing/PostProcessAssembly application/grpc -
[40m[32minfo[39m[22m[49m: Microsoft.AspNetCore.Routing.EndpointMiddleware[0]
      Executing endpoint 'gRPC - /UnityILPP.PostProcessing/PostProcessAssembly'
[40m[32minfo[39m[22m[49m: Unity.ILPP.Runner.PostProcessingPipeline[0]
      Processing assembly Library/Bee/artifacts/1300b0aE.dag/Unity.RenderPipelines.Universal.Shaders.dll, with 147 defines and 274 references
[40m[32minfo[39m[22m[49m: Unity.ILPP.Runner.PostProcessingPipeline[0]
      processors: Unity.Jobs.CodeGen.JobsILPostProcessor, zzzUnity.Burst.CodeGen.BurstILPostProcessor
[40m[32minfo[39m[22m[49m: Unity.ILPP.Runner.PostProcessingPipeline[0]
      running Unity.Jobs.CodeGen.JobsILPostProcessor
[40m[32minfo[39m[22m[49m: Unity.ILPP.Runner.PostProcessingPipeline[0]
      running zzzUnity.Burst.CodeGen.BurstILPostProcessor
[40m[32minfo[39m[22m[49m: Microsoft.AspNetCore.Routing.EndpointMiddleware[1]
      Executed endpoint 'gRPC - /UnityILPP.PostProcessing/PostProcessAssembly'
[40m[32minfo[39m[22m[49m: Microsoft.AspNetCore.Hosting.Diagnostics[2]
      Request finished HTTP/2 POST http://ilpp/UnityILPP.PostProcessing/PostProcessAssembly application/grpc - - 200 - application/grpc 7.7110ms
[40m[32minfo[39m[22m[49m: Microsoft.AspNetCore.Hosting.Diagnostics[1]
      Request starting HTTP/2 POST http://ilpp/UnityILPP.PostProcessing/PostProcessAssembly application/grpc -
[40m[32minfo[39m[22m[49m: Microsoft.AspNetCore.Routing.EndpointMiddleware[0]
      Executing endpoint 'gRPC - /UnityILPP.PostProcessing/PostProcessAssembly'
[40m[32minfo[39m[22m[49m: Unity.ILPP.Runner.PostProcessingPipeline[0]
      Processing assembly Library/Bee/artifacts/1300b0aE.dag/Unity.AI.Navigation.dll, with 148 defines and 274 references
[40m[32minfo[39m[22m[49m: Unity.ILPP.Runner.PostProcessingPipeline[0]
      processors: Unity.Jobs.CodeGen.JobsILPostProcessor, zzzUnity.Burst.CodeGen.BurstILPostProcessor
[40m[32minfo[39m[22m[49m: Unity.ILPP.Runner.PostProcessingPipeline[0]
      running Unity.Jobs.CodeGen.JobsILPostProcessor
[40m[32minfo[39m[22m[49m: Unity.ILPP.Runner.PostProcessingPipeline[0]
      running zzzUnity.Burst.CodeGen.BurstILPostProcessor
[40m[32minfo[39m[22m[49m: Microsoft.AspNetCore.Routing.EndpointMiddleware[1]
      Executed endpoint 'gRPC - /UnityILPP.PostProcessing/PostProcessAssembly'
[40m[32minfo[39m[22m[49m: Microsoft.AspNetCore.Hosting.Diagnostics[2]
      Request finished HTTP/2 POST http://ilpp/UnityILPP.PostProcessing/PostProcessAssembly application/grpc - - 200 - application/grpc 3.1641ms
[40m[32minfo[39m[22m[49m: Microsoft.AspNetCore.Hosting.Diagnostics[1]
      Request starting HTTP/2 POST http://ilpp/UnityILPP.PostProcessing/PostProcessAssembly application/grpc -
[40m[32minfo[39m[22m[49m: Microsoft.AspNetCore.Routing.EndpointMiddleware[0]
      Executing endpoint 'gRPC - /UnityILPP.PostProcessing/PostProcessAssembly'
[40m[32minfo[39m[22m[49m: Unity.ILPP.Runner.PostProcessingPipeline[0]
      Processing assembly Library/Bee/artifacts/1300b0aE.dag/Unity.RenderPipelines.GPUDriven.Runtime.dll, with 147 defines and 278 references
[40m[32minfo[39m[22m[49m: Unity.ILPP.Runner.PostProcessingPipeline[0]
      processors: Unity.Jobs.CodeGen.JobsILPostProcessor, zzzUnity.Burst.CodeGen.BurstILPostProcessor
[40m[32minfo[39m[22m[49m: Unity.ILPP.Runner.PostProcessingPipeline[0]
      running Unity.Jobs.CodeGen.JobsILPostProcessor
[40m[32minfo[39m[22m[49m: Microsoft.AspNetCore.Hosting.Diagnostics[1]
      Request starting HTTP/2 POST http://ilpp/UnityILPP.PostProcessing/PostProcessAssembly application/grpc -
[40m[32minfo[39m[22m[49m: Microsoft.AspNetCore.Routing.EndpointMiddleware[0]
      Executing endpoint 'gRPC - /UnityILPP.PostProcessing/PostProcessAssembly'
[40m[32minfo[39m[22m[49m: Unity.ILPP.Runner.PostProcessingPipeline[0]
      running zzzUnity.Burst.CodeGen.BurstILPostProcessor
[40m[32minfo[39m[22m[49m: Unity.ILPP.Runner.PostProcessingPipeline[0]
      Processing assembly Library/Bee/artifacts/1300b0aE.dag/Unity.UnifiedRayTracing.Runtime.dll, with 148 defines and 277 references
[40m[32minfo[39m[22m[49m: Unity.ILPP.Runner.PostProcessingPipeline[0]
      processors: Unity.Jobs.CodeGen.JobsILPostProcessor, zzzUnity.Burst.CodeGen.BurstILPostProcessor
[40m[32minfo[39m[22m[49m: Unity.ILPP.Runner.PostProcessingPipeline[0]
      running Unity.Jobs.CodeGen.JobsILPostProcessor
[40m[32minfo[39m[22m[49m: Unity.ILPP.Runner.PostProcessingPipeline[0]
      running zzzUnity.Burst.CodeGen.BurstILPostProcessor
[40m[32minfo[39m[22m[49m: Microsoft.AspNetCore.Hosting.Diagnostics[1]
      Request starting HTTP/2 POST http://ilpp/UnityILPP.PostProcessing/PostProcessAssembly application/grpc -
[40m[32minfo[39m[22m[49m: Microsoft.AspNetCore.Routing.EndpointMiddleware[0]
      Executing endpoint 'gRPC - /UnityILPP.PostProcessing/PostProcessAssembly'
[40m[32minfo[39m[22m[49m: Microsoft.AspNetCore.Routing.EndpointMiddleware[1]
      Executed endpoint 'gRPC - /UnityILPP.PostProcessing/PostProcessAssembly'
[40m[32minfo[39m[22m[49m: Microsoft.AspNetCore.Hosting.Diagnostics[2]
      Request finished HTTP/2 POST http://ilpp/UnityILPP.PostProcessing/PostProcessAssembly application/grpc - - 200 - application/grpc 101.3335ms
[40m[32minfo[39m[22m[49m: Microsoft.AspNetCore.Hosting.Diagnostics[1]
      Request starting HTTP/2 POST http://ilpp/UnityILPP.PostProcessing/PostProcessAssembly application/grpc -
[40m[32minfo[39m[22m[49m: Microsoft.AspNetCore.Routing.EndpointMiddleware[0]
      Executing endpoint 'gRPC - /UnityILPP.PostProcessing/PostProcessAssembly'
[40m[32minfo[39m[22m[49m: Microsoft.AspNetCore.Hosting.Diagnostics[1]
      Request starting HTTP/2 POST http://ilpp/UnityILPP.PostProcessing/PostProcessAssembly application/grpc -
[40m[32minfo[39m[22m[49m: Microsoft.AspNetCore.Routing.EndpointMiddleware[0]
      Executing endpoint 'gRPC - /UnityILPP.PostProcessing/PostProcessAssembly'
[40m[32minfo[39m[22m[49m: Unity.ILPP.Runner.PostProcessingPipeline[0]
      Processing assembly Library/Bee/artifacts/1300b0aE.dag/Assembly-CSharp.dll, with 147 defines and 316 references
[40m[32minfo[39m[22m[49m: Unity.ILPP.Runner.PostProcessingPipeline[0]
      processors: Unity.Jobs.CodeGen.JobsILPostProcessor, zzzUnity.Burst.CodeGen.BurstILPostProcessor
[40m[32minfo[39m[22m[49m: Unity.ILPP.Runner.PostProcessingPipeline[0]
      running Unity.Jobs.CodeGen.JobsILPostProcessor
[40m[32minfo[39m[22m[49m: Unity.ILPP.Runner.PostProcessingPipeline[0]
      running zzzUnity.Burst.CodeGen.BurstILPostProcessor
[40m[32minfo[39m[22m[49m: Unity.ILPP.Runner.PostProcessingPipeline[0]
      Processing assembly Library/Bee/artifacts/1300b0aE.dag/Unity.VisualScripting.Core.dll, with 152 defines and 275 references
[40m[32minfo[39m[22m[49m: Unity.ILPP.Runner.PostProcessingPipeline[0]
      processors: Unity.Jobs.CodeGen.JobsILPostProcessor, zzzUnity.Burst.CodeGen.BurstILPostProcessor
[40m[32minfo[39m[22m[49m: Unity.ILPP.Runner.PostProcessingPipeline[0]
      running Unity.Jobs.CodeGen.JobsILPostProcessor
[40m[32minfo[39m[22m[49m: Microsoft.AspNetCore.Hosting.Diagnostics[1]
      Request starting HTTP/2 POST http://ilpp/UnityILPP.PostProcessing/PostProcessAssembly application/grpc -
[40m[32minfo[39m[22m[49m: Unity.ILPP.Runner.PostProcessingPipeline[0]
      running zzzUnity.Burst.CodeGen.BurstILPostProcessor
[40m[32minfo[39m[22m[49m: Microsoft.AspNetCore.Routing.EndpointMiddleware[0]
      Executing endpoint 'gRPC - /UnityILPP.PostProcessing/PostProcessAssembly'
[40m[32minfo[39m[22m[49m: Microsoft.AspNetCore.Routing.EndpointMiddleware[1]
      Executed endpoint 'gRPC - /UnityILPP.PostProcessing/PostProcessAssembly'
[40m[32minfo[39m[22m[49m: Microsoft.AspNetCore.Hosting.Diagnostics[2]
      Request finished HTTP/2 POST http://ilpp/UnityILPP.PostProcessing/PostProcessAssembly application/grpc - - 200 - application/grpc 46.0495ms
[40m[32minfo[39m[22m[49m: Unity.ILPP.Runner.PostProcessingPipeline[0]
      Processing assembly Library/Bee/artifacts/1300b0aE.dag/Unity.Mathematics.Editor.dll, with 145 defines and 287 references
[40m[32minfo[39m[22m[49m: Unity.ILPP.Runner.PostProcessingPipeline[0]
      processors: Unity.Jobs.CodeGen.JobsILPostProcessor, zzzUnity.Burst.CodeGen.BurstILPostProcessor
[40m[32minfo[39m[22m[49m: Unity.ILPP.Runner.PostProcessingPipeline[0]
      running Unity.Jobs.CodeGen.JobsILPostProcessor
[40m[32minfo[39m[22m[49m: Unity.ILPP.Runner.PostProcessingPipeline[0]
      running zzzUnity.Burst.CodeGen.BurstILPostProcessor
[40m[32minfo[39m[22m[49m: Microsoft.AspNetCore.Hosting.Diagnostics[1]
      Request starting HTTP/2 POST http://ilpp/UnityILPP.PostProcessing/PostProcessAssembly application/grpc -
[40m[32minfo[39m[22m[49m: Microsoft.AspNetCore.Routing.EndpointMiddleware[0]
      Executing endpoint 'gRPC - /UnityILPP.PostProcessing/PostProcessAssembly'
[40m[32minfo[39m[22m[49m: Microsoft.AspNetCore.Hosting.Diagnostics[1]
      Request starting HTTP/2 POST http://ilpp/UnityILPP.PostProcessing/PostProcessAssembly application/grpc -
[40m[32minfo[39m[22m[49m: Microsoft.AspNetCore.Routing.EndpointMiddleware[0]
      Executing endpoint 'gRPC - /UnityILPP.PostProcessing/PostProcessAssembly'
[40m[32minfo[39m[22m[49m: Microsoft.AspNetCore.Routing.EndpointMiddleware[1]
      Executed endpoint 'gRPC - /UnityILPP.PostProcessing/PostProcessAssembly'
[40m[32minfo[39m[22m[49m: Microsoft.AspNetCore.Hosting.Diagnostics[2]
      Request finished HTTP/2 POST http://ilpp/UnityILPP.PostProcessing/PostProcessAssembly application/grpc - - 200 - application/grpc 55.9999ms
[40m[32minfo[39m[22m[49m: Unity.ILPP.Runner.PostProcessingPipeline[0]
      Processing assembly Library/Bee/artifacts/1300b0aE.dag/PPv2URPConverters.dll, with 145 defines and 290 references
[40m[32minfo[39m[22m[49m: Unity.ILPP.Runner.PostProcessingPipeline[0]
      processors: Unity.Jobs.CodeGen.JobsILPostProcessor, zzzUnity.Burst.CodeGen.BurstILPostProcessor
[40m[32minfo[39m[22m[49m: Unity.ILPP.Runner.PostProcessingPipeline[0]
      running Unity.Jobs.CodeGen.JobsILPostProcessor
[40m[32minfo[39m[22m[49m: Unity.ILPP.Runner.PostProcessingPipeline[0]
      running zzzUnity.Burst.CodeGen.BurstILPostProcessor
[40m[32minfo[39m[22m[49m: Microsoft.AspNetCore.Routing.EndpointMiddleware[1]
      Executed endpoint 'gRPC - /UnityILPP.PostProcessing/PostProcessAssembly'
[40m[32minfo[39m[22m[49m: Microsoft.AspNetCore.Hosting.Diagnostics[2]
      Request finished HTTP/2 POST http://ilpp/UnityILPP.PostProcessing/PostProcessAssembly application/grpc - - 200 - application/grpc 13.8916ms
[40m[32minfo[39m[22m[49m: Unity.ILPP.Runner.PostProcessingPipeline[0]
      Processing assembly Library/Bee/artifacts/1300b0aE.dag/Unity.RenderPipelines.Core.Editor.Shared.dll, with 145 defines and 287 references
[40m[32minfo[39m[22m[49m: Unity.ILPP.Runner.PostProcessingPipeline[0]
      processors: Unity.Jobs.CodeGen.JobsILPostProcessor, zzzUnity.Burst.CodeGen.BurstILPostProcessor
[40m[32minfo[39m[22m[49m: Unity.ILPP.Runner.PostProcessingPipeline[0]
      running Unity.Jobs.CodeGen.JobsILPostProcessor
[40m[32minfo[39m[22m[49m: Unity.ILPP.Runner.PostProcessingPipeline[0]
      running zzzUnity.Burst.CodeGen.BurstILPostProcessor
[40m[32minfo[39m[22m[49m: Microsoft.AspNetCore.Routing.EndpointMiddleware[1]
      Executed endpoint 'gRPC - /UnityILPP.PostProcessing/PostProcessAssembly'
[40m[32minfo[39m[22m[49m: Microsoft.AspNetCore.Hosting.Diagnostics[2]
      Request finished HTTP/2 POST http://ilpp/UnityILPP.PostProcessing/PostProcessAssembly application/grpc - - 200 - application/grpc 102.1089ms
[40m[32minfo[39m[22m[49m: Microsoft.AspNetCore.Routing.EndpointMiddleware[1]
      Executed endpoint 'gRPC - /UnityILPP.PostProcessing/PostProcessAssembly'
[40m[32minfo[39m[22m[49m: Microsoft.AspNetCore.Hosting.Diagnostics[2]
      Request finished HTTP/2 POST http://ilpp/UnityILPP.PostProcessing/PostProcessAssembly application/grpc - - 200 - application/grpc 26.0705ms
[40m[32minfo[39m[22m[49m: Microsoft.AspNetCore.Routing.EndpointMiddleware[1]
      Executed endpoint 'gRPC - /UnityILPP.PostProcessing/PostProcessAssembly'
[40m[32minfo[39m[22m[49m: Microsoft.AspNetCore.Hosting.Diagnostics[2]
      Request finished HTTP/2 POST http://ilpp/UnityILPP.PostProcessing/PostProcessAssembly application/grpc - - 200 - application/grpc 257.0277ms
[40m[32minfo[39m[22m[49m: Unity.ILPP.Runner.PostProcessingPipeline[0]
      Processing assembly Library/Bee/artifacts/1300b0aE.dag/Assembly-CSharp-Editor.dll, with 145 defines and 339 references
[40m[32minfo[39m[22m[49m: Unity.ILPP.Runner.PostProcessingPipeline[0]
      processors: Unity.Jobs.CodeGen.JobsILPostProcessor, zzzUnity.Burst.CodeGen.BurstILPostProcessor
[40m[32minfo[39m[22m[49m: Unity.ILPP.Runner.PostProcessingPipeline[0]
      running Unity.Jobs.CodeGen.JobsILPostProcessor
[40m[32minfo[39m[22m[49m: Unity.ILPP.Runner.PostProcessingPipeline[0]
      running zzzUnity.Burst.CodeGen.BurstILPostProcessor
[40m[32minfo[39m[22m[49m: Microsoft.AspNetCore.Routing.EndpointMiddleware[1]
      Executed endpoint 'gRPC - /UnityILPP.PostProcessing/PostProcessAssembly'
[40m[32minfo[39m[22m[49m: Microsoft.AspNetCore.Hosting.Diagnostics[2]
      Request finished HTTP/2 POST http://ilpp/UnityILPP.PostProcessing/PostProcessAssembly application/grpc - - 200 - application/grpc 67.8326ms
[40m[32minfo[39m[22m[49m: Microsoft.AspNetCore.Hosting.Diagnostics[1]
      Request starting HTTP/2 POST http://ilpp/UnityILPP.PostProcessing/PostProcessAssembly application/grpc -
[40m[32minfo[39m[22m[49m: Microsoft.AspNetCore.Routing.EndpointMiddleware[0]
      Executing endpoint 'gRPC - /UnityILPP.PostProcessing/PostProcessAssembly'
[40m[32minfo[39m[22m[49m: Unity.ILPP.Runner.PostProcessingPipeline[0]
      Processing assembly Library/Bee/artifacts/1300b0aE.dag/Unity.VisualScripting.Core.Editor.dll, with 145 defines and 287 references
[40m[32minfo[39m[22m[49m: Unity.ILPP.Runner.PostProcessingPipeline[0]
      processors: Unity.Jobs.CodeGen.JobsILPostProcessor, zzzUnity.Burst.CodeGen.BurstILPostProcessor
[40m[32minfo[39m[22m[49m: Unity.ILPP.Runner.PostProcessingPipeline[0]
      running Unity.Jobs.CodeGen.JobsILPostProcessor
[40m[32minfo[39m[22m[49m: Unity.ILPP.Runner.PostProcessingPipeline[0]
      running zzzUnity.Burst.CodeGen.BurstILPostProcessor
[40m[32minfo[39m[22m[49m: Microsoft.AspNetCore.Routing.EndpointMiddleware[1]
      Executed endpoint 'gRPC - /UnityILPP.PostProcessing/PostProcessAssembly'
[40m[32minfo[39m[22m[49m: Microsoft.AspNetCore.Hosting.Diagnostics[2]
      Request finished HTTP/2 POST http://ilpp/UnityILPP.PostProcessing/PostProcessAssembly application/grpc - - 200 - application/grpc 5.3003ms
[40m[32minfo[39m[22m[49m: Microsoft.AspNetCore.Hosting.Diagnostics[1]
      Request starting HTTP/2 POST http://ilpp/UnityILPP.PostProcessing/PostProcessAssembly application/grpc -
[40m[32minfo[39m[22m[49m: Microsoft.AspNetCore.Routing.EndpointMiddleware[0]
      Executing endpoint 'gRPC - /UnityILPP.PostProcessing/PostProcessAssembly'
[40m[32minfo[39m[22m[49m: Unity.ILPP.Runner.PostProcessingPipeline[0]
      Processing assembly Library/Bee/artifacts/1300b0aE.dag/UnityEditor.UI.Analytics.dll, with 145 defines and 287 references
[40m[32minfo[39m[22m[49m: Unity.ILPP.Runner.PostProcessingPipeline[0]
      processors: Unity.Jobs.CodeGen.JobsILPostProcessor, zzzUnity.Burst.CodeGen.BurstILPostProcessor
[40m[32minfo[39m[22m[49m: Unity.ILPP.Runner.PostProcessingPipeline[0]
      running Unity.Jobs.CodeGen.JobsILPostProcessor
[40m[32minfo[39m[22m[49m: Unity.ILPP.Runner.PostProcessingPipeline[0]
      running zzzUnity.Burst.CodeGen.BurstILPostProcessor
[40m[32minfo[39m[22m[49m: Microsoft.AspNetCore.Routing.EndpointMiddleware[1]
      Executed endpoint 'gRPC - /UnityILPP.PostProcessing/PostProcessAssembly'
[40m[32minfo[39m[22m[49m: Microsoft.AspNetCore.Hosting.Diagnostics[2]
      Request finished HTTP/2 POST http://ilpp/UnityILPP.PostProcessing/PostProcessAssembly application/grpc - - 200 - application/grpc 3.1880ms
[40m[32minfo[39m[22m[49m: Microsoft.AspNetCore.Hosting.Diagnostics[1]
      Request starting HTTP/2 POST http://ilpp/UnityILPP.PostProcessing/PostProcessAssembly application/grpc -
[40m[32minfo[39m[22m[49m: Microsoft.AspNetCore.Routing.EndpointMiddleware[0]
      Executing endpoint 'gRPC - /UnityILPP.PostProcessing/PostProcessAssembly'
[40m[32minfo[39m[22m[49m: Unity.ILPP.Runner.PostProcessingPipeline[0]
      Processing assembly Library/Bee/artifacts/1300b0aE.dag/Unity.Collections.Editor.dll, with 146 defines and 287 references
[40m[32minfo[39m[22m[49m: Unity.ILPP.Runner.PostProcessingPipeline[0]
      processors: Unity.Jobs.CodeGen.JobsILPostProcessor, zzzUnity.Burst.CodeGen.BurstILPostProcessor
[40m[32minfo[39m[22m[49m: Unity.ILPP.Runner.PostProcessingPipeline[0]
      running Unity.Jobs.CodeGen.JobsILPostProcessor
[40m[32minfo[39m[22m[49m: Unity.ILPP.Runner.PostProcessingPipeline[0]
      running zzzUnity.Burst.CodeGen.BurstILPostProcessor
[40m[32minfo[39m[22m[49m: Microsoft.AspNetCore.Routing.EndpointMiddleware[1]
      Executed endpoint 'gRPC - /UnityILPP.PostProcessing/PostProcessAssembly'
[40m[32minfo[39m[22m[49m: Microsoft.AspNetCore.Hosting.Diagnostics[2]
      Request finished HTTP/2 POST http://ilpp/UnityILPP.PostProcessing/PostProcessAssembly application/grpc - - 200 - application/grpc 4.3807ms
[40m[32minfo[39m[22m[49m: Microsoft.AspNetCore.Hosting.Diagnostics[1]
      Request starting HTTP/2 POST http://ilpp/UnityILPP.PostProcessing/PostProcessAssembly application/grpc -
[40m[32minfo[39m[22m[49m: Microsoft.AspNetCore.Routing.EndpointMiddleware[0]
      Executing endpoint 'gRPC - /UnityILPP.PostProcessing/PostProcessAssembly'
[40m[32minfo[39m[22m[49m: Unity.ILPP.Runner.PostProcessingPipeline[0]
      Processing assembly Library/Bee/artifacts/1300b0aE.dag/Unity.RenderPipelines.Universal.Editor.dll, with 147 defines and 296 references
[40m[32minfo[39m[22m[49m: Unity.ILPP.Runner.PostProcessingPipeline[0]
      processors: Unity.Jobs.CodeGen.JobsILPostProcessor, zzzUnity.Burst.CodeGen.BurstILPostProcessor
[40m[32minfo[39m[22m[49m: Unity.ILPP.Runner.PostProcessingPipeline[0]
      running Unity.Jobs.CodeGen.JobsILPostProcessor
[40m[32minfo[39m[22m[49m: Unity.ILPP.Runner.PostProcessingPipeline[0]
      running zzzUnity.Burst.CodeGen.BurstILPostProcessor
[40m[32minfo[39m[22m[49m: Microsoft.AspNetCore.Routing.EndpointMiddleware[1]
      Executed endpoint 'gRPC - /UnityILPP.PostProcessing/PostProcessAssembly'
[40m[32minfo[39m[22m[49m: Microsoft.AspNetCore.Hosting.Diagnostics[2]
      Request finished HTTP/2 POST http://ilpp/UnityILPP.PostProcessing/PostProcessAssembly application/grpc - - 200 - application/grpc 46.5958ms
[40m[32minfo[39m[22m[49m: Microsoft.AspNetCore.Hosting.Diagnostics[1]
      Request starting HTTP/2 POST http://ilpp/UnityILPP.PostProcessing/PostProcessAssembly application/grpc -
[40m[32minfo[39m[22m[49m: Microsoft.AspNetCore.Routing.EndpointMiddleware[0]
      Executing endpoint 'gRPC - /UnityILPP.PostProcessing/PostProcessAssembly'
[40m[32minfo[39m[22m[49m: Unity.ILPP.Runner.PostProcessingPipeline[0]
      Processing assembly Library/Bee/artifacts/1300b0aE.dag/Unity.AI.Navigation.Updater.dll, with 145 defines and 289 references
[40m[32minfo[39m[22m[49m: Unity.ILPP.Runner.PostProcessingPipeline[0]
      processors: Unity.Jobs.CodeGen.JobsILPostProcessor, zzzUnity.Burst.CodeGen.BurstILPostProcessor
[40m[32minfo[39m[22m[49m: Unity.ILPP.Runner.PostProcessingPipeline[0]
      running Unity.Jobs.CodeGen.JobsILPostProcessor
[40m[32minfo[39m[22m[49m: Unity.ILPP.Runner.PostProcessingPipeline[0]
      running zzzUnity.Burst.CodeGen.BurstILPostProcessor
[40m[32minfo[39m[22m[49m: Microsoft.AspNetCore.Routing.EndpointMiddleware[1]
      Executed endpoint 'gRPC - /UnityILPP.PostProcessing/PostProcessAssembly'
[40m[32minfo[39m[22m[49m: Microsoft.AspNetCore.Hosting.Diagnostics[2]
      Request finished HTTP/2 POST http://ilpp/UnityILPP.PostProcessing/PostProcessAssembly application/grpc - - 200 - application/grpc 4.6395ms
[40m[32minfo[39m[22m[49m: Microsoft.AspNetCore.Hosting.Diagnostics[1]
      Request starting HTTP/2 POST http://ilpp/UnityILPP.PostProcessing/PostProcessAssembly application/grpc -
[40m[32minfo[39m[22m[49m: Microsoft.AspNetCore.Routing.EndpointMiddleware[0]
      Executing endpoint 'gRPC - /UnityILPP.PostProcessing/PostProcessAssembly'
[40m[32minfo[39m[22m[49m: Microsoft.AspNetCore.Hosting.Diagnostics[1]
      Request starting HTTP/2 POST http://ilpp/UnityILPP.PostProcessing/PostProcessAssembly application/grpc -
[40m[32minfo[39m[22m[49m: Microsoft.AspNetCore.Routing.EndpointMiddleware[0]
      Executing endpoint 'gRPC - /UnityILPP.PostProcessing/PostProcessAssembly'
[40m[32minfo[39m[22m[49m: Unity.ILPP.Runner.PostProcessingPipeline[0]
      Processing assembly Library/Bee/artifacts/1300b0aE.dag/Unity.PerformanceTesting.Editor.dll, with 146 defines and 274 references
[40m[32minfo[39m[22m[49m: Unity.ILPP.Runner.PostProcessingPipeline[0]
      processors: Unity.Jobs.CodeGen.JobsILPostProcessor, zzzUnity.Burst.CodeGen.BurstILPostProcessor
[40m[32minfo[39m[22m[49m: Unity.ILPP.Runner.PostProcessingPipeline[0]
      running Unity.Jobs.CodeGen.JobsILPostProcessor
[40m[32minfo[39m[22m[49m: Unity.ILPP.Runner.PostProcessingPipeline[0]
      running zzzUnity.Burst.CodeGen.BurstILPostProcessor
[40m[32minfo[39m[22m[49m: Microsoft.AspNetCore.Routing.EndpointMiddleware[1]
      Executed endpoint 'gRPC - /UnityILPP.PostProcessing/PostProcessAssembly'
[40m[32minfo[39m[22m[49m: Microsoft.AspNetCore.Hosting.Diagnostics[2]
      Request finished HTTP/2 POST http://ilpp/UnityILPP.PostProcessing/PostProcessAssembly application/grpc - - 200 - application/grpc 9.2014ms
[40m[32minfo[39m[22m[49m: Unity.ILPP.Runner.PostProcessingPipeline[0]
      Processing assembly Library/Bee/artifacts/1300b0aE.dag/Unity.VisualScripting.Flow.Editor.dll, with 147 defines and 290 references
[40m[32minfo[39m[22m[49m: Unity.ILPP.Runner.PostProcessingPipeline[0]
      processors: Unity.Jobs.CodeGen.JobsILPostProcessor, zzzUnity.Burst.CodeGen.BurstILPostProcessor
[40m[32minfo[39m[22m[49m: Unity.ILPP.Runner.PostProcessingPipeline[0]
      running Unity.Jobs.CodeGen.JobsILPostProcessor
[40m[32minfo[39m[22m[49m: Unity.ILPP.Runner.PostProcessingPipeline[0]
      running zzzUnity.Burst.CodeGen.BurstILPostProcessor
[40m[32minfo[39m[22m[49m: Microsoft.AspNetCore.Routing.EndpointMiddleware[1]
      Executed endpoint 'gRPC - /UnityILPP.PostProcessing/PostProcessAssembly'
[40m[32minfo[39m[22m[49m: Microsoft.AspNetCore.Hosting.Diagnostics[2]
      Request finished HTTP/2 POST http://ilpp/UnityILPP.PostProcessing/PostProcessAssembly application/grpc - - 200 - application/grpc 7.4363ms
[40m[32minfo[39m[22m[49m: Microsoft.AspNetCore.Hosting.Diagnostics[1]
      Request starting HTTP/2 POST http://ilpp/UnityILPP.PostProcessing/PostProcessAssembly application/grpc -
[40m[32minfo[39m[22m[49m: Microsoft.AspNetCore.Routing.EndpointMiddleware[0]
      Executing endpoint 'gRPC - /UnityILPP.PostProcessing/PostProcessAssembly'
[40m[32minfo[39m[22m[49m: Microsoft.AspNetCore.Hosting.Diagnostics[1]
      Request starting HTTP/2 POST http://ilpp/UnityILPP.PostProcessing/PostProcessAssembly application/grpc -
[40m[32minfo[39m[22m[49m: Microsoft.AspNetCore.Routing.EndpointMiddleware[0]
      Executing endpoint 'gRPC - /UnityILPP.PostProcessing/PostProcessAssembly'
[40m[32minfo[39m[22m[49m: Microsoft.AspNetCore.Hosting.Diagnostics[1]
      Request starting HTTP/2 POST http://ilpp/UnityILPP.PostProcessing/PostProcessAssembly application/grpc -
[40m[32minfo[39m[22m[49m: Microsoft.AspNetCore.Routing.EndpointMiddleware[0]
      Executing endpoint 'gRPC - /UnityILPP.PostProcessing/PostProcessAssembly'
[40m[32minfo[39m[22m[49m: Unity.ILPP.Runner.PostProcessingPipeline[0]
      Processing assembly Library/Bee/artifacts/1300b0aE.dag/Unity.Timeline.Editor.dll, with 146 defines and 287 references
[40m[32minfo[39m[22m[49m: Unity.ILPP.Runner.PostProcessingPipeline[0]
      processors: Unity.Jobs.CodeGen.JobsILPostProcessor, zzzUnity.Burst.CodeGen.BurstILPostProcessor
[40m[32minfo[39m[22m[49m: Unity.ILPP.Runner.PostProcessingPipeline[0]
      running Unity.Jobs.CodeGen.JobsILPostProcessor
[40m[32minfo[39m[22m[49m: Unity.ILPP.Runner.PostProcessingPipeline[0]
      running zzzUnity.Burst.CodeGen.BurstILPostProcessor
[40m[32minfo[39m[22m[49m: Microsoft.AspNetCore.Routing.EndpointMiddleware[1]
      Executed endpoint 'gRPC - /UnityILPP.PostProcessing/PostProcessAssembly'
[40m[32minfo[39m[22m[49m: Microsoft.AspNetCore.Hosting.Diagnostics[2]
      Request finished HTTP/2 POST http://ilpp/UnityILPP.PostProcessing/PostProcessAssembly application/grpc - - 200 - application/grpc 13.8738ms
[40m[32minfo[39m[22m[49m: Unity.ILPP.Runner.PostProcessingPipeline[0]
      Processing assembly Library/Bee/artifacts/1300b0aE.dag/UniWebView-CSharp.Editor.dll, with 145 defines and 286 references
[40m[32minfo[39m[22m[49m: Unity.ILPP.Runner.PostProcessingPipeline[0]
      processors: Unity.Jobs.CodeGen.JobsILPostProcessor, zzzUnity.Burst.CodeGen.BurstILPostProcessor
[40m[32minfo[39m[22m[49m: Unity.ILPP.Runner.PostProcessingPipeline[0]
      running Unity.Jobs.CodeGen.JobsILPostProcessor
[40m[32minfo[39m[22m[49m: Unity.ILPP.Runner.PostProcessingPipeline[0]
      running zzzUnity.Burst.CodeGen.BurstILPostProcessor
[40m[32minfo[39m[22m[49m: Microsoft.AspNetCore.Routing.EndpointMiddleware[1]
      Executed endpoint 'gRPC - /UnityILPP.PostProcessing/PostProcessAssembly'
[40m[32minfo[39m[22m[49m: Microsoft.AspNetCore.Hosting.Diagnostics[2]
      Request finished HTTP/2 POST http://ilpp/UnityILPP.PostProcessing/PostProcessAssembly application/grpc - - 200 - application/grpc 11.4082ms
[40m[32minfo[39m[22m[49m: Unity.ILPP.Runner.PostProcessingPipeline[0]
      Processing assembly Library/Bee/artifacts/1300b0aE.dag/Unity.Multiplayer.Center.Editor.dll, with 145 defines and 287 references
[40m[32minfo[39m[22m[49m: Unity.ILPP.Runner.PostProcessingPipeline[0]
      processors: Unity.Jobs.CodeGen.JobsILPostProcessor, zzzUnity.Burst.CodeGen.BurstILPostProcessor
[40m[32minfo[39m[22m[49m: Unity.ILPP.Runner.PostProcessingPipeline[0]
      running Unity.Jobs.CodeGen.JobsILPostProcessor
[40m[32minfo[39m[22m[49m: Unity.ILPP.Runner.PostProcessingPipeline[0]
      running zzzUnity.Burst.CodeGen.BurstILPostProcessor
[40m[32minfo[39m[22m[49m: Microsoft.AspNetCore.Routing.EndpointMiddleware[1]
      Executed endpoint 'gRPC - /UnityILPP.PostProcessing/PostProcessAssembly'
[40m[32minfo[39m[22m[49m: Microsoft.AspNetCore.Hosting.Diagnostics[2]
      Request finished HTTP/2 POST http://ilpp/UnityILPP.PostProcessing/PostProcessAssembly application/grpc - - 200 - application/grpc 22.8744ms
[40m[32minfo[39m[22m[49m: Microsoft.AspNetCore.Hosting.Diagnostics[1]
      Request starting HTTP/2 POST http://ilpp/UnityILPP.PostProcessing/PostProcessAssembly application/grpc -
[40m[32minfo[39m[22m[49m: Microsoft.AspNetCore.Routing.EndpointMiddleware[0]
      Executing endpoint 'gRPC - /UnityILPP.PostProcessing/PostProcessAssembly'
[40m[32minfo[39m[22m[49m: Unity.ILPP.Runner.PostProcessingPipeline[0]
      Processing assembly Library/Bee/artifacts/1300b0aE.dag/Unity.Burst.Editor.dll, with 145 defines and 287 references
[40m[32minfo[39m[22m[49m: Unity.ILPP.Runner.PostProcessingPipeline[0]
      processors: Unity.Jobs.CodeGen.JobsILPostProcessor, zzzUnity.Burst.CodeGen.BurstILPostProcessor
[40m[32minfo[39m[22m[49m: Unity.ILPP.Runner.PostProcessingPipeline[0]
      running Unity.Jobs.CodeGen.JobsILPostProcessor
[40m[32minfo[39m[22m[49m: Unity.ILPP.Runner.PostProcessingPipeline[0]
      running zzzUnity.Burst.CodeGen.BurstILPostProcessor
[40m[32minfo[39m[22m[49m: Microsoft.AspNetCore.Hosting.Diagnostics[1]
      Request starting HTTP/2 POST http://ilpp/UnityILPP.PostProcessing/PostProcessAssembly application/grpc -
[40m[32minfo[39m[22m[49m: Microsoft.AspNetCore.Routing.EndpointMiddleware[0]
      Executing endpoint 'gRPC - /UnityILPP.PostProcessing/PostProcessAssembly'
[40m[32minfo[39m[22m[49m: Unity.ILPP.Runner.PostProcessingPipeline[0]
      Processing assembly Library/Bee/artifacts/1300b0aE.dag/Unity.PlasticSCM.Editor.Entities.dll, with 145 defines and 287 references
[40m[32minfo[39m[22m[49m: Unity.ILPP.Runner.PostProcessingPipeline[0]
      processors: Unity.Jobs.CodeGen.JobsILPostProcessor, zzzUnity.Burst.CodeGen.BurstILPostProcessor
[40m[32minfo[39m[22m[49m: Unity.ILPP.Runner.PostProcessingPipeline[0]
      running Unity.Jobs.CodeGen.JobsILPostProcessor
[40m[32minfo[39m[22m[49m: Unity.ILPP.Runner.PostProcessingPipeline[0]
      running zzzUnity.Burst.CodeGen.BurstILPostProcessor
[40m[32minfo[39m[22m[49m: Microsoft.AspNetCore.Routing.EndpointMiddleware[1]
      Executed endpoint 'gRPC - /UnityILPP.PostProcessing/PostProcessAssembly'
[40m[32minfo[39m[22m[49m: Microsoft.AspNetCore.Hosting.Diagnostics[2]
      Request finished HTTP/2 POST http://ilpp/UnityILPP.PostProcessing/PostProcessAssembly application/grpc - - 200 - application/grpc 3.8410ms
[40m[32minfo[39m[22m[49m: Microsoft.AspNetCore.Routing.EndpointMiddleware[1]
      Executed endpoint 'gRPC - /UnityILPP.PostProcessing/PostProcessAssembly'
[40m[32minfo[39m[22m[49m: Microsoft.AspNetCore.Hosting.Diagnostics[2]
      Request finished HTTP/2 POST http://ilpp/UnityILPP.PostProcessing/PostProcessAssembly application/grpc - - 200 - application/grpc 28.8544ms
[40m[32minfo[39m[22m[49m: Microsoft.AspNetCore.Hosting.Diagnostics[1]
      Request starting HTTP/2 POST http://ilpp/UnityILPP.PostProcessing/PostProcessAssembly application/grpc -
[40m[32minfo[39m[22m[49m: Microsoft.AspNetCore.Routing.EndpointMiddleware[0]
      Executing endpoint 'gRPC - /UnityILPP.PostProcessing/PostProcessAssembly'
[40m[32minfo[39m[22m[49m: Microsoft.AspNetCore.Hosting.Diagnostics[1]
      Request starting HTTP/2 POST http://ilpp/UnityILPP.PostProcessing/PostProcessAssembly application/grpc -
[40m[32minfo[39m[22m[49m: Microsoft.AspNetCore.Routing.EndpointMiddleware[0]
      Executing endpoint 'gRPC - /UnityILPP.PostProcessing/PostProcessAssembly'
[40m[32minfo[39m[22m[49m: Microsoft.AspNetCore.Hosting.Diagnostics[1]
      Request starting HTTP/2 POST http://ilpp/UnityILPP.PostProcessing/PostProcessAssembly application/grpc -
[40m[32minfo[39m[22m[49m: Microsoft.AspNetCore.Routing.EndpointMiddleware[0]
      Executing endpoint 'gRPC - /UnityILPP.PostProcessing/PostProcessAssembly'
[40m[32minfo[39m[22m[49m: Microsoft.AspNetCore.Hosting.Diagnostics[1]
      Request starting HTTP/2 POST http://ilpp/UnityILPP.PostProcessing/PostProcessAssembly application/grpc -
[40m[32minfo[39m[22m[49m: Microsoft.AspNetCore.Routing.EndpointMiddleware[0]
      Executing endpoint 'gRPC - /UnityILPP.PostProcessing/PostProcessAssembly'
[40m[32minfo[39m[22m[49m: Unity.ILPP.Runner.PostProcessingPipeline[0]
      Processing assembly Library/Bee/artifacts/1300b0aE.dag/Unity.Searcher.Editor.dll, with 145 defines and 286 references
[40m[32minfo[39m[22m[49m: Unity.ILPP.Runner.PostProcessingPipeline[0]
      processors: Unity.Jobs.CodeGen.JobsILPostProcessor, zzzUnity.Burst.CodeGen.BurstILPostProcessor
[40m[32minfo[39m[22m[49m: Unity.ILPP.Runner.PostProcessingPipeline[0]
      running Unity.Jobs.CodeGen.JobsILPostProcessor
[40m[32minfo[39m[22m[49m: Unity.ILPP.Runner.PostProcessingPipeline[0]
      running zzzUnity.Burst.CodeGen.BurstILPostProcessor
[40m[32minfo[39m[22m[49m: Unity.ILPP.Runner.PostProcessingPipeline[0]
      Processing assembly Library/Bee/artifacts/1300b0aE.dag/Unity.InputSystem.DocCodeSamples.dll, with 145 defines and 274 references
[40m[32minfo[39m[22m[49m: Unity.ILPP.Runner.PostProcessingPipeline[0]
      processors: Unity.Jobs.CodeGen.JobsILPostProcessor, zzzUnity.Burst.CodeGen.BurstILPostProcessor
[40m[32minfo[39m[22m[49m: Unity.ILPP.Runner.PostProcessingPipeline[0]
      Processing assembly Library/Bee/artifacts/1300b0aE.dag/Unity.RenderPipelines.Universal.2D.Editor.Overrides.dll, with 146 defines and 296 references
[40m[32minfo[39m[22m[49m: Unity.ILPP.Runner.PostProcessingPipeline[0]
      processors: Unity.Jobs.CodeGen.JobsILPostProcessor, zzzUnity.Burst.CodeGen.BurstILPostProcessor
[40m[32minfo[39m[22m[49m: Unity.ILPP.Runner.PostProcessingPipeline[0]
      running Unity.Jobs.CodeGen.JobsILPostProcessor
[40m[32minfo[39m[22m[49m: Unity.ILPP.Runner.PostProcessingPipeline[0]
      running Unity.Jobs.CodeGen.JobsILPostProcessor
[40m[32minfo[39m[22m[49m: Unity.ILPP.Runner.PostProcessingPipeline[0]
      running zzzUnity.Burst.CodeGen.BurstILPostProcessor
[40m[32minfo[39m[22m[49m: Unity.ILPP.Runner.PostProcessingPipeline[0]
      running zzzUnity.Burst.CodeGen.BurstILPostProcessor
[40m[32minfo[39m[22m[49m: Microsoft.AspNetCore.Routing.EndpointMiddleware[1]
      Executed endpoint 'gRPC - /UnityILPP.PostProcessing/PostProcessAssembly'
[40m[32minfo[39m[22m[49m: Microsoft.AspNetCore.Hosting.Diagnostics[2]
      Request finished HTTP/2 POST http://ilpp/UnityILPP.PostProcessing/PostProcessAssembly application/grpc - - 200 - application/grpc 24.7555ms
[40m[32minfo[39m[22m[49m: Microsoft.AspNetCore.Hosting.Diagnostics[1]
      Request starting HTTP/2 POST http://ilpp/UnityILPP.PostProcessing/PostProcessAssembly application/grpc -
[40m[32minfo[39m[22m[49m: Unity.ILPP.Runner.PostProcessingPipeline[0]
      Processing assembly Library/Bee/artifacts/1300b0aE.dag/Unity.VisualScripting.State.Editor.dll, with 145 defines and 291 references
[40m[32minfo[39m[22m[49m: Microsoft.AspNetCore.Routing.EndpointMiddleware[0]
      Executing endpoint 'gRPC - /UnityILPP.PostProcessing/PostProcessAssembly'
[40m[32minfo[39m[22m[49m: Unity.ILPP.Runner.PostProcessingPipeline[0]
      processors: Unity.Jobs.CodeGen.JobsILPostProcessor, zzzUnity.Burst.CodeGen.BurstILPostProcessor
[40m[32minfo[39m[22m[49m: Microsoft.AspNetCore.Hosting.Diagnostics[1]
      Request starting HTTP/2 POST http://ilpp/UnityILPP.PostProcessing/PostProcessAssembly application/grpc -
[40m[32minfo[39m[22m[49m: Microsoft.AspNetCore.Routing.EndpointMiddleware[0]
      Executing endpoint 'gRPC - /UnityILPP.PostProcessing/PostProcessAssembly'
[40m[32minfo[39m[22m[49m: Unity.ILPP.Runner.PostProcessingPipeline[0]
      running Unity.Jobs.CodeGen.JobsILPostProcessor
[40m[32minfo[39m[22m[49m: Unity.ILPP.Runner.PostProcessingPipeline[0]
      running zzzUnity.Burst.CodeGen.BurstILPostProcessor
[40m[32minfo[39m[22m[49m: Microsoft.AspNetCore.Routing.EndpointMiddleware[1]
      Executed endpoint 'gRPC - /UnityILPP.PostProcessing/PostProcessAssembly'
[40m[32minfo[39m[22m[49m: Microsoft.AspNetCore.Hosting.Diagnostics[2]
      Request finished HTTP/2 POST http://ilpp/UnityILPP.PostProcessing/PostProcessAssembly application/grpc - - 200 - application/grpc 27.7555ms
[40m[32minfo[39m[22m[49m: Microsoft.AspNetCore.Routing.EndpointMiddleware[1]
      Executed endpoint 'gRPC - /UnityILPP.PostProcessing/PostProcessAssembly'
[40m[32minfo[39m[22m[49m: Microsoft.AspNetCore.Hosting.Diagnostics[2]
      Request finished HTTP/2 POST http://ilpp/UnityILPP.PostProcessing/PostProcessAssembly application/grpc - - 200 - application/grpc 29.3279ms
[40m[32minfo[39m[22m[49m: Microsoft.AspNetCore.Hosting.Diagnostics[1]
      Request starting HTTP/2 POST http://ilpp/UnityILPP.PostProcessing/PostProcessAssembly application/grpc -
[40m[32minfo[39m[22m[49m: Microsoft.AspNetCore.Routing.EndpointMiddleware[0]
      Executing endpoint 'gRPC - /UnityILPP.PostProcessing/PostProcessAssembly'
[40m[32minfo[39m[22m[49m: Microsoft.AspNetCore.Routing.EndpointMiddleware[1]
      Executed endpoint 'gRPC - /UnityILPP.PostProcessing/PostProcessAssembly'
[40m[32minfo[39m[22m[49m: Microsoft.AspNetCore.Hosting.Diagnostics[2]
      Request finished HTTP/2 POST http://ilpp/UnityILPP.PostProcessing/PostProcessAssembly application/grpc - - 200 - application/grpc 38.6627ms
[40m[32minfo[39m[22m[49m: Unity.ILPP.Runner.PostProcessingPipeline[0]
      Processing assembly Library/Bee/artifacts/1300b0aE.dag/Unity.TextMeshPro.Editor.dll, with 145 defines and 288 references
[40m[32minfo[39m[22m[49m: Unity.ILPP.Runner.PostProcessingPipeline[0]
      processors: Unity.Jobs.CodeGen.JobsILPostProcessor, zzzUnity.Burst.CodeGen.BurstILPostProcessor
[40m[32minfo[39m[22m[49m: Unity.ILPP.Runner.PostProcessingPipeline[0]
      running Unity.Jobs.CodeGen.JobsILPostProcessor
[40m[32minfo[39m[22m[49m: Unity.ILPP.Runner.PostProcessingPipeline[0]
      running zzzUnity.Burst.CodeGen.BurstILPostProcessor
[40m[32minfo[39m[22m[49m: Microsoft.AspNetCore.Routing.EndpointMiddleware[1]
      Executed endpoint 'gRPC - /UnityILPP.PostProcessing/PostProcessAssembly'
[40m[32minfo[39m[22m[49m: Microsoft.AspNetCore.Hosting.Diagnostics[2]
      Request finished HTTP/2 POST http://ilpp/UnityILPP.PostProcessing/PostProcessAssembly application/grpc - - 200 - application/grpc 11.8522ms
[40m[32minfo[39m[22m[49m: Unity.ILPP.Runner.PostProcessingPipeline[0]
      Processing assembly Library/Bee/artifacts/1300b0aE.dag/Unity.AI.Navigation.Editor.ConversionSystem.dll, with 145 defines and 286 references
[40m[32minfo[39m[22m[49m: Unity.ILPP.Runner.PostProcessingPipeline[0]
      processors: Unity.Jobs.CodeGen.JobsILPostProcessor, zzzUnity.Burst.CodeGen.BurstILPostProcessor
[40m[32minfo[39m[22m[49m: Unity.ILPP.Runner.PostProcessingPipeline[0]
      running Unity.Jobs.CodeGen.JobsILPostProcessor
[40m[32minfo[39m[22m[49m: Unity.ILPP.Runner.PostProcessingPipeline[0]
      running zzzUnity.Burst.CodeGen.BurstILPostProcessor
[40m[32minfo[39m[22m[49m: Microsoft.AspNetCore.Routing.EndpointMiddleware[1]
      Executed endpoint 'gRPC - /UnityILPP.PostProcessing/PostProcessAssembly'
[40m[32minfo[39m[22m[49m: Unity.ILPP.Runner.PostProcessingPipeline[0]
      Processing assembly Library/Bee/artifacts/1300b0aE.dag/Unity.AI.Navigation.Editor.dll, with 146 defines and 288 references
[40m[32minfo[39m[22m[49m: Unity.ILPP.Runner.PostProcessingPipeline[0]
      processors: Unity.Jobs.CodeGen.JobsILPostProcessor, zzzUnity.Burst.CodeGen.BurstILPostProcessor
[40m[32minfo[39m[22m[49m: Microsoft.AspNetCore.Hosting.Diagnostics[2]
      Request finished HTTP/2 POST http://ilpp/UnityILPP.PostProcessing/PostProcessAssembly application/grpc - - 200 - application/grpc 13.1172ms
[40m[32minfo[39m[22m[49m: Unity.ILPP.Runner.PostProcessingPipeline[0]
      running Unity.Jobs.CodeGen.JobsILPostProcessor
[40m[32minfo[39m[22m[49m: Unity.ILPP.Runner.PostProcessingPipeline[0]
      running zzzUnity.Burst.CodeGen.BurstILPostProcessor
[40m[32minfo[39m[22m[49m: Microsoft.AspNetCore.Routing.EndpointMiddleware[1]
      Executed endpoint 'gRPC - /UnityILPP.PostProcessing/PostProcessAssembly'
[40m[32minfo[39m[22m[49m: Microsoft.AspNetCore.Hosting.Diagnostics[2]
      Request finished HTTP/2 POST http://ilpp/UnityILPP.PostProcessing/PostProcessAssembly application/grpc - - 200 - application/grpc 12.2883ms
[40m[32minfo[39m[22m[49m: Microsoft.AspNetCore.Hosting.Diagnostics[1]
      Request starting HTTP/2 POST http://ilpp/UnityILPP.PostProcessing/PostProcessAssembly application/grpc -
[40m[32minfo[39m[22m[49m: Microsoft.AspNetCore.Routing.EndpointMiddleware[0]
      Executing endpoint 'gRPC - /UnityILPP.PostProcessing/PostProcessAssembly'
[40m[32minfo[39m[22m[49m: Unity.ILPP.Runner.PostProcessingPipeline[0]
      Processing assembly Library/Bee/artifacts/1300b0aE.dag/Unity.ShaderGraph.Editor.dll, with 145 defines and 290 references
[40m[32minfo[39m[22m[49m: Unity.ILPP.Runner.PostProcessingPipeline[0]
      processors: Unity.Jobs.CodeGen.JobsILPostProcessor, zzzUnity.Burst.CodeGen.BurstILPostProcessor
[40m[32minfo[39m[22m[49m: Unity.ILPP.Runner.PostProcessingPipeline[0]
      running Unity.Jobs.CodeGen.JobsILPostProcessor
[40m[32minfo[39m[22m[49m: Unity.ILPP.Runner.PostProcessingPipeline[0]
      running zzzUnity.Burst.CodeGen.BurstILPostProcessor
[40m[32minfo[39m[22m[49m: Microsoft.AspNetCore.Routing.EndpointMiddleware[1]
      Executed endpoint 'gRPC - /UnityILPP.PostProcessing/PostProcessAssembly'
[40m[32minfo[39m[22m[49m: Microsoft.AspNetCore.Hosting.Diagnostics[2]
      Request finished HTTP/2 POST http://ilpp/UnityILPP.PostProcessing/PostProcessAssembly application/grpc - - 200 - application/grpc 5.7771ms
[40m[32minfo[39m[22m[49m: Microsoft.AspNetCore.Hosting.Diagnostics[1]
      Request starting HTTP/2 POST http://ilpp/UnityILPP.PostProcessing/PostProcessAssembly application/grpc -
[40m[32minfo[39m[22m[49m: Microsoft.AspNetCore.Routing.EndpointMiddleware[0]
      Executing endpoint 'gRPC - /UnityILPP.PostProcessing/PostProcessAssembly'
[40m[32minfo[39m[22m[49m: Unity.ILPP.Runner.PostProcessingPipeline[0]
      Processing assembly Library/Bee/artifacts/1300b0aE.dag/UnityEditor.UI.dll, with 148 defines and 285 references
[40m[32minfo[39m[22m[49m: Unity.ILPP.Runner.PostProcessingPipeline[0]
      processors: Unity.Jobs.CodeGen.JobsILPostProcessor, zzzUnity.Burst.CodeGen.BurstILPostProcessor
[40m[32minfo[39m[22m[49m: Unity.ILPP.Runner.PostProcessingPipeline[0]
      running Unity.Jobs.CodeGen.JobsILPostProcessor
[40m[32minfo[39m[22m[49m: Unity.ILPP.Runner.PostProcessingPipeline[0]
      running zzzUnity.Burst.CodeGen.BurstILPostProcessor
[40m[32minfo[39m[22m[49m: Microsoft.AspNetCore.Routing.EndpointMiddleware[1]
      Executed endpoint 'gRPC - /UnityILPP.PostProcessing/PostProcessAssembly'
[40m[32minfo[39m[22m[49m: Microsoft.AspNetCore.Hosting.Diagnostics[2]
      Request finished HTTP/2 POST http://ilpp/UnityILPP.PostProcessing/PostProcessAssembly application/grpc - - 200 - application/grpc 2.8420ms
[40m[32minfo[39m[22m[49m: Microsoft.AspNetCore.Hosting.Diagnostics[1]
      Request starting HTTP/2 POST http://ilpp/UnityILPP.PostProcessing/PostProcessAssembly application/grpc -
[40m[32minfo[39m[22m[49m: Microsoft.AspNetCore.Routing.EndpointMiddleware[0]
      Executing endpoint 'gRPC - /UnityILPP.PostProcessing/PostProcessAssembly'
[40m[32minfo[39m[22m[49m: Microsoft.AspNetCore.Hosting.Diagnostics[1]
      Request starting HTTP/2 POST http://ilpp/UnityILPP.PostProcessing/PostProcessAssembly application/grpc -
[40m[32minfo[39m[22m[49m: Microsoft.AspNetCore.Routing.EndpointMiddleware[0]
      Executing endpoint 'gRPC - /UnityILPP.PostProcessing/PostProcessAssembly'
[40m[32minfo[39m[22m[49m: Microsoft.AspNetCore.Hosting.Diagnostics[1]
      Request starting HTTP/2 POST http://ilpp/UnityILPP.PostProcessing/PostProcessAssembly application/grpc -
[40m[32minfo[39m[22m[49m: Microsoft.AspNetCore.Routing.EndpointMiddleware[0]
      Executing endpoint 'gRPC - /UnityILPP.PostProcessing/PostProcessAssembly'
[40m[32minfo[39m[22m[49m: Microsoft.AspNetCore.Hosting.Diagnostics[1]
      Request starting HTTP/2 POST http://ilpp/UnityILPP.PostProcessing/PostProcessAssembly application/grpc -
[40m[32minfo[39m[22m[49m: Microsoft.AspNetCore.Routing.EndpointMiddleware[0]
      Executing endpoint 'gRPC - /UnityILPP.PostProcessing/PostProcessAssembly'
[40m[32minfo[39m[22m[49m: Unity.ILPP.Runner.PostProcessingPipeline[0]
      Processing assembly Library/Bee/artifacts/1300b0aE.dag/Unity.VisualScripting.SettingsProvider.Editor.dll, with 145 defines and 291 references
[40m[32minfo[39m[22m[49m: Unity.ILPP.Runner.PostProcessingPipeline[0]
      processors: Unity.Jobs.CodeGen.JobsILPostProcessor, zzzUnity.Burst.CodeGen.BurstILPostProcessor
[40m[32minfo[39m[22m[49m: Unity.ILPP.Runner.PostProcessingPipeline[0]
      running Unity.Jobs.CodeGen.JobsILPostProcessor
[40m[32minfo[39m[22m[49m: Unity.ILPP.Runner.PostProcessingPipeline[0]
      running zzzUnity.Burst.CodeGen.BurstILPostProcessor
[40m[32minfo[39m[22m[49m: Microsoft.AspNetCore.Routing.EndpointMiddleware[1]
      Executed endpoint 'gRPC - /UnityILPP.PostProcessing/PostProcessAssembly'
[40m[32minfo[39m[22m[49m: Microsoft.AspNetCore.Hosting.Diagnostics[2]
      Request finished HTTP/2 POST http://ilpp/UnityILPP.PostProcessing/PostProcessAssembly application/grpc - - 200 - application/grpc 19.6747ms
[40m[32minfo[39m[22m[49m: Unity.ILPP.Runner.PostProcessingPipeline[0]
      Processing assembly Library/Bee/artifacts/1300b0aE.dag/Unity.RenderPipelines.Core.Editor.dll, with 146 defines and 292 references
[40m[32minfo[39m[22m[49m: Unity.ILPP.Runner.PostProcessingPipeline[0]
      processors: Unity.Jobs.CodeGen.JobsILPostProcessor, zzzUnity.Burst.CodeGen.BurstILPostProcessor
[40m[32minfo[39m[22m[49m: Unity.ILPP.Runner.PostProcessingPipeline[0]
      running Unity.Jobs.CodeGen.JobsILPostProcessor
[40m[32minfo[39m[22m[49m: Unity.ILPP.Runner.PostProcessingPipeline[0]
      Processing assembly Library/Bee/artifacts/1300b0aE.dag/Unity.VisualScripting.Shared.Editor.dll, with 145 defines and 292 references
[40m[32minfo[39m[22m[49m: Unity.ILPP.Runner.PostProcessingPipeline[0]
      processors: Unity.Jobs.CodeGen.JobsILPostProcessor, zzzUnity.Burst.CodeGen.BurstILPostProcessor
[40m[32minfo[39m[22m[49m: Unity.ILPP.Runner.PostProcessingPipeline[0]
      running Unity.Jobs.CodeGen.JobsILPostProcessor
[40m[32minfo[39m[22m[49m: Unity.ILPP.Runner.PostProcessingPipeline[0]
      running zzzUnity.Burst.CodeGen.BurstILPostProcessor
[40m[32minfo[39m[22m[49m: Microsoft.AspNetCore.Routing.EndpointMiddleware[1]
      Executed endpoint 'gRPC - /UnityILPP.PostProcessing/PostProcessAssembly'
[40m[32minfo[39m[22m[49m: Microsoft.AspNetCore.Hosting.Diagnostics[2]
      Request finished HTTP/2 POST http://ilpp/UnityILPP.PostProcessing/PostProcessAssembly application/grpc - - 200 - application/grpc 16.4431ms
[40m[32minfo[39m[22m[49m: Unity.ILPP.Runner.PostProcessingPipeline[0]
      Processing assembly Library/Bee/artifacts/1300b0aE.dag/Unity.PlasticSCM.Editor.dll, with 145 defines and 275 references
[40m[32minfo[39m[22m[49m: Unity.ILPP.Runner.PostProcessingPipeline[0]
      processors: Unity.Jobs.CodeGen.JobsILPostProcessor, zzzUnity.Burst.CodeGen.BurstILPostProcessor
[40m[32minfo[39m[22m[49m: Unity.ILPP.Runner.PostProcessingPipeline[0]
      running Unity.Jobs.CodeGen.JobsILPostProcessor
[40m[32minfo[39m[22m[49m: Unity.ILPP.Runner.PostProcessingPipeline[0]
      running zzzUnity.Burst.CodeGen.BurstILPostProcessor
[40m[32minfo[39m[22m[49m: Microsoft.AspNetCore.Routing.EndpointMiddleware[1]
      Executed endpoint 'gRPC - /UnityILPP.PostProcessing/PostProcessAssembly'
[40m[32minfo[39m[22m[49m: Microsoft.AspNetCore.Hosting.Diagnostics[2]
      Request finished HTTP/2 POST http://ilpp/UnityILPP.PostProcessing/PostProcessAssembly application/grpc - - 200 - application/grpc 25.2605ms
[40m[32minfo[39m[22m[49m: Microsoft.AspNetCore.Hosting.Diagnostics[1]
      Request starting HTTP/2 POST http://ilpp/UnityILPP.PostProcessing/PostProcessAssembly application/grpc -
[40m[32minfo[39m[22m[49m: Microsoft.AspNetCore.Routing.EndpointMiddleware[0]
      Executing endpoint 'gRPC - /UnityILPP.PostProcessing/PostProcessAssembly'
[40m[32minfo[39m[22m[49m: Microsoft.AspNetCore.Hosting.Diagnostics[1]
      Request starting HTTP/2 POST http://ilpp/UnityILPP.PostProcessing/PostProcessAssembly application/grpc -
[40m[32minfo[39m[22m[49m: Microsoft.AspNetCore.Routing.EndpointMiddleware[0]
      Executing endpoint 'gRPC - /UnityILPP.PostProcessing/PostProcessAssembly'
[40m[32minfo[39m[22m[49m: Unity.ILPP.Runner.PostProcessingPipeline[0]
      Processing assembly Library/Bee/artifacts/1300b0aE.dag/Unity.CollabProxy.Editor.dll, with 145 defines and 287 references
[40m[32minfo[39m[22m[49m: Unity.ILPP.Runner.PostProcessingPipeline[0]
      processors: Unity.Jobs.CodeGen.JobsILPostProcessor, zzzUnity.Burst.CodeGen.BurstILPostProcessor
[40m[32minfo[39m[22m[49m: Unity.ILPP.Runner.PostProcessingPipeline[0]
      running Unity.Jobs.CodeGen.JobsILPostProcessor
[40m[32minfo[39m[22m[49m: Unity.ILPP.Runner.PostProcessingPipeline[0]
      running zzzUnity.Burst.CodeGen.BurstILPostProcessor
[40m[32minfo[39m[22m[49m: Microsoft.AspNetCore.Hosting.Diagnostics[1]
      Request starting HTTP/2 POST http://ilpp/UnityILPP.PostProcessing/PostProcessAssembly application/grpc -
[40m[32minfo[39m[22m[49m: Microsoft.AspNetCore.Routing.EndpointMiddleware[0]
      Executing endpoint 'gRPC - /UnityILPP.PostProcessing/PostProcessAssembly'
[40m[32minfo[39m[22m[49m: Unity.ILPP.Runner.PostProcessingPipeline[0]
      Processing assembly Library/Bee/artifacts/1300b0aE.dag/Unity.ShaderGraph.Utilities.dll, with 145 defines and 286 references
[40m[32minfo[39m[22m[49m: Unity.ILPP.Runner.PostProcessingPipeline[0]
      processors: Unity.Jobs.CodeGen.JobsILPostProcessor, zzzUnity.Burst.CodeGen.BurstILPostProcessor
[40m[32minfo[39m[22m[49m: Unity.ILPP.Runner.PostProcessingPipeline[0]
      running Unity.Jobs.CodeGen.JobsILPostProcessor
[40m[32minfo[39m[22m[49m: Unity.ILPP.Runner.PostProcessingPipeline[0]
      running zzzUnity.Burst.CodeGen.BurstILPostProcessor
[40m[32minfo[39m[22m[49m: Microsoft.AspNetCore.Routing.EndpointMiddleware[1]
      Executed endpoint 'gRPC - /UnityILPP.PostProcessing/PostProcessAssembly'
[40m[32minfo[39m[22m[49m: Microsoft.AspNetCore.Hosting.Diagnostics[2]
      Request finished HTTP/2 POST http://ilpp/UnityILPP.PostProcessing/PostProcessAssembly application/grpc - - 200 - application/grpc 31.5653ms
[40m[32minfo[39m[22m[49m: Microsoft.AspNetCore.Routing.EndpointMiddleware[1]
      Executed endpoint 'gRPC - /UnityILPP.PostProcessing/PostProcessAssembly'
[40m[32minfo[39m[22m[49m: Microsoft.AspNetCore.Hosting.Diagnostics[2]
      Request finished HTTP/2 POST http://ilpp/UnityILPP.PostProcessing/PostProcessAssembly application/grpc - - 200 - application/grpc 9.1085ms
[40m[32minfo[39m[22m[49m: Unity.ILPP.Runner.PostProcessingPipeline[0]
      running zzzUnity.Burst.CodeGen.BurstILPostProcessor
[40m[32minfo[39m[22m[49m: Unity.ILPP.Runner.PostProcessingPipeline[0]
      Processing assembly Library/Bee/artifacts/1300b0aE.dag/Unity.Rendering.LightTransport.Editor.dll, with 145 defines and 286 references
[40m[32minfo[39m[22m[49m: Unity.ILPP.Runner.PostProcessingPipeline[0]
      processors: Unity.Jobs.CodeGen.JobsILPostProcessor, zzzUnity.Burst.CodeGen.BurstILPostProcessor
[40m[32minfo[39m[22m[49m: Unity.ILPP.Runner.PostProcessingPipeline[0]
      running Unity.Jobs.CodeGen.JobsILPostProcessor
[40m[32minfo[39m[22m[49m: Unity.ILPP.Runner.PostProcessingPipeline[0]
      running zzzUnity.Burst.CodeGen.BurstILPostProcessor
[40m[32minfo[39m[22m[49m: Microsoft.AspNetCore.Routing.EndpointMiddleware[1]
      Executed endpoint 'gRPC - /UnityILPP.PostProcessing/PostProcessAssembly'
[40m[32minfo[39m[22m[49m: Microsoft.AspNetCore.Hosting.Diagnostics[2]
      Request finished HTTP/2 POST http://ilpp/UnityILPP.PostProcessing/PostProcessAssembly application/grpc - - 200 - application/grpc 4.8020ms
[40m[32minfo[39m[22m[49m: Microsoft.AspNetCore.Routing.EndpointMiddleware[1]
      Executed endpoint 'gRPC - /UnityILPP.PostProcessing/PostProcessAssembly'
[40m[32minfo[39m[22m[49m: Microsoft.AspNetCore.Hosting.Diagnostics[2]
      Request finished HTTP/2 POST http://ilpp/UnityILPP.PostProcessing/PostProcessAssembly application/grpc - - 200 - application/grpc 115.8402ms
ExitCode: 0 Duration: 5s828ms
Finished compiling graph: 822 nodes, 16114 flattened edges (13406 ToBuild, 136 ToUse), maximum node priority 925
[  4/819    0s] WriteText Library/Bee/artifacts/1300b0aE.dag/UnityEngine.TestRunner.rsp2
[  5/819    0s] WriteText Library/Bee/artifacts/1300b0aE.dag/UnityEngine.TestRunner.UnityAdditionalFile.txt
[138/819    0s] WriteText Library/Bee/artifacts/1300b0aE.dag/UnityEngine.UI.rsp2
[139/819    0s] WriteText Library/Bee/artifacts/1300b0aE.dag/UnityEngine.UI.UnityAdditionalFile.txt
[146/819    0s] WriteText Library/Bee/artifacts/1300b0aE.dag/UnityEngine.TestRunner.dll.mvfrm.rsp
[149/819    0s] WriteText Library/Bee/artifacts/1300b0aE.dag/UnityEngine.TestRunner.rsp
[151/819    0s] WriteText Library/Bee/artifacts/1300b0aE.dag/UnityEditor.TestRunner.UnityAdditionalFile.txt
[152/819    0s] WriteText Library/Bee/artifacts/1300b0aE.dag/UnityEngine.UI.dll.mvfrm.rsp
[153/819    0s] WriteText Library/Bee/artifacts/1300b0aE.dag/UnityEditor.TestRunner.rsp2
[157/819    0s] WriteText Library/Bee/artifacts/1300b0aE.dag/UnityEngine.UI.rsp
[161/819    0s] WriteText Library/Bee/artifacts/1300b0aE.dag/UnityEditor.TestRunner.rsp
[162/819    0s] WriteText Library/Bee/artifacts/1300b0aE.dag/UnityEditor.UI.rsp2
[163/819    0s] WriteText Library/Bee/artifacts/1300b0aE.dag/UnityEditor.UI.UnityAdditionalFile.txt
[164/819    0s] WriteText Library/Bee/artifacts/1300b0aE.dag/UnityEditor.UI.dll.mvfrm.rsp
[165/819    0s] WriteText Library/Bee/artifacts/1300b0aE.dag/UnityEditor.UI.rsp
[166/819    0s] WriteText Library/Bee/artifacts/1300b0aE.dag/Unity.Burst.rsp2
[167/819    0s] WriteText Library/Bee/artifacts/1300b0aE.dag/UnityEditor.TestRunner.dll.mvfrm.rsp
[169/819    0s] WriteText Library/Bee/artifacts/1300b0aE.dag/Unity.Burst.UnityAdditionalFile.txt
[170/819    0s] WriteText Library/Bee/artifacts/1300b0aE.dag/Unity.Mathematics.rsp2
[171/819    0s] WriteText Library/Bee/artifacts/1300b0aE.dag/Unity.Burst.dll.mvfrm.rsp
[172/819    0s] WriteText Library/Bee/artifacts/1300b0aE.dag/Unity.Mathematics.UnityAdditionalFile.txt
[173/819    0s] WriteText Library/Bee/artifacts/1300b0aE.dag/Unity.Collections.rsp2
[174/819    0s] WriteText Library/Bee/artifacts/1300b0aE.dag/Unity.Mathematics.rsp
[175/819    0s] WriteText Library/Bee/artifacts/1300b0aE.dag/Unity.Burst.rsp
[176/819    0s] WriteText Library/Bee/artifacts/1300b0aE.dag/Unity.Mathematics.dll.mvfrm.rsp
[177/819    0s] WriteText Library/Bee/artifacts/1300b0aE.dag/Unity.Collections.rsp
[178/819    0s] WriteText Library/Bee/artifacts/1300b0aE.dag/Unity.Collections.dll.mvfrm.rsp
[179/819    0s] WriteText Library/Bee/artifacts/1300b0aE.dag/Unity.Collections.UnityAdditionalFile.txt
[180/819    0s] WriteText Library/Bee/artifacts/1300b0aE.dag/Unity.InputSystem.UnityAdditionalFile.txt
[181/819    0s] WriteText Library/Bee/artifacts/1300b0aE.dag/Unity.InputSystem.rsp2
[182/819    0s] WriteText Library/Bee/artifacts/1300b0aE.dag/Unity.InputSystem.dll.mvfrm.rsp
[183/819    0s] WriteText Library/Bee/artifacts/1300b0aE.dag/Unity.Burst.CodeGen.rsp2
[184/819    0s] WriteText Library/Bee/artifacts/1300b0aE.dag/Unity.Burst.CodeGen.UnityAdditionalFile.txt
[185/819    0s] WriteText Library/Bee/artifacts/1300b0aE.dag/Unity.Collections.CodeGen.rsp2
[186/819    0s] WriteText Library/Bee/artifacts/1300b0aE.dag/Unity.RenderPipelines.Core.Runtime.rsp2
[187/819    0s] WriteText Library/Bee/artifacts/1300b0aE.dag/Unity.InputSystem.rsp
[188/819    0s] WriteText Library/Bee/artifacts/1300b0aE.dag/Unity.Collections.CodeGen.UnityAdditionalFile.txt
[189/819    0s] WriteText Library/Bee/artifacts/1300b0aE.dag/Unity.VisualScripting.Core.UnityAdditionalFile.txt
[191/819    0s] WriteText Library/Bee/artifacts/1300b0aE.dag/Unity.VisualScripting.Core.rsp2
[192/819    0s] WriteText Library/Bee/artifacts/1300b0aE.dag/Unity.RenderPipelines.Core.Runtime.UnityAdditionalFile.txt
[193/819    0s] WriteText Library/Bee/artifacts/1300b0aE.dag/Unity.RenderPipelines.Core.Runtime.rsp
[194/819    0s] WriteText Library/Bee/artifacts/1300b0aE.dag/Unity.RenderPipelines.Core.Runtime.dll.mvfrm.rsp
[197/819    0s] WriteText Library/Bee/artifacts/1300b0aE.dag/Unity.Burst.CodeGen.rsp
[200/819    0s] WriteText Library/Bee/artifacts/1300b0aE.dag/Unity.Burst.CodeGen.dll.mvfrm.rsp
[201/819    0s] WriteText Library/Bee/artifacts/1300b0aE.dag/Unity.VisualScripting.Core.dll.mvfrm.rsp
[202/819    0s] WriteText Library/Bee/artifacts/1300b0aE.dag/Unity.RenderPipelines.GPUDriven.Runtime.rsp2
[203/819    0s] WriteText Library/Bee/artifacts/1300b0aE.dag/Unity.Collections.CodeGen.dll.mvfrm.rsp
[204/819    0s] WriteText Library/Bee/artifacts/1300b0aE.dag/Unity.VisualScripting.Core.rsp
[205/819    0s] WriteText Library/Bee/artifacts/1300b0aE.dag/Unity.UnifiedRayTracing.Runtime.rsp2
[206/819    0s] WriteText Library/Bee/artifacts/1300b0aE.dag/Unity.Collections.CodeGen.rsp
[207/819    0s] WriteText Library/Bee/artifacts/1300b0aE.dag/Unity.UnifiedRayTracing.Runtime.UnityAdditionalFile.txt
[208/819    0s] WriteText Library/Bee/artifacts/1300b0aE.dag/Unity.RenderPipelines.Core.Runtime.Shared.UnityAdditionalFile.txt
[209/819    0s] WriteText Library/Bee/artifacts/1300b0aE.dag/Unity.RenderPipeline.Universal.ShaderLibrary.rsp2
[210/819    0s] WriteText Library/Bee/artifacts/1300b0aE.dag/Unity.VisualScripting.Flow.UnityAdditionalFile.txt
[211/819    0s] WriteText Library/Bee/artifacts/1300b0aE.dag/Unity.RenderPipelines.GPUDriven.Runtime.UnityAdditionalFile.txt
[212/819    0s] WriteText Library/Bee/artifacts/1300b0aE.dag/Unity.RenderPipelines.Core.Runtime.Shared.rsp2
[213/819    0s] WriteText Library/Bee/artifacts/1300b0aE.dag/Unity.VisualScripting.Flow.rsp2
[214/819    0s] WriteText Library/Bee/artifacts/1300b0aE.dag/Unity.RenderPipelines.GPUDriven.Runtime.dll.mvfrm.rsp
[215/819    0s] WriteText Library/Bee/artifacts/1300b0aE.dag/Unity.RenderPipelines.GPUDriven.Runtime.rsp
[216/819    0s] WriteText Library/Bee/artifacts/1300b0aE.dag/Unity.RenderPipelines.Universal.Config.Runtime.UnityAdditionalFile.txt
[217/819    0s] WriteText Library/Bee/artifacts/1300b0aE.dag/Unity.UnifiedRayTracing.Runtime.rsp
[218/819    0s] WriteText Library/Bee/artifacts/1300b0aE.dag/Unity.RenderPipelines.Universal.Config.Runtime.rsp2
[219/819    0s] WriteText Library/Bee/artifacts/1300b0aE.dag/Unity.RenderPipelines.Core.Runtime.Shared.rsp
[220/819    0s] WriteText Library/Bee/artifacts/1300b0aE.dag/Unity.UnifiedRayTracing.Runtime.dll.mvfrm.rsp
[221/819    0s] WriteText Library/Bee/artifacts/1300b0aE.dag/Unity.VisualScripting.Core.Editor.rsp2
[222/819    0s] WriteText Library/Bee/artifacts/1300b0aE.dag/Unity.RenderPipelines.Core.Runtime.Shared.dll.mvfrm.rsp
[223/819    0s] WriteText Library/Bee/artifacts/1300b0aE.dag/Unity.RenderPipelines.Universal.Config.Runtime.rsp
[224/819    0s] WriteText Library/Bee/artifacts/1300b0aE.dag/Unity.RenderPipeline.Universal.ShaderLibrary.UnityAdditionalFile.txt
[225/819    0s] WriteText Library/Bee/artifacts/1300b0aE.dag/Unity.RenderPipeline.Universal.ShaderLibrary.dll.mvfrm.rsp
[226/819    0s] WriteText Library/Bee/artifacts/1300b0aE.dag/Unity.RenderPipelines.Core.Editor.rsp2
[227/819    0s] WriteText Library/Bee/artifacts/1300b0aE.dag/Unity.RenderPipelines.Core.Editor.UnityAdditionalFile.txt
[228/819    0s] WriteText Library/Bee/artifacts/1300b0aE.dag/Unity.VisualScripting.Core.Editor.UnityAdditionalFile.txt
[229/819    0s] WriteText Library/Bee/artifacts/1300b0aE.dag/Unity.RenderPipelines.Universal.Runtime.UnityAdditionalFile.txt
[230/819    0s] WriteText Library/Bee/artifacts/1300b0aE.dag/Unity.VisualScripting.Flow.dll.mvfrm.rsp
[231/819    0s] WriteText Library/Bee/artifacts/1300b0aE.dag/Unity.VisualScripting.Flow.rsp
[232/819    0s] WriteText Library/Bee/artifacts/1300b0aE.dag/Unity.RenderPipelines.Universal.Runtime.rsp2
[233/819    0s] WriteText Library/Bee/artifacts/1300b0aE.dag/Unity.VisualScripting.Core.Editor.dll.mvfrm.rsp
[234/819    0s] WriteText Library/Bee/artifacts/1300b0aE.dag/Unity.RenderPipeline.Universal.ShaderLibrary.rsp
[235/819    0s] WriteText Library/Bee/artifacts/1300b0aE.dag/Unity.RenderPipelines.Universal.Config.Runtime.dll.mvfrm.rsp
[236/819    0s] WriteText Library/Bee/artifacts/1300b0aE.dag/Unity.RenderPipelines.Universal.Runtime.dll.mvfrm.rsp
[237/819    0s] WriteText Library/Bee/artifacts/1300b0aE.dag/Unity.Searcher.Editor.rsp2
[238/819    0s] WriteText Library/Bee/artifacts/1300b0aE.dag/Unity.RenderPipelines.Universal.Runtime.rsp
[239/819    0s] WriteText Library/Bee/artifacts/1300b0aE.dag/Unity.ShaderGraph.Utilities.UnityAdditionalFile.txt
[240/819    0s] WriteText Library/Bee/artifacts/1300b0aE.dag/Unity.VisualScripting.Core.Editor.rsp
[241/819    0s] WriteText Library/Bee/artifacts/1300b0aE.dag/Unity.RenderPipelines.Core.Editor.dll.mvfrm.rsp
[242/819    0s] WriteText Library/Bee/artifacts/1300b0aE.dag/Unity.Searcher.Editor.UnityAdditionalFile.txt
[243/819    0s] WriteText Library/Bee/artifacts/1300b0aE.dag/Unity.RenderPipelines.Core.Editor.rsp
[244/819    0s] WriteText Library/Bee/artifacts/1300b0aE.dag/Unity.Searcher.Editor.dll.mvfrm.rsp
[245/819    0s] WriteText Library/Bee/artifacts/1300b0aE.dag/Unity.VisualScripting.State.UnityAdditionalFile.txt
[246/819    0s] WriteText Library/Bee/artifacts/1300b0aE.dag/Unity.VisualScripting.Flow.Editor.rsp2
[247/819    0s] WriteText Library/Bee/artifacts/1300b0aE.dag/Unity.VisualScripting.State.rsp2
[248/819    0s] WriteText Library/Bee/artifacts/1300b0aE.dag/Unity.Searcher.Editor.rsp
[249/819    0s] WriteText Library/Bee/artifacts/1300b0aE.dag/Unity.ShaderGraph.Utilities.rsp2
[250/819    0s] WriteText Library/Bee/artifacts/1300b0aE.dag/Unity.VisualScripting.Flow.Editor.UnityAdditionalFile.txt
[251/819    0s] WriteText Library/Bee/artifacts/1300b0aE.dag/Unity.ShaderGraph.Utilities.dll.mvfrm.rsp
[252/819    0s] WriteText Library/Bee/artifacts/1300b0aE.dag/Unity.AI.Navigation.Editor.ConversionSystem.rsp2
[253/819    0s] WriteText Library/Bee/artifacts/1300b0aE.dag/Unity.InternalAPIEngineBridge.004.UnityAdditionalFile.txt
[254/819    0s] WriteText Library/Bee/artifacts/1300b0aE.dag/Unity.InternalAPIEngineBridge.004.rsp2
[255/819    0s] WriteText Library/Bee/artifacts/1300b0aE.dag/Unity.ShaderGraph.Editor.UnityAdditionalFile.txt
[256/819    0s] WriteText Library/Bee/artifacts/1300b0aE.dag/Unity.AI.Navigation.rsp2
[257/819    0s] WriteText Library/Bee/artifacts/1300b0aE.dag/Unity.AI.Navigation.UnityAdditionalFile.txt
[258/819    0s] WriteText Library/Bee/artifacts/1300b0aE.dag/Unity.AI.Navigation.Editor.ConversionSystem.UnityAdditionalFile.txt
[259/819    0s] WriteText Library/Bee/artifacts/1300b0aE.dag/Unity.VisualScripting.State.dll.mvfrm.rsp
[260/819    0s] WriteText Library/Bee/artifacts/1300b0aE.dag/Unity.ShaderGraph.Utilities.rsp
[261/819    0s] WriteText Library/Bee/artifacts/1300b0aE.dag/Unity.ShaderGraph.Editor.rsp2
[262/819    0s] WriteText Library/Bee/artifacts/1300b0aE.dag/Unity.Mathematics.Editor.rsp2
[263/819    0s] WriteText Library/Bee/artifacts/1300b0aE.dag/Unity.RenderPipelines.Core.Editor.Shared.rsp2
[264/819    0s] WriteText Library/Bee/artifacts/1300b0aE.dag/Unity.VisualScripting.Flow.Editor.dll.mvfrm.rsp
[265/819    0s] WriteText Library/Bee/artifacts/1300b0aE.dag/Unity.Mathematics.Editor.UnityAdditionalFile.txt
[266/819    0s] WriteText Library/Bee/artifacts/1300b0aE.dag/Unity.Burst.Editor.rsp2
[267/819    0s] WriteText Library/Bee/artifacts/1300b0aE.dag/Unity.Burst.Editor.UnityAdditionalFile.txt
[268/819    0s] WriteText Library/Bee/artifacts/1300b0aE.dag/Unity.InternalAPIEngineBridge.004.dll.mvfrm.rsp
[269/819    0s] WriteText Library/Bee/artifacts/1300b0aE.dag/Unity.VisualScripting.Flow.Editor.rsp
[270/819    0s] WriteText Library/Bee/artifacts/1300b0aE.dag/Unity.VisualScripting.State.rsp
[271/819    0s] WriteText Library/Bee/artifacts/1300b0aE.dag/Unity.AI.Navigation.dll.mvfrm.rsp
[272/819    0s] WriteText Library/Bee/artifacts/1300b0aE.dag/Unity.RenderPipelines.Universal.2D.Runtime.rsp2
[273/819    0s] WriteText Library/Bee/artifacts/1300b0aE.dag/Unity.InternalAPIEngineBridge.004.rsp
[274/819    0s] WriteText Library/Bee/artifacts/1300b0aE.dag/Unity.AI.Navigation.rsp
[275/819    0s] WriteText Library/Bee/artifacts/1300b0aE.dag/Unity.RenderPipelines.Universal.2D.Runtime.dll.mvfrm.rsp
[276/819    0s] WriteText Library/Bee/artifacts/1300b0aE.dag/Unity.ShaderGraph.Editor.dll.mvfrm.rsp
[277/819    0s] WriteText Library/Bee/artifacts/1300b0aE.dag/Unity.RenderPipelines.Universal.2D.Runtime.UnityAdditionalFile.txt
[278/819    0s] WriteText Library/Bee/artifacts/1300b0aE.dag/Unity.RenderPipelines.Core.Editor.Shared.UnityAdditionalFile.txt
[279/819    0s] WriteText Library/Bee/artifacts/1300b0aE.dag/Unity.Mathematics.Editor.dll.mvfrm.rsp
[280/819    0s] WriteText Library/Bee/artifacts/1300b0aE.dag/Unity.RenderPipelines.Core.Editor.Shared.dll.mvfrm.rsp
[281/819    0s] WriteText Library/Bee/artifacts/1300b0aE.dag/Unity.RenderPipelines.Universal.2D.Runtime.rsp
[282/819    0s] WriteText Library/Bee/artifacts/1300b0aE.dag/Unity.AI.Navigation.Editor.ConversionSystem.dll.mvfrm.rsp
[283/819    0s] WriteText Library/Bee/artifacts/1300b0aE.dag/Unity.AI.Navigation.Editor.ConversionSystem.rsp
[284/819    0s] WriteText Library/Bee/artifacts/1300b0aE.dag/Unity.Burst.Editor.dll.mvfrm.rsp
[285/819    0s] WriteText Library/Bee/artifacts/1300b0aE.dag/Unity.RenderPipelines.Core.Editor.Shared.rsp
[286/819    0s] WriteText Library/Bee/artifacts/1300b0aE.dag/Unity.ShaderGraph.Editor.rsp
[287/819    0s] WriteText Library/Bee/artifacts/1300b0aE.dag/Unity.Mathematics.Editor.rsp
[288/819    0s] WriteText Library/Bee/artifacts/1300b0aE.dag/Unity.TextMeshPro.rsp2
[289/819    0s] WriteText Library/Bee/artifacts/1300b0aE.dag/Unity.Timeline.rsp2
[290/819    0s] WriteText Library/Bee/artifacts/1300b0aE.dag/Unity.Burst.Editor.rsp
[291/819    0s] WriteText Library/Bee/artifacts/1300b0aE.dag/Unity.AI.Navigation.Editor.UnityAdditionalFile.txt
[292/819    0s] WriteText Library/Bee/artifacts/1300b0aE.dag/Unity.TextMeshPro.UnityAdditionalFile.txt
[293/819    0s] WriteText Library/Bee/artifacts/1300b0aE.dag/Unity.VisualScripting.State.Editor.UnityAdditionalFile.txt
[294/819    0s] WriteText Library/Bee/artifacts/1300b0aE.dag/Unity.VisualScripting.State.Editor.rsp2
[295/819    0s] WriteText Library/Bee/artifacts/1300b0aE.dag/Unity.AI.Navigation.Editor.rsp2
[296/819    0s] WriteText Library/Bee/artifacts/1300b0aE.dag/Unity.Multiplayer.Center.Common.rsp2
[297/819    0s] WriteText Library/Bee/artifacts/1300b0aE.dag/Unity.TextMeshPro.dll.mvfrm.rsp
[298/819    0s] WriteText Library/Bee/artifacts/1300b0aE.dag/Unity.Multiplayer.Center.Common.dll.mvfrm.rsp
[299/819    0s] WriteText Library/Bee/artifacts/1300b0aE.dag/Unity.Timeline.dll.mvfrm.rsp
[300/819    0s] WriteText Library/Bee/artifacts/1300b0aE.dag/Unity.Multiplayer.Center.Common.UnityAdditionalFile.txt
[301/819    0s] WriteText Library/Bee/artifacts/1300b0aE.dag/Unity.Timeline.UnityAdditionalFile.txt
[302/819    0s] WriteText Library/Bee/artifacts/1300b0aE.dag/Unity.VisualScripting.State.Editor.dll.mvfrm.rsp
[303/819    0s] WriteText Library/Bee/artifacts/1300b0aE.dag/Unity.PlasticSCM.Editor.UnityAdditionalFile.txt
[304/819    0s] WriteText Library/Bee/artifacts/1300b0aE.dag/Unity.PlasticSCM.Editor.rsp2
[305/819    0s] WriteText Library/Bee/artifacts/1300b0aE.dag/Unity.Multiplayer.Center.Common.rsp
[306/819    0s] WriteText Library/Bee/artifacts/1300b0aE.dag/Unity.Timeline.rsp
[307/819    0s] WriteText Library/Bee/artifacts/1300b0aE.dag/Unity.AI.Navigation.Editor.rsp
[308/819    0s] WriteText Library/Bee/artifacts/1300b0aE.dag/Unity.VisualScripting.State.Editor.rsp
[309/819    0s] WriteText Library/Bee/artifacts/1300b0aE.dag/Unity.RenderPipelines.Universal.Editor.rsp
[310/819    0s] WriteText Library/Bee/artifacts/1300b0aE.dag/Unity.AI.Navigation.Editor.dll.mvfrm.rsp
[311/819    0s] WriteText Library/Bee/artifacts/1300b0aE.dag/Unity.Rider.Editor.UnityAdditionalFile.txt
[312/819    0s] WriteText Library/Bee/artifacts/1300b0aE.dag/Unity.PlasticSCM.Editor.dll.mvfrm.rsp
[313/819    0s] WriteText Library/Bee/artifacts/1300b0aE.dag/Unity.VisualStudio.Editor.rsp2
[314/819    0s] WriteText Library/Bee/artifacts/1300b0aE.dag/Unity.RenderPipelines.Universal.Editor.rsp2
[315/819    0s] WriteText Library/Bee/artifacts/1300b0aE.dag/Unity.RenderPipelines.Universal.Editor.UnityAdditionalFile.txt
[316/819    0s] WriteText Library/Bee/artifacts/1300b0aE.dag/UnityEditor.UI.Analytics.UnityAdditionalFile.txt
[317/819    0s] WriteText Library/Bee/artifacts/1300b0aE.dag/Unity.TextMeshPro.rsp
[318/819    0s] WriteText Library/Bee/artifacts/1300b0aE.dag/Unity.RenderPipelines.Universal.Editor.dll.mvfrm.rsp
[319/819    0s] WriteText Library/Bee/artifacts/1300b0aE.dag/Unity.VisualScripting.Shared.Editor.rsp2
[320/819    0s] WriteText Library/Bee/artifacts/1300b0aE.dag/Unity.Rider.Editor.rsp2
[321/819    0s] WriteText Library/Bee/artifacts/1300b0aE.dag/Unity.AI.Navigation.Updater.UnityAdditionalFile.txt
[322/819    0s] WriteText Library/Bee/artifacts/1300b0aE.dag/Unity.VisualStudio.Editor.UnityAdditionalFile.txt
[323/819    0s] WriteText Library/Bee/artifacts/1300b0aE.dag/Unity.VisualScripting.SettingsProvider.Editor.rsp2
[324/819    0s] WriteText Library/Bee/artifacts/1300b0aE.dag/Unity.Collections.Editor.rsp2
[325/819    0s] WriteText Library/Bee/artifacts/1300b0aE.dag/Unity.VisualScripting.SettingsProvider.Editor.UnityAdditionalFile.txt
[326/819    0s] WriteText Library/Bee/artifacts/1300b0aE.dag/Unity.InputSystem.ForUI.UnityAdditionalFile.txt
[327/819    0s] WriteText Library/Bee/artifacts/1300b0aE.dag/Unity.InputSystem.ForUI.rsp2
[328/819    0s] WriteText Library/Bee/artifacts/1300b0aE.dag/Unity.Multiplayer.Center.Editor.UnityAdditionalFile.txt
[329/819    0s] WriteText Library/Bee/artifacts/1300b0aE.dag/Unity.AI.Navigation.Updater.rsp2
[330/819    0s] WriteText Library/Bee/artifacts/1300b0aE.dag/Unity.Multiplayer.Center.Editor.rsp2
[331/819    0s] WriteText Library/Bee/artifacts/1300b0aE.dag/Unity.TextMeshPro.Editor.UnityAdditionalFile.txt
[332/819    0s] WriteText Library/Bee/artifacts/1300b0aE.dag/Unity.VisualScripting.Shared.Editor.UnityAdditionalFile.txt
[333/819    0s] WriteText Library/Bee/artifacts/1300b0aE.dag/Unity.RenderPipelines.Core.ShaderLibrary.UnityAdditionalFile.txt
[334/819    0s] WriteText Library/Bee/artifacts/1300b0aE.dag/Unity.RenderPipelines.Core.ShaderLibrary.rsp2
[335/819    0s] WriteText Library/Bee/artifacts/1300b0aE.dag/Unity.PlasticSCM.Editor.rsp
[336/819    0s] WriteText Library/Bee/artifacts/1300b0aE.dag/Unity.Collections.Editor.UnityAdditionalFile.txt
[337/819    0s] WriteText Library/Bee/artifacts/1300b0aE.dag/Unity.RenderPipelines.ShaderGraph.ShaderGraphLibrary.UnityAdditionalFile.txt
[338/819    0s] WriteText Library/Bee/artifacts/1300b0aE.dag/Unity.Rendering.LightTransport.Editor.rsp2
[339/819    0s] WriteText Library/Bee/artifacts/1300b0aE.dag/Unity.RenderPipelines.ShaderGraph.ShaderGraphLibrary.rsp2
[340/819    0s] WriteText Library/Bee/artifacts/1300b0aE.dag/Unity.Timeline.Editor.rsp2
[341/819    0s] WriteText Library/Bee/artifacts/1300b0aE.dag/Unity.Rendering.LightTransport.Editor.UnityAdditionalFile.txt
[342/819    0s] WriteText Library/Bee/artifacts/1300b0aE.dag/Unity.Timeline.Editor.UnityAdditionalFile.txt
[343/819    0s] WriteText Library/Bee/artifacts/1300b0aE.dag/Unity.RenderPipelines.Universal.2D.Editor.Overrides.rsp2
[344/819    0s] WriteText Library/Bee/artifacts/1300b0aE.dag/Unity.RenderPipelines.Universal.Shaders.UnityAdditionalFile.txt
[345/819    0s] WriteText Library/Bee/artifacts/1300b0aE.dag/Unity.VisualStudio.Editor.dll.mvfrm.rsp
[346/819    0s] WriteText Library/Bee/artifacts/1300b0aE.dag/Unity.Rider.Editor.dll.mvfrm.rsp
[347/819    0s] WriteText Library/Bee/artifacts/1300b0aE.dag/UnityEditor.UI.Analytics.rsp2
[348/819    0s] WriteText Library/Bee/artifacts/1300b0aE.dag/Unity.RenderPipelines.Universal.Shaders.rsp2
[349/819    0s] WriteText Library/Bee/artifacts/1300b0aE.dag/Unity.TextMeshPro.Editor.rsp2
[350/819    0s] WriteText Library/Bee/artifacts/1300b0aE.dag/Unity.RenderPipelines.Universal.2D.Editor.Overrides.dll.mvfrm.rsp
[351/819    0s] WriteText Library/Bee/artifacts/1300b0aE.dag/Unity.RenderPipelines.Universal.2D.Editor.Overrides.UnityAdditionalFile.txt
[352/819    0s] WriteText Library/Bee/artifacts/1300b0aE.dag/Unity.VisualScripting.Shared.Editor.dll.mvfrm.rsp
[353/819    0s] WriteText Library/Bee/artifacts/1300b0aE.dag/Unity.RenderPipelines.ShaderGraph.ShaderGraphLibrary.dll.mvfrm.rsp
[354/819    0s] WriteText Library/Bee/artifacts/1300b0aE.dag/Unity.RenderPipelines.Universal.Shaders.dll.mvfrm.rsp
[355/819    0s] WriteText Library/Bee/artifacts/1300b0aE.dag/Unity.Collections.Editor.dll.mvfrm.rsp
[356/819    0s] WriteText Library/Bee/artifacts/1300b0aE.dag/UnityEditor.UI.Analytics.dll.mvfrm.rsp
[357/819    0s] WriteText Library/Bee/artifacts/1300b0aE.dag/Unity.VisualScripting.SettingsProvider.Editor.dll.mvfrm.rsp
[358/819    0s] WriteText Library/Bee/artifacts/1300b0aE.dag/Unity.AI.Navigation.Updater.dll.mvfrm.rsp
[359/819    0s] WriteText Library/Bee/artifacts/1300b0aE.dag/Unity.Multiplayer.Center.Editor.dll.mvfrm.rsp
[360/819    0s] WriteText Library/Bee/artifacts/1300b0aE.dag/Unity.Timeline.Editor.dll.mvfrm.rsp
[361/819    0s] WriteText Library/Bee/artifacts/1300b0aE.dag/Unity.Rendering.LightTransport.Editor.dll.mvfrm.rsp
[362/819    0s] WriteText Library/Bee/artifacts/1300b0aE.dag/Unity.InputSystem.ForUI.dll.mvfrm.rsp
[363/819    0s] WriteText Library/Bee/artifacts/1300b0aE.dag/Unity.TextMeshPro.Editor.dll.mvfrm.rsp
[364/819    0s] WriteText Library/Bee/artifacts/1300b0aE.dag/Unity.VisualStudio.Editor.rsp
[365/819    0s] WriteText Library/Bee/artifacts/1300b0aE.dag/Unity.Timeline.Editor.rsp
[366/819    0s] WriteText Library/Bee/artifacts/1300b0aE.dag/Unity.TextMeshPro.Editor.rsp
[367/819    0s] WriteText Library/Bee/artifacts/1300b0aE.dag/Unity.Collections.Editor.rsp
[368/819    0s] WriteText Library/Bee/artifacts/1300b0aE.dag/Unity.Multiplayer.Center.Editor.rsp
[369/819    0s] WriteText Library/Bee/artifacts/1300b0aE.dag/Unity.RenderPipelines.Core.ShaderLibrary.dll.mvfrm.rsp
[370/819    0s] WriteText Library/Bee/artifacts/1300b0aE.dag/Unity.Rider.Editor.rsp
[371/819    0s] WriteText Library/Bee/artifacts/1300b0aE.dag/Unity.RenderPipelines.Core.ShaderLibrary.rsp
[372/819    0s] WriteText Library/Bee/artifacts/1300b0aE.dag/Unity.RenderPipelines.ShaderGraph.ShaderGraphLibrary.rsp
[373/819    0s] WriteText Library/Bee/artifacts/1300b0aE.dag/Unity.Rendering.LightTransport.Editor.rsp
[374/819    0s] WriteText Library/Bee/artifacts/1300b0aE.dag/Unity.RenderPipelines.Universal.Shaders.rsp
[375/819    0s] WriteText Library/Bee/artifacts/1300b0aE.dag/UnityEditor.UI.Analytics.rsp
[376/819    0s] WriteText Library/Bee/artifacts/1300b0aE.dag/Unity.AI.Navigation.Updater.rsp
[377/819    0s] WriteText Library/Bee/artifacts/1300b0aE.dag/Unity.InputSystem.ForUI.rsp
[378/819    0s] WriteText Library/Bee/artifacts/1300b0aE.dag/Unity.RenderPipelines.Universal.2D.Editor.Overrides.rsp
[379/819    0s] WriteText Library/Bee/artifacts/1300b0aE.dag/UniWebView-CSharp.Editor.rsp2
[380/819    0s] WriteText Library/Bee/artifacts/1300b0aE.dag/Unity.VisualScripting.Shared.Editor.rsp
[381/819    0s] WriteText Library/Bee/artifacts/1300b0aE.dag/PPv2URPConverters.UnityAdditionalFile.txt
[382/819    0s] WriteText Library/Bee/artifacts/1300b0aE.dag/UniWebView-CSharp.rsp2
[383/819    0s] WriteText Library/Bee/artifacts/1300b0aE.dag/PPv2URPConverters.rsp2
[384/819    0s] WriteText Library/Bee/artifacts/1300b0aE.dag/Unity.PerformanceTesting.UnityAdditionalFile.txt
[385/819    0s] WriteText Library/Bee/artifacts/1300b0aE.dag/UniWebView-CSharp.UnityAdditionalFile.txt
[386/819    0s] WriteText Library/Bee/artifacts/1300b0aE.dag/UniWebView-CSharp.Editor.UnityAdditionalFile.txt
[387/819    0s] WriteText Library/Bee/artifacts/1300b0aE.dag/Unity.PerformanceTesting.rsp2
[388/819    0s] WriteText Library/Bee/artifacts/1300b0aE.dag/PPv2URPConverters.dll.mvfrm.rsp
[389/819    0s] WriteText Library/Bee/artifacts/1300b0aE.dag/Unity.VisualScripting.SettingsProvider.Editor.rsp
[390/819    0s] WriteText Library/Bee/artifacts/1300b0aE.dag/UniWebView-CSharp.Editor.dll.mvfrm.rsp
[391/819    0s] WriteText Library/Bee/artifacts/1300b0aE.dag/UniWebView-CSharp.dll.mvfrm.rsp
[392/819    0s] WriteText Library/Bee/artifacts/1300b0aE.dag/Unity.PerformanceTesting.dll.mvfrm.rsp
[393/819    0s] WriteText Library/Bee/artifacts/1300b0aE.dag/UniWebView-CSharp.Editor.rsp
[394/819    0s] WriteText Library/Bee/artifacts/1300b0aE.dag/Assembly-CSharp.UnityAdditionalFile.txt
[395/819    0s] WriteText Library/Bee/artifacts/1300b0aE.dag/Unity.PerformanceTesting.rsp
[396/819    0s] WriteText Library/Bee/artifacts/1300b0aE.dag/PPv2URPConverters.rsp
[397/819    0s] WriteText Library/Bee/artifacts/1300b0aE.dag/UniWebView-CSharp.rsp
[398/819    0s] WriteText Library/Bee/artifacts/1300b0aE.dag/Unity.VisualScripting.DocCodeExamples.dll.mvfrm.rsp
[399/819    0s] WriteText Library/Bee/artifacts/1300b0aE.dag/Assembly-CSharp-Editor.dll.mvfrm.rsp
[400/819    0s] WriteText Library/Bee/artifacts/1300b0aE.dag/Assembly-CSharp.rsp2
[401/819    0s] WriteText Library/Bee/artifacts/1300b0aE.dag/Unity.CollabProxy.Editor.dll.mvfrm.rsp
[402/819    0s] WriteText Library/Bee/artifacts/1300b0aE.dag/Assembly-CSharp.dll.mvfrm.rsp
[403/819    0s] WriteText Library/Bee/artifacts/1300b0aE.dag/Assembly-CSharp.rsp
[404/819    0s] WriteText Library/Bee/artifacts/1300b0aE.dag/Unity.InputSystem.TestFramework.dll.mvfrm.rsp
[405/819    0s] WriteText Library/Bee/artifacts/1300b0aE.dag/Unity.PlasticSCM.Editor.Entities.dll.mvfrm.rsp
[406/819    0s] WriteText Library/Bee/artifacts/1300b0aE.dag/Unity.VisualScripting.DocCodeExamples.UnityAdditionalFile.txt
[407/819    0s] WriteText Library/Bee/artifacts/1300b0aE.dag/Unity.InputSystem.TestFramework.UnityAdditionalFile.txt
[408/819    0s] WriteText Library/Bee/artifacts/1300b0aE.dag/Unity.CollabProxy.Editor.rsp2
[409/819    0s] WriteText Library/Bee/artifacts/1300b0aE.dag/Unity.InputSystem.TestFramework.rsp2
[410/819    0s] WriteText Library/Bee/artifacts/1300b0aE.dag/Unity.InputSystem.DocCodeSamples.dll.mvfrm.rsp
[411/819    0s] WriteText Library/Bee/artifacts/1300b0aE.dag/Unity.PerformanceTesting.Editor.dll.mvfrm.rsp
[412/819    0s] WriteText Library/Bee/artifacts/1300b0aE.dag/Unity.InputSystem.DocCodeSamples.UnityAdditionalFile.txt
[413/819    0s] WriteText Library/Bee/artifacts/1300b0aE.dag/Assembly-CSharp-Editor.rsp2
[414/819    0s] WriteText Library/Bee/artifacts/1300b0aE.dag/Unity.VisualScripting.DocCodeExamples.rsp2
[415/819    0s] WriteText Library/Bee/artifacts/1300b0aE.dag/Unity.PlasticSCM.Editor.Entities.UnityAdditionalFile.txt
[416/819    0s] WriteText Library/Bee/artifacts/1300b0aE.dag/Unity.PlasticSCM.Editor.Entities.rsp2
[417/819    0s] WriteText Library/Bee/artifacts/1300b0aE.dag/Unity.InputSystem.DocCodeSamples.rsp2
[418/819    0s] WriteText Library/Bee/artifacts/1300b0aE.dag/Assembly-CSharp-Editor.UnityAdditionalFile.txt
[419/819    0s] WriteText Library/Bee/artifacts/1300b0aE.dag/Unity.InputSystem.TestFramework.rsp
[420/819    0s] WriteText Library/Bee/artifacts/1300b0aE.dag/Unity.PerformanceTesting.Editor.UnityAdditionalFile.txt
[421/819    0s] WriteText Library/Bee/artifacts/1300b0aE.dag/Unity.PerformanceTesting.Editor.rsp2
[422/819    0s] WriteText Library/Bee/artifacts/1300b0aE.dag/Assembly-CSharp-Editor.rsp
[423/819    0s] WriteText Library/Bee/artifacts/1300b0aE.dag/Unity.CollabProxy.Editor.rsp
[424/819    0s] WriteText Library/Bee/artifacts/1300b0aE.dag/Unity.VisualScripting.DocCodeExamples.rsp
[425/819    0s] WriteText Library/Bee/artifacts/1300b0aE.dag/Unity.PlasticSCM.Editor.Entities.rsp
[426/819    0s] WriteText Library/Bee/artifacts/1300b0aE.dag/Unity.CollabProxy.Editor.UnityAdditionalFile.txt
[427/819    0s] WriteText Library/Bee/artifacts/1300b0aE.dag/Unity.PerformanceTesting.Editor.rsp
[428/819    0s] WriteText Library/Bee/artifacts/1300b0aE.dag/Unity.InputSystem.DocCodeSamples.rsp
[429/819    0s] MovedFromExtractor-Combine Library/Bee/artifacts/1300b0aE.dag/UnityEngine.UI.dll.mvfrm
[430/819    0s] MovedFromExtractor-Combine Library/Bee/artifacts/1300b0aE.dag/UnityEngine.TestRunner.dll.mvfrm
[430/819    0s] Csc Library/Bee/artifacts/1300b0aE.dag/UnityEngine.TestRunner.dll (+2 others) [CacheHit 3be9fc3c8c077705acd7478c9c2cde7800000000000000000000000000000005]
[430/819    0s] Csc Library/Bee/artifacts/1300b0aE.dag/UnityEngine.UI.dll (+2 others) [CacheHit f8ce342cd7f0b74df0c10cc945f246c200000000000000000000000000000005]
[431/819   1786353356s] Csc Library/Bee/artifacts/1300b0aE.dag/UnityEngine.TestRunner.dll (+2 others)
[433/819   1786353356s] Csc Library/Bee/artifacts/1300b0aE.dag/UnityEngine.UI.dll (+2 others)
[435/819    0s] CopyFiles Library/ScriptAssemblies/UnityEngine.TestRunner.pdb
[436/819    0s] CopyFiles Library/ScriptAssemblies/UnityEngine.TestRunner.dll
[437/819    0s] MovedFromExtractor Library/Bee/artifacts/mvdfrm/UnityEngine.UI.ref.dll_BDDAB6C3AC1C4D86.mvfrm
[438/819    0s] MovedFromExtractor Library/Bee/artifacts/mvdfrm/UnityEngine.TestRunner.ref.dll_7423F2FBC6CF80C4.mvfrm
[439/819    0s] MovedFromExtractor-Combine Library/Bee/artifacts/1300b0aE.dag/UnityEditor.TestRunner.dll.mvfrm
[437/819    0s] Csc Library/Bee/artifacts/1300b0aE.dag/UnityEditor.TestRunner.dll (+2 others) [CacheHit a1fbb272034acd03792935fe3aa78bc900000000000000000000000000000005]
[440/819   1786353357s] Csc Library/Bee/artifacts/1300b0aE.dag/UnityEditor.TestRunner.dll (+2 others)
[442/819    0s] CopyFiles Library/ScriptAssemblies/UnityEditor.TestRunner.dll
[443/819    0s] CopyFiles Library/ScriptAssemblies/UnityEditor.TestRunner.pdb
[444/819    0s] MovedFromExtractor Library/Bee/artifacts/mvdfrm/UnityEditor.TestRunner.ref.dll_A805A84D9B0C22D9.mvfrm
[445/819    0s] MovedFromExtractor-Combine Library/Bee/artifacts/1300b0aE.dag/UnityEditor.UI.dll.mvfrm
[442/819    0s] Csc Library/Bee/artifacts/1300b0aE.dag/UnityEditor.UI.dll (+2 others) [CacheHit 1923d84b4a194ee10bdc36420e1333a600000000000000000000000000000005]
[446/819   1786353357s] Csc Library/Bee/artifacts/1300b0aE.dag/UnityEditor.UI.dll (+2 others)
[448/819    0s] MovedFromExtractor Library/Bee/artifacts/mvdfrm/UnityEditor.UI.ref.dll_0174E068A5FA251B.mvfrm
[449/819    0s] MovedFromExtractor-Combine Library/Bee/artifacts/1300b0aE.dag/Unity.Burst.dll.mvfrm
[450/819    0s] MovedFromExtractor-Combine Library/Bee/artifacts/1300b0aE.dag/Unity.InputSystem.dll.mvfrm
[451/819    0s] MovedFromExtractor-Combine Library/Bee/artifacts/1300b0aE.dag/Unity.AI.Navigation.dll.mvfrm
[452/819    0s] MovedFromExtractor-Combine Library/Bee/artifacts/1300b0aE.dag/Unity.ShaderGraph.Utilities.dll.mvfrm
[453/819    0s] MovedFromExtractor-Combine Library/Bee/artifacts/1300b0aE.dag/Unity.Mathematics.dll.mvfrm
[454/819    0s] MovedFromExtractor-Combine Library/Bee/artifacts/1300b0aE.dag/Unity.Searcher.Editor.dll.mvfrm
[450/819    0s] Csc Library/Bee/artifacts/1300b0aE.dag/Unity.Burst.dll (+2 others) [CacheHit 5eb8e642fad5c7d5a404194f3fe8dc5e00000000000000000000000000000005]
[455/819   1786353357s] Csc Library/Bee/artifacts/1300b0aE.dag/Unity.Burst.dll (+2 others)
[457/819    0s] MovedFromExtractor-Combine Library/Bee/artifacts/1300b0aE.dag/Unity.InternalAPIEngineBridge.004.dll.mvfrm
[458/819    0s] MovedFromExtractor-Combine Library/Bee/artifacts/1300b0aE.dag/Unity.AI.Navigation.Editor.ConversionSystem.dll.mvfrm
[453/819    0s] Csc Library/Bee/artifacts/1300b0aE.dag/Unity.AI.Navigation.dll (+2 others) [CacheHit b6206dd98a278744e38bafddc6f3c17800000000000000000000000000000005]
[459/819   1786353357s] Csc Library/Bee/artifacts/1300b0aE.dag/Unity.AI.Navigation.dll (+2 others)
[454/819    0s] Csc Library/Bee/artifacts/1300b0aE.dag/Unity.InputSystem.dll (+2 others) [CacheHit b2e109401237d336ea80a351075c2d8300000000000000000000000000000005]
[461/819   1786353357s] Csc Library/Bee/artifacts/1300b0aE.dag/Unity.InputSystem.dll (+2 others)
[455/819    0s] Csc Library/Bee/artifacts/1300b0aE.dag/Unity.ShaderGraph.Utilities.dll (+2 others) [CacheHit b23fc75055fe887598ee874ae53bb89500000000000000000000000000000005]
[463/819   1786353357s] Csc Library/Bee/artifacts/1300b0aE.dag/Unity.ShaderGraph.Utilities.dll (+2 others)
[456/819    0s] Csc Library/Bee/artifacts/1300b0aE.dag/Unity.Mathematics.dll (+2 others) [CacheHit 1df480d283e65d02299d8a0c6d285c7a00000000000000000000000000000005]
[465/819   1786353357s] Csc Library/Bee/artifacts/1300b0aE.dag/Unity.Mathematics.dll (+2 others)
[457/819    0s] Csc Library/Bee/artifacts/1300b0aE.dag/Unity.Searcher.Editor.dll (+2 others) [CacheHit bc7d71bc2a4f4a5e753842fa4b86cbd300000000000000000000000000000005]
[467/819   1786353357s] Csc Library/Bee/artifacts/1300b0aE.dag/Unity.Searcher.Editor.dll (+2 others)
[458/819    0s] Csc Library/Bee/artifacts/1300b0aE.dag/Unity.AI.Navigation.Editor.ConversionSystem.dll (+2 others) [CacheHit e1f78df5abf5219d7919c89b3d5ed9ae00000000000000000000000000000005]
[469/819   1786353357s] Csc Library/Bee/artifacts/1300b0aE.dag/Unity.AI.Navigation.Editor.ConversionSystem.dll (+2 others)
[459/819    0s] Csc Library/Bee/artifacts/1300b0aE.dag/Unity.InternalAPIEngineBridge.004.dll (+2 others) [CacheHit 5de4d9b985a12f9942971c5424f625a600000000000000000000000000000005]
[471/819   1786353357s] Csc Library/Bee/artifacts/1300b0aE.dag/Unity.InternalAPIEngineBridge.004.dll (+2 others)
[473/819    0s] MovedFromExtractor Library/Bee/artifacts/mvdfrm/Unity.InputSystem.ref.dll_7B1D397D2193763B.mvfrm
[474/819    0s] MovedFromExtractor Library/Bee/artifacts/mvdfrm/Unity.Burst.ref.dll_3835BB91EC2C0D62.mvfrm
[475/819    0s] MovedFromExtractor Library/Bee/artifacts/mvdfrm/Unity.InternalAPIEngineBridge.004.ref.dll_03149B7CA829DDE0.mvfrm
[476/819    0s] MovedFromExtractor Library/Bee/artifacts/mvdfrm/Unity.ShaderGraph.Utilities.ref.dll_BC17D64B4E058897.mvfrm
[477/819    0s] MovedFromExtractor Library/Bee/artifacts/mvdfrm/Unity.AI.Navigation.Editor.ConversionSystem.ref.dll_9957BA1AF208A4B4.mvfrm
[478/819    0s] MovedFromExtractor Library/Bee/artifacts/mvdfrm/Unity.Searcher.Editor.ref.dll_1D712DD21DFFF248.mvfrm
[479/819    0s] MovedFromExtractor Library/Bee/artifacts/mvdfrm/Unity.Mathematics.ref.dll_66DE4C1C9A03AD08.mvfrm
[480/819    0s] MovedFromExtractor Library/Bee/artifacts/mvdfrm/Unity.AI.Navigation.ref.dll_B8DD527C37A2B60C.mvfrm
[481/819    0s] MovedFromExtractor-Combine Library/Bee/artifacts/1300b0aE.dag/Unity.Multiplayer.Center.Common.dll.mvfrm
[482/819    0s] MovedFromExtractor-Combine Library/Bee/artifacts/1300b0aE.dag/Unity.Burst.CodeGen.dll.mvfrm
[483/819    0s] MovedFromExtractor-Combine Library/Bee/artifacts/1300b0aE.dag/Unity.VisualScripting.Core.dll.mvfrm
[484/819    0s] MovedFromExtractor-Combine Library/Bee/artifacts/1300b0aE.dag/Unity.TextMeshPro.dll.mvfrm
[472/819    0s] Csc Library/Bee/artifacts/1300b0aE.dag/Unity.Burst.CodeGen.dll (+2 others) [CacheHit a3072dbdfecdb9c9ac95e04e6a4b9cc100000000000000000000000000000005]
[485/819   1786353357s] Csc Library/Bee/artifacts/1300b0aE.dag/Unity.Burst.CodeGen.dll (+2 others)
[473/819    0s] Csc Library/Bee/artifacts/1300b0aE.dag/Unity.VisualScripting.Core.dll (+2 others) [CacheHit 194153fe684849542b64eb0ce1edd39200000000000000000000000000000005]
[473/819    0s] Csc Library/Bee/artifacts/1300b0aE.dag/Unity.TextMeshPro.dll (+2 others) [CacheHit 041418e50fa39df6a8ad21e206c29a3900000000000000000000000000000005]
[487/819   1786353357s] Csc Library/Bee/artifacts/1300b0aE.dag/Unity.VisualScripting.Core.dll (+2 others)
[489/819   1786353357s] Csc Library/Bee/artifacts/1300b0aE.dag/Unity.TextMeshPro.dll (+2 others)
[491/819    0s] MovedFromExtractor-Combine Library/Bee/artifacts/1300b0aE.dag/Unity.Burst.Editor.dll.mvfrm
[476/819    0s] Csc Library/Bee/artifacts/1300b0aE.dag/Unity.Multiplayer.Center.Common.dll (+2 others) [CacheHit 2468086cde155729a92a66d9dfbd93b900000000000000000000000000000005]
[492/819   1786353357s] Csc Library/Bee/artifacts/1300b0aE.dag/Unity.Multiplayer.Center.Common.dll (+2 others)
[494/819    0s] MovedFromExtractor-Combine Library/Bee/artifacts/1300b0aE.dag/Unity.Timeline.dll.mvfrm
[478/819    0s] Csc Library/Bee/artifacts/1300b0aE.dag/Unity.Burst.Editor.dll (+2 others) [CacheHit de9684a2eca5e9b2ed6406d0b2ffdc0c00000000000000000000000000000005]
[495/819   1786353357s] Csc Library/Bee/artifacts/1300b0aE.dag/Unity.Burst.Editor.dll (+2 others)
[497/819    0s] MovedFromExtractor-Combine Library/Bee/artifacts/1300b0aE.dag/Unity.Collections.dll.mvfrm
[480/819    0s] Csc Library/Bee/artifacts/1300b0aE.dag/Unity.Timeline.dll (+2 others) [CacheHit 865106a4f1957b5bccfec30c401e844300000000000000000000000000000005]
[498/819   1786353357s] Csc Library/Bee/artifacts/1300b0aE.dag/Unity.Timeline.dll (+2 others)
[500/819    0s] MovedFromExtractor-Combine Library/Bee/artifacts/1300b0aE.dag/Unity.Mathematics.Editor.dll.mvfrm
[501/819    0s] MovedFromExtractor-Combine Library/Bee/artifacts/1300b0aE.dag/Unity.AI.Navigation.Editor.dll.mvfrm
[483/819    0s] Csc Library/Bee/artifacts/1300b0aE.dag/Unity.Collections.dll (+2 others) [CacheHit 96735754149a82dec35246471b34aae200000000000000000000000000000005]
[502/819   1786353357s] Csc Library/Bee/artifacts/1300b0aE.dag/Unity.Collections.dll (+2 others)
[484/819    0s] Csc Library/Bee/artifacts/1300b0aE.dag/Unity.Mathematics.Editor.dll (+2 others) [CacheHit 9f9626147ed0d9dc20183ccbe31874a800000000000000000000000000000005]
[504/819   1786353357s] Csc Library/Bee/artifacts/1300b0aE.dag/Unity.Mathematics.Editor.dll (+2 others)
[485/819    0s] Csc Library/Bee/artifacts/1300b0aE.dag/Unity.AI.Navigation.Editor.dll (+2 others) [CacheHit e7d1c1d23eb16553a9794d5bda87232d00000000000000000000000000000005]
[506/819   1786353357s] Csc Library/Bee/artifacts/1300b0aE.dag/Unity.AI.Navigation.Editor.dll (+2 others)
[508/819    0s] MovedFromExtractor Library/Bee/artifacts/mvdfrm/Unity.VisualScripting.Core.ref.dll_BF8650D11F8E519A.mvfrm
[509/819    0s] MovedFromExtractor-Combine Library/Bee/artifacts/1300b0aE.dag/Unity.PlasticSCM.Editor.dll.mvfrm
[510/819    0s] MovedFromExtractor Library/Bee/artifacts/mvdfrm/Unity.TextMeshPro.ref.dll_02929A3ECA791895.mvfrm
[511/819    0s] MovedFromExtractor Library/Bee/artifacts/mvdfrm/Unity.Mathematics.Editor.ref.dll_553CFFCCE7430329.mvfrm
[512/819    0s] MovedFromExtractor Library/Bee/artifacts/mvdfrm/Unity.Burst.Editor.ref.dll_222C82CECB47A66F.mvfrm
[513/819    0s] MovedFromExtractor Library/Bee/artifacts/mvdfrm/Unity.AI.Navigation.Editor.ref.dll_61B1FDAFDA0EF665.mvfrm
[514/819    0s] MovedFromExtractor Library/Bee/artifacts/mvdfrm/Unity.Timeline.ref.dll_16F8EA6B67022FB5.mvfrm
[515/819    0s] MovedFromExtractor Library/Bee/artifacts/mvdfrm/Unity.Collections.ref.dll_E35BE511F4283487.mvfrm
[494/819    0s] Csc Library/Bee/artifacts/1300b0aE.dag/Unity.PlasticSCM.Editor.dll (+2 others) [CacheHit 8cd38fc7ab59ac41be984dc3f87624f500000000000000000000000000000005]
[516/819   1786353357s] Csc Library/Bee/artifacts/1300b0aE.dag/Unity.PlasticSCM.Editor.dll (+2 others)
[518/819    0s] MovedFromExtractor-Combine Library/Bee/artifacts/1300b0aE.dag/Unity.VisualScripting.Flow.dll.mvfrm
[519/819    0s] MovedFromExtractor-Combine Library/Bee/artifacts/1300b0aE.dag/Unity.VisualScripting.Core.Editor.dll.mvfrm
[520/819    0s] MovedFromExtractor Library/Bee/artifacts/mvdfrm/Unity.Multiplayer.Center.Common.ref.dll_FF44434556825F42.mvfrm
[498/819    0s] Csc Library/Bee/artifacts/1300b0aE.dag/Unity.VisualScripting.Flow.dll (+2 others) [CacheHit 53ab64728d4ee078acaed15d4bf546eb00000000000000000000000000000005]
[521/819   1786353357s] Csc Library/Bee/artifacts/1300b0aE.dag/Unity.VisualScripting.Flow.dll (+2 others)
[499/819    0s] Csc Library/Bee/artifacts/1300b0aE.dag/Unity.VisualScripting.Core.Editor.dll (+2 others) [CacheHit 6800bbccaf3cc2dbd6588e884337586e00000000000000000000000000000005]
[523/819   1786353357s] Csc Library/Bee/artifacts/1300b0aE.dag/Unity.VisualScripting.Core.Editor.dll (+2 others)
[525/819    0s] MovedFromExtractor-Combine Library/Bee/artifacts/1300b0aE.dag/Unity.Timeline.Editor.dll.mvfrm
[526/819    0s] MovedFromExtractor-Combine Library/Bee/artifacts/1300b0aE.dag/Unity.RenderPipelines.Core.Runtime.dll.mvfrm
[527/819    0s] MovedFromExtractor-Combine Library/Bee/artifacts/1300b0aE.dag/Unity.Rider.Editor.dll.mvfrm
[528/819    0s] MovedFromExtractor-Combine Library/Bee/artifacts/1300b0aE.dag/Unity.UnifiedRayTracing.Runtime.dll.mvfrm
[529/819    0s] MovedFromExtractor-Combine Library/Bee/artifacts/1300b0aE.dag/Unity.Collections.CodeGen.dll.mvfrm
[530/819    0s] MovedFromExtractor-Combine Library/Bee/artifacts/1300b0aE.dag/Unity.VisualStudio.Editor.dll.mvfrm
[506/819    0s] Csc Library/Bee/artifacts/1300b0aE.dag/Unity.RenderPipelines.Core.Runtime.dll (+2 others) [CacheHit 30f0e501865ac31920ef3a8805656c8a00000000000000000000000000000005]
[531/819   1786353357s] Csc Library/Bee/artifacts/1300b0aE.dag/Unity.RenderPipelines.Core.Runtime.dll (+2 others)
[507/819    0s] Csc Library/Bee/artifacts/1300b0aE.dag/Unity.UnifiedRayTracing.Runtime.dll (+2 others) [CacheHit a9886df09c8d441129fd3dd7b1c1f68f00000000000000000000000000000005]
[533/819   1786353357s] Csc Library/Bee/artifacts/1300b0aE.dag/Unity.UnifiedRayTracing.Runtime.dll (+2 others)
[508/819    0s] Csc Library/Bee/artifacts/1300b0aE.dag/Unity.Collections.CodeGen.dll (+2 others) [CacheHit 9fa8c1f112b3ce09bbd103d82e25764e00000000000000000000000000000005]
[535/819   1786353357s] Csc Library/Bee/artifacts/1300b0aE.dag/Unity.Collections.CodeGen.dll (+2 others)
[537/819    0s] MovedFromExtractor Library/Bee/artifacts/mvdfrm/Unity.VisualScripting.Flow.ref.dll_06973127A197C649.mvfrm
[538/819    0s] MovedFromExtractor Library/Bee/artifacts/mvdfrm/Unity.VisualScripting.Core.Editor.ref.dll_514B12BC0D1D8DB7.mvfrm
[539/819    0s] MovedFromExtractor-Combine Library/Bee/artifacts/1300b0aE.dag/Unity.Multiplayer.Center.Editor.dll.mvfrm
[540/819    0s] MovedFromExtractor-Combine Library/Bee/artifacts/1300b0aE.dag/Unity.Collections.Editor.dll.mvfrm
[541/819    0s] MovedFromExtractor-Combine Library/Bee/artifacts/1300b0aE.dag/Unity.AI.Navigation.Updater.dll.mvfrm
[542/819    0s] MovedFromExtractor Library/Bee/artifacts/mvdfrm/Unity.RenderPipelines.Core.Runtime.ref.dll_CA4A63933BEF3AB0.mvfrm
[543/819    0s] MovedFromExtractor Library/Bee/artifacts/mvdfrm/Unity.UnifiedRayTracing.Runtime.ref.dll_241FCEC466B71A86.mvfrm
[544/819    0s] MovedFromExtractor-Combine Library/Bee/artifacts/1300b0aE.dag/Unity.VisualScripting.Flow.Editor.dll.mvfrm
[545/819    0s] MovedFromExtractor-Combine Library/Bee/artifacts/1300b0aE.dag/Unity.VisualScripting.State.dll.mvfrm
[546/819    0s] MovedFromExtractor-Combine Library/Bee/artifacts/1300b0aE.dag/Unity.InputSystem.ForUI.dll.mvfrm
[547/819    0s] MovedFromExtractor-Combine Library/Bee/artifacts/1300b0aE.dag/Unity.Rendering.LightTransport.Editor.dll.mvfrm
[520/819    0s] Csc Library/Bee/artifacts/1300b0aE.dag/Unity.VisualScripting.Flow.Editor.dll (+2 others) [CacheHit 574079200fc213828ccb4ed3e4c84dea00000000000000000000000000000005]
[548/819   1786353358s] Csc Library/Bee/artifacts/1300b0aE.dag/Unity.VisualScripting.Flow.Editor.dll (+2 others)
[521/819    0s] Csc Library/Bee/artifacts/1300b0aE.dag/Unity.VisualScripting.State.dll (+2 others) [CacheHit d10779ed68109e8404625b6b50acfabe00000000000000000000000000000005]
[550/819   1786353358s] Csc Library/Bee/artifacts/1300b0aE.dag/Unity.VisualScripting.State.dll (+2 others)
[552/819    0s] MovedFromExtractor-Combine Library/Bee/artifacts/1300b0aE.dag/Unity.RenderPipelines.GPUDriven.Runtime.dll.mvfrm
[553/819    0s] MovedFromExtractor-Combine Library/Bee/artifacts/1300b0aE.dag/UnityEditor.UI.Analytics.dll.mvfrm
[554/819    0s] MovedFromExtractor-Combine Library/Bee/artifacts/1300b0aE.dag/Unity.RenderPipeline.Universal.ShaderLibrary.dll.mvfrm
[525/819    0s] Csc Library/Bee/artifacts/1300b0aE.dag/Unity.RenderPipelines.GPUDriven.Runtime.dll (+2 others) [CacheHit 8d038130af7a512e8c5290f28474487e00000000000000000000000000000005]
[555/819   1786353358s] Csc Library/Bee/artifacts/1300b0aE.dag/Unity.RenderPipelines.GPUDriven.Runtime.dll (+2 others)
[557/819    0s] MovedFromExtractor-Combine Library/Bee/artifacts/1300b0aE.dag/Unity.RenderPipelines.Core.Runtime.Shared.dll.mvfrm
[558/819    0s] MovedFromExtractor-Combine Library/Bee/artifacts/1300b0aE.dag/Unity.RenderPipelines.Universal.Config.Runtime.dll.mvfrm
[528/819    0s] Csc Library/Bee/artifacts/1300b0aE.dag/Unity.RenderPipeline.Universal.ShaderLibrary.dll (+2 others) [CacheHit da51c021bc05d1929d940e1779b1f6e600000000000000000000000000000005]
[559/819   1786353358s] Csc Library/Bee/artifacts/1300b0aE.dag/Unity.RenderPipeline.Universal.ShaderLibrary.dll (+2 others)
[529/819    0s] Csc Library/Bee/artifacts/1300b0aE.dag/Unity.RenderPipelines.Universal.Config.Runtime.dll (+2 others) [CacheHit 8f90fad252d6e1655545847c615e50b900000000000000000000000000000005]
[561/819   1786353358s] Csc Library/Bee/artifacts/1300b0aE.dag/Unity.RenderPipelines.Universal.Config.Runtime.dll (+2 others)
[530/819    0s] Csc Library/Bee/artifacts/1300b0aE.dag/Unity.RenderPipelines.Core.Runtime.Shared.dll (+2 others) [CacheHit 8f41b01c1dce70c76f3516fbe89d0ed200000000000000000000000000000005]
[563/819   1786353358s] Csc Library/Bee/artifacts/1300b0aE.dag/Unity.RenderPipelines.Core.Runtime.Shared.dll (+2 others)
[565/819    0s] ILPP-Configuration Library/ilpp-configuration.nevergeneratedoutput
[566/819    0s] MovedFromExtractor Library/Bee/artifacts/mvdfrm/Unity.VisualScripting.Flow.Editor.ref.dll_CE7BFB6B1BFC18F8.mvfrm
[567/819    0s] MovedFromExtractor-Combine Library/Bee/artifacts/1300b0aE.dag/Unity.TextMeshPro.Editor.dll.mvfrm
[568/819    0s] MovedFromExtractor Library/Bee/artifacts/mvdfrm/Unity.VisualScripting.State.ref.dll_900B338E31D9525C.mvfrm
[569/819    0s] MovedFromExtractor Library/Bee/artifacts/mvdfrm/Unity.RenderPipelines.GPUDriven.Runtime.ref.dll_D787A0DCFA114319.mvfrm
[570/819    0s] MovedFromExtractor Library/Bee/artifacts/mvdfrm/Unity.RenderPipelines.Universal.Config.Runtime.ref.dll_547D2080E01BE466.mvfrm
[571/819    0s] MovedFromExtractor Library/Bee/artifacts/mvdfrm/Unity.RenderPipeline.Universal.ShaderLibrary.ref.dll_D7DD283915E480F1.mvfrm
[538/819    0s] Csc Library/Bee/artifacts/1300b0aE.dag/Unity.Rider.Editor.dll (+2 others) [CacheHit 4cd75a4aebea060aaed82c413bc69bc800000000000000000000000000000005]
[572/819   1786353358s] Csc Library/Bee/artifacts/1300b0aE.dag/Unity.Rider.Editor.dll (+2 others)
[574/819    0s] MovedFromExtractor Library/Bee/artifacts/mvdfrm/Unity.RenderPipelines.Core.Runtime.Shared.ref.dll_7A1EBD19F46C9779.mvfrm
[575/819    0s] MovedFromExtractor-Combine Library/Bee/artifacts/1300b0aE.dag/Unity.RenderPipelines.Universal.Shaders.dll.mvfrm
[541/819    0s] Csc Library/Bee/artifacts/1300b0aE.dag/Unity.VisualStudio.Editor.dll (+2 others) [CacheHit 47f812f0405c7135f5ad0d9bdbe6ab2000000000000000000000000000000005]
[576/819   1786353358s] Csc Library/Bee/artifacts/1300b0aE.dag/Unity.VisualStudio.Editor.dll (+2 others)
[578/819    0s] MovedFromExtractor-Combine Library/Bee/artifacts/1300b0aE.dag/Unity.RenderPipelines.Core.ShaderLibrary.dll.mvfrm
[543/819    0s] Csc Library/Bee/artifacts/1300b0aE.dag/Unity.TextMeshPro.Editor.dll (+2 others) [CacheHit 9797ae76aca1de06e9afed115e7c062400000000000000000000000000000005]
[579/819   1786353358s] Csc Library/Bee/artifacts/1300b0aE.dag/Unity.TextMeshPro.Editor.dll (+2 others)
[544/819    0s] Csc Library/Bee/artifacts/1300b0aE.dag/Unity.RenderPipelines.Core.ShaderLibrary.dll (+2 others) [CacheHit 46f725a8887d357087d9a8312071457200000000000000000000000000000005]
[581/819   1786353358s] Csc Library/Bee/artifacts/1300b0aE.dag/Unity.RenderPipelines.Core.ShaderLibrary.dll (+2 others)
[545/819    0s] Csc Library/Bee/artifacts/1300b0aE.dag/Unity.RenderPipelines.Universal.Shaders.dll (+2 others) [CacheHit ba00244f1795bd6cc430b1ec1ad2a9d500000000000000000000000000000005]
[583/819   1786353358s] Csc Library/Bee/artifacts/1300b0aE.dag/Unity.RenderPipelines.Universal.Shaders.dll (+2 others)
[546/819    0s] Csc Library/Bee/artifacts/1300b0aE.dag/Unity.InputSystem.ForUI.dll (+2 others) [CacheHit 83612f95dfa0c29ece2c3d1e9257046b00000000000000000000000000000005]
[585/819   1786353358s] Csc Library/Bee/artifacts/1300b0aE.dag/Unity.InputSystem.ForUI.dll (+2 others)
[547/819    0s] Csc Library/Bee/artifacts/1300b0aE.dag/UnityEditor.UI.Analytics.dll (+2 others) [CacheHit 9c78f1c4870f6f24d3c0f2a25e21812000000000000000000000000000000005]
[587/819   1786353358s] Csc Library/Bee/artifacts/1300b0aE.dag/UnityEditor.UI.Analytics.dll (+2 others)
[548/819    0s] Csc Library/Bee/artifacts/1300b0aE.dag/Unity.Rendering.LightTransport.Editor.dll (+2 others) [CacheHit fc39b1f5a3f7f671f8bb2864dd6c20ca00000000000000000000000000000005]
[589/819   1786353358s] Csc Library/Bee/artifacts/1300b0aE.dag/Unity.Rendering.LightTransport.Editor.dll (+2 others)
[591/819    0s] MovedFromExtractor-Combine Library/Bee/artifacts/1300b0aE.dag/Unity.RenderPipelines.ShaderGraph.ShaderGraphLibrary.dll.mvfrm
[592/819    0s] MovedFromExtractor-Combine Library/Bee/artifacts/1300b0aE.dag/Unity.VisualScripting.State.Editor.dll.mvfrm
[551/819    0s] Csc Library/Bee/artifacts/1300b0aE.dag/Unity.Multiplayer.Center.Editor.dll (+2 others) [CacheHit 4f2e23370264101cbe95210d8bf5f77b00000000000000000000000000000005]
[593/819   1786353358s] Csc Library/Bee/artifacts/1300b0aE.dag/Unity.Multiplayer.Center.Editor.dll (+2 others)
[595/819    0s] MovedFromExtractor-Combine Library/Bee/artifacts/1300b0aE.dag/Unity.RenderPipelines.Core.Editor.dll.mvfrm
[553/819    0s] Csc Library/Bee/artifacts/1300b0aE.dag/Unity.AI.Navigation.Updater.dll (+2 others) [CacheHit 92a84007a242ee4c5de7890244d8851800000000000000000000000000000005]
[596/819   1786353358s] Csc Library/Bee/artifacts/1300b0aE.dag/Unity.AI.Navigation.Updater.dll (+2 others)
[554/819    0s] Csc Library/Bee/artifacts/1300b0aE.dag/Unity.RenderPipelines.ShaderGraph.ShaderGraphLibrary.dll (+2 others) [CacheHit 5af46f96018a0e1ebf3a5ca9731f41d700000000000000000000000000000005]
[598/819   1786353358s] Csc Library/Bee/artifacts/1300b0aE.dag/Unity.RenderPipelines.ShaderGraph.ShaderGraphLibrary.dll (+2 others)
[555/819    0s] Csc Library/Bee/artifacts/1300b0aE.dag/Unity.Collections.Editor.dll (+2 others) [CacheHit 2b8700c39f552bbb0b89a3b14234cb1600000000000000000000000000000005]
[600/819   1786353358s] Csc Library/Bee/artifacts/1300b0aE.dag/Unity.Collections.Editor.dll (+2 others)
[556/819    0s] Csc Library/Bee/artifacts/1300b0aE.dag/Unity.VisualScripting.State.Editor.dll (+2 others) [CacheHit 8ae1ac8862d2a8d7e2e31a2cb4a6514100000000000000000000000000000005]
[602/819   1786353358s] Csc Library/Bee/artifacts/1300b0aE.dag/Unity.VisualScripting.State.Editor.dll (+2 others)
[604/819    0s] MovedFromExtractor-Combine Library/Bee/artifacts/1300b0aE.dag/Unity.VisualScripting.SettingsProvider.Editor.dll.mvfrm
[558/819    0s] Csc Library/Bee/artifacts/1300b0aE.dag/Unity.VisualScripting.SettingsProvider.Editor.dll (+2 others) [CacheHit d28fb2c6a7653ea4922502033a3b02d300000000000000000000000000000005]
[605/819   1786353358s] Csc Library/Bee/artifacts/1300b0aE.dag/Unity.VisualScripting.SettingsProvider.Editor.dll (+2 others)
[607/819    0s] MovedFromExtractor-Combine Library/Bee/artifacts/1300b0aE.dag/Unity.RenderPipelines.Universal.Runtime.dll.mvfrm
[560/819    0s] Csc Library/Bee/artifacts/1300b0aE.dag/Unity.RenderPipelines.Universal.Runtime.dll (+2 others) [CacheHit f901519c5f80cfcc1eb58bc045f25e1500000000000000000000000000000005]
[608/819   1786353358s] Csc Library/Bee/artifacts/1300b0aE.dag/Unity.RenderPipelines.Universal.Runtime.dll (+2 others)
[561/819    0s] Csc Library/Bee/artifacts/1300b0aE.dag/Unity.RenderPipelines.Core.Editor.dll (+2 others) [CacheHit 255763292f4ceb0091fc5ae09ebef71b00000000000000000000000000000005]
[610/819    0s] MovedFromExtractor-Combine Library/Bee/artifacts/1300b0aE.dag/UniWebView-CSharp.Editor.dll.mvfrm
[611/819   1786353358s] Csc Library/Bee/artifacts/1300b0aE.dag/Unity.RenderPipelines.Core.Editor.dll (+2 others)
[613/819    0s] MovedFromExtractor-Combine Library/Bee/artifacts/1300b0aE.dag/Unity.PerformanceTesting.dll.mvfrm
[614/819    0s] MovedFromExtractor Library/Bee/artifacts/mvdfrm/Unity.VisualScripting.State.Editor.ref.dll_DC1879B0E64A8F15.mvfrm
[565/819    0s] Csc Library/Bee/artifacts/1300b0aE.dag/Unity.Timeline.Editor.dll (+2 others) [CacheHit 371eb51a47810c1de8e81452fce8afbf00000000000000000000000000000005]
[615/819   1786353358s] Csc Library/Bee/artifacts/1300b0aE.dag/Unity.Timeline.Editor.dll (+2 others)
[617/819    0s] MovedFromExtractor Library/Bee/artifacts/mvdfrm/Unity.PlasticSCM.Editor.ref.dll_A558B9E65539D7D0.mvfrm
[567/819    0s] Csc Library/Bee/artifacts/1300b0aE.dag/Unity.PerformanceTesting.dll (+2 others) [CacheHit 31207f41b01c75ba9a7496ba92766eca00000000000000000000000000000005]
[618/819   1786353358s] Csc Library/Bee/artifacts/1300b0aE.dag/Unity.PerformanceTesting.dll (+2 others)
[620/819    0s] MovedFromExtractor-Combine Library/Bee/artifacts/1300b0aE.dag/UniWebView-CSharp.dll.mvfrm
[621/819    0s] MovedFromExtractor Library/Bee/artifacts/mvdfrm/Unity.RenderPipelines.Universal.Runtime.ref.dll_9692FC5A7F88C564.mvfrm
[622/819    0s] MovedFromExtractor Library/Bee/artifacts/mvdfrm/Unity.VisualScripting.SettingsProvider.Editor.ref.dll_EE1755C0672F8EE2.mvfrm
[623/819    0s] MovedFromExtractor Library/Bee/artifacts/mvdfrm/Unity.Timeline.Editor.ref.dll_17F688653313AA4C.mvfrm
[624/819    0s] MovedFromExtractor-Combine Library/Bee/artifacts/1300b0aE.dag/Unity.VisualScripting.Shared.Editor.dll.mvfrm
[625/819    0s] MovedFromExtractor Library/Bee/artifacts/mvdfrm/Unity.RenderPipelines.Core.Editor.ref.dll_AA6E4515E60A494B.mvfrm
[574/819    0s] Csc Library/Bee/artifacts/1300b0aE.dag/Unity.VisualScripting.Shared.Editor.dll (+2 others) [CacheHit cb8d089bd41e51c49c2cf1f0e2c4679e00000000000000000000000000000005]
[626/819   1786353358s] Csc Library/Bee/artifacts/1300b0aE.dag/Unity.VisualScripting.Shared.Editor.dll (+2 others)
[628/819    0s] MovedFromExtractor Library/Bee/artifacts/mvdfrm/Unity.Collections.Editor.ref.dll_9F654E91229F989A.mvfrm
[629/819    0s] MovedFromExtractor-Combine Library/Bee/artifacts/1300b0aE.dag/Unity.RenderPipelines.Universal.2D.Runtime.dll.mvfrm
[577/819    0s] Csc Library/Bee/artifacts/1300b0aE.dag/Unity.RenderPipelines.Universal.2D.Runtime.dll (+2 others) [CacheHit c41ebb8b90709043efa6a0cea318f6d600000000000000000000000000000005]
[630/819   1786353358s] Csc Library/Bee/artifacts/1300b0aE.dag/Unity.RenderPipelines.Universal.2D.Runtime.dll (+2 others)
[632/819    0s] MovedFromExtractor-Combine Library/Bee/artifacts/1300b0aE.dag/Unity.ShaderGraph.Editor.dll.mvfrm
[633/819    0s] MovedFromExtractor Library/Bee/artifacts/mvdfrm/Unity.RenderPipelines.ShaderGraph.ShaderGraphLibrary.ref.dll_DF61AD73468C057E.mvfrm
[580/819    0s] Csc Library/Bee/artifacts/1300b0aE.dag/Unity.ShaderGraph.Editor.dll (+2 others) [CacheHit 8e081ac37b86b6f1e8f2b0337a552fdb00000000000000000000000000000005]
[634/819   1786353358s] Csc Library/Bee/artifacts/1300b0aE.dag/Unity.ShaderGraph.Editor.dll (+2 others)
[636/819    0s] MovedFromExtractor Library/Bee/artifacts/mvdfrm/Unity.AI.Navigation.Updater.ref.dll_EBACA68F09445567.mvfrm
[637/819    0s] MovedFromExtractor-Combine Library/Bee/artifacts/1300b0aE.dag/Unity.RenderPipelines.Core.Editor.Shared.dll.mvfrm
[583/819    0s] Csc Library/Bee/artifacts/1300b0aE.dag/Unity.RenderPipelines.Core.Editor.Shared.dll (+2 others) [CacheHit 4fec554ad2ce8a5d985ecf16dbe4ccfc00000000000000000000000000000005]
[638/819   1786353358s] Csc Library/Bee/artifacts/1300b0aE.dag/Unity.RenderPipelines.Core.Editor.Shared.dll (+2 others)
[640/819    0s] MovedFromExtractor Library/Bee/artifacts/mvdfrm/Unity.VisualScripting.Shared.Editor.ref.dll_6CA31C4FA5286AB1.mvfrm
[641/819    0s] MovedFromExtractor Library/Bee/artifacts/mvdfrm/Unity.RenderPipelines.Universal.2D.Runtime.ref.dll_08FC95EA5BB50F16.mvfrm
[642/819    0s] MovedFromExtractor Library/Bee/artifacts/mvdfrm/Unity.Multiplayer.Center.Editor.ref.dll_FC2D3B4057A989C4.mvfrm
[643/819    0s] MovedFromExtractor Library/Bee/artifacts/mvdfrm/Unity.Rendering.LightTransport.Editor.ref.dll_2C1A528DE6C1BDE8.mvfrm
[644/819    0s] MovedFromExtractor Library/Bee/artifacts/mvdfrm/Unity.ShaderGraph.Editor.ref.dll_CA6C4521A25CEDB6.mvfrm
[645/819    0s] MovedFromExtractor Library/Bee/artifacts/mvdfrm/Unity.RenderPipelines.Core.Editor.Shared.ref.dll_B38CF3A4312C0B8E.mvfrm
[646/819    0s] MovedFromExtractor Library/Bee/artifacts/mvdfrm/UnityEditor.UI.Analytics.ref.dll_F680D59C02A89143.mvfrm
[647/819    0s] MovedFromExtractor Library/Bee/artifacts/mvdfrm/Unity.InputSystem.ForUI.ref.dll_8456852F39E72DEA.mvfrm
[648/819    0s] MovedFromExtractor Library/Bee/artifacts/mvdfrm/Unity.RenderPipelines.Core.ShaderLibrary.ref.dll_38159DB35CC29EFE.mvfrm
[649/819    0s] MovedFromExtractor Library/Bee/artifacts/mvdfrm/Unity.RenderPipelines.Universal.Shaders.ref.dll_D6FB0BA3BDF7609A.mvfrm
[650/819    0s] MovedFromExtractor Library/Bee/artifacts/mvdfrm/Unity.TextMeshPro.Editor.ref.dll_D0BA3615D322EF6C.mvfrm
[651/819    0s] MovedFromExtractor-Combine Library/Bee/artifacts/1300b0aE.dag/Unity.RenderPipelines.Universal.Editor.dll.mvfrm
[596/819    0s] Csc Library/Bee/artifacts/1300b0aE.dag/Unity.RenderPipelines.Universal.Editor.dll (+2 others) [CacheHit ec96a87e0c9621bad9e800738a559c4500000000000000000000000000000005]
[652/819   1786353358s] Csc Library/Bee/artifacts/1300b0aE.dag/Unity.RenderPipelines.Universal.Editor.dll (+2 others)
[654/819    0s] MovedFromExtractor-Combine Library/Bee/artifacts/1300b0aE.dag/Unity.RenderPipelines.Universal.2D.Editor.Overrides.dll.mvfrm
[655/819    0s] MovedFromExtractor Library/Bee/artifacts/mvdfrm/Unity.PerformanceTesting.ref.dll_B4B9F9210D591244.mvfrm
[656/819    0s] MovedFromExtractor-Combine Library/Bee/artifacts/1300b0aE.dag/Unity.InputSystem.TestFramework.dll.mvfrm
[657/819    0s] MovedFromExtractor Library/Bee/artifacts/mvdfrm/Unity.Rider.Editor.ref.dll_DA88E6A3E9EB6155.mvfrm
[601/819    0s] Csc Library/Bee/artifacts/1300b0aE.dag/Unity.RenderPipelines.Universal.2D.Editor.Overrides.dll (+2 others) [CacheHit 0500444cbe913c9b774223e01a05ece300000000000000000000000000000005]
[658/819   1786353358s] Csc Library/Bee/artifacts/1300b0aE.dag/Unity.RenderPipelines.Universal.2D.Editor.Overrides.dll (+2 others)
[660/819    0s] MovedFromExtractor Library/Bee/artifacts/mvdfrm/Unity.VisualStudio.Editor.ref.dll_0FE027DDD6F41767.mvfrm
[661/819    0s] MovedFromExtractor Library/Bee/artifacts/mvdfrm/Unity.RenderPipelines.Universal.Editor.ref.dll_ECAA9E877BE61FD7.mvfrm
[662/819    0s] MovedFromExtractor-Combine Library/Bee/artifacts/1300b0aE.dag/Unity.PlasticSCM.Editor.Entities.dll.mvfrm
[663/819    0s] MovedFromExtractor-Combine Library/Bee/artifacts/1300b0aE.dag/Unity.PerformanceTesting.Editor.dll.mvfrm
[606/819    0s] Csc Library/Bee/artifacts/1300b0aE.dag/Unity.InputSystem.TestFramework.dll (+2 others) [CacheHit 08fe176edc8e2f9e3afd9e4dee714d2000000000000000000000000000000005]
[664/819   1786353358s] Csc Library/Bee/artifacts/1300b0aE.dag/Unity.InputSystem.TestFramework.dll (+2 others)
[666/819    0s] MovedFromExtractor-Combine Library/Bee/artifacts/1300b0aE.dag/Unity.VisualScripting.DocCodeExamples.dll.mvfrm
[667/819    0s] MovedFromExtractor Library/Bee/artifacts/mvdfrm/Unity.RenderPipelines.Universal.2D.Editor.Overrides.ref.dll_4DA9BB2C7000A97E.mvfrm
[668/819    0s] MovedFromExtractor-Combine Library/Bee/artifacts/1300b0aE.dag/Unity.CollabProxy.Editor.dll.mvfrm
[610/819    0s] Csc Library/Bee/artifacts/1300b0aE.dag/Unity.PerformanceTesting.Editor.dll (+2 others) [CacheHit 4e49c5255f4874c5c5bcdd0a08bb8c6700000000000000000000000000000005]
[669/819   1786353358s] Csc Library/Bee/artifacts/1300b0aE.dag/Unity.PerformanceTesting.Editor.dll (+2 others)
[611/819    0s] Csc Library/Bee/artifacts/1300b0aE.dag/Unity.VisualScripting.DocCodeExamples.dll (+2 others) [CacheHit 663e178bd83d92bcdbc1d33c5f28a13a00000000000000000000000000000005]
[671/819   1786353358s] Csc Library/Bee/artifacts/1300b0aE.dag/Unity.VisualScripting.DocCodeExamples.dll (+2 others)
[612/819    0s] Csc Library/Bee/artifacts/1300b0aE.dag/Unity.PlasticSCM.Editor.Entities.dll (+2 others) [CacheHit a429e403c6553ac0dbc4e43cb7469dce00000000000000000000000000000005]
[673/819   1786353358s] Csc Library/Bee/artifacts/1300b0aE.dag/Unity.PlasticSCM.Editor.Entities.dll (+2 others)
[613/819    0s] Csc Library/Bee/artifacts/1300b0aE.dag/Unity.CollabProxy.Editor.dll (+2 others) [CacheHit 37c52f75d84a7d79fec51e81f13dd66a00000000000000000000000000000005]
[675/819   1786353358s] Csc Library/Bee/artifacts/1300b0aE.dag/Unity.CollabProxy.Editor.dll (+2 others)
[677/819    0s] MovedFromExtractor-Combine Library/Bee/artifacts/1300b0aE.dag/PPv2URPConverters.dll.mvfrm
[678/819    0s] MovedFromExtractor-Combine Library/Bee/artifacts/1300b0aE.dag/Unity.InputSystem.DocCodeSamples.dll.mvfrm
[616/819    0s] Csc Library/Bee/artifacts/1300b0aE.dag/Unity.InputSystem.DocCodeSamples.dll (+2 others) [CacheHit a79a86b1257d8a820b691cd3196bac5100000000000000000000000000000005]
[679/819   1786353359s] Csc Library/Bee/artifacts/1300b0aE.dag/Unity.InputSystem.DocCodeSamples.dll (+2 others)
[617/819    0s] Csc Library/Bee/artifacts/1300b0aE.dag/PPv2URPConverters.dll (+2 others) [CacheHit fc2fa219a7393ac85c65c6b8759ecaae00000000000000000000000000000005]
[681/819   1786353359s] Csc Library/Bee/artifacts/1300b0aE.dag/PPv2URPConverters.dll (+2 others)
[683/819    0s] MovedFromExtractor-Combine Library/Bee/artifacts/1300b0aE.dag/Assembly-CSharp-Editor.dll.mvfrm
[684/819    0s] MovedFromExtractor-Combine Library/Bee/artifacts/1300b0aE.dag/Assembly-CSharp.dll.mvfrm
[685/819    0s] ILPostProcess Library/Bee/artifacts/1300b0aE.dag/post-processed/Unity.InputSystem.TestFramework.dll (+pdb)
Processing assembly Library/Bee/artifacts/1300b0aE.dag/Unity.InputSystem.TestFramework.dll, with 148 defines and 262 references
processors: Unity.Jobs.CodeGen.JobsILPostProcessor, zzzUnity.Burst.CodeGen.BurstILPostProcessor
running Unity.Jobs.CodeGen.JobsILPostProcessor
running zzzUnity.Burst.CodeGen.BurstILPostProcessor
[686/819    0s] ILPostProcess Library/Bee/artifacts/1300b0aE.dag/post-processed/Unity.VisualScripting.DocCodeExamples.dll (+pdb)
Processing assembly Library/Bee/artifacts/1300b0aE.dag/Unity.VisualScripting.DocCodeExamples.dll, with 147 defines and 263 references
processors: Unity.Jobs.CodeGen.JobsILPostProcessor, zzzUnity.Burst.CodeGen.BurstILPostProcessor
running Unity.Jobs.CodeGen.JobsILPostProcessor
running zzzUnity.Burst.CodeGen.BurstILPostProcessor
[687/819    0s] ILPostProcess Library/Bee/artifacts/1300b0aE.dag/post-processed/Unity.Mathematics.dll (+pdb)
Processing assembly Library/Bee/artifacts/1300b0aE.dag/Unity.Mathematics.dll, with 147 defines and 274 references
processors: Unity.Jobs.CodeGen.JobsILPostProcessor, zzzUnity.Burst.CodeGen.BurstILPostProcessor
running Unity.Jobs.CodeGen.JobsILPostProcessor
running zzzUnity.Burst.CodeGen.BurstILPostProcessor
[688/819    0s] ILPostProcess Library/Bee/artifacts/1300b0aE.dag/post-processed/Unity.TextMeshPro.dll (+pdb)
Processing assembly Library/Bee/artifacts/1300b0aE.dag/Unity.TextMeshPro.dll, with 148 defines and 275 references
processors: Unity.Jobs.CodeGen.JobsILPostProcessor, zzzUnity.Burst.CodeGen.BurstILPostProcessor
running Unity.Jobs.CodeGen.JobsILPostProcessor
running zzzUnity.Burst.CodeGen.BurstILPostProcessor
[689/819    0s] ILPostProcess Library/Bee/artifacts/1300b0aE.dag/post-processed/Unity.RenderPipelines.Universal.Config.Runtime.dll (+pdb)
Processing assembly Library/Bee/artifacts/1300b0aE.dag/Unity.RenderPipelines.Universal.Config.Runtime.dll, with 147 defines and 275 references
processors: Unity.Jobs.CodeGen.JobsILPostProcessor, zzzUnity.Burst.CodeGen.BurstILPostProcessor
running Unity.Jobs.CodeGen.JobsILPostProcessor
running zzzUnity.Burst.CodeGen.BurstILPostProcessor
[690/819    0s] ILPostProcess Library/Bee/artifacts/1300b0aE.dag/post-processed/Unity.RenderPipelines.Core.ShaderLibrary.dll (+pdb)
Processing assembly Library/Bee/artifacts/1300b0aE.dag/Unity.RenderPipelines.Core.ShaderLibrary.dll, with 147 defines and 274 references
processors: Unity.Jobs.CodeGen.JobsILPostProcessor, zzzUnity.Burst.CodeGen.BurstILPostProcessor
running Unity.Jobs.CodeGen.JobsILPostProcessor
running zzzUnity.Burst.CodeGen.BurstILPostProcessor
[691/819    0s] ILPostProcess Library/Bee/artifacts/1300b0aE.dag/post-processed/Unity.InternalAPIEngineBridge.004.dll (+pdb)
Processing assembly Library/Bee/artifacts/1300b0aE.dag/Unity.InternalAPIEngineBridge.004.dll, with 147 defines and 274 references
processors: Unity.Jobs.CodeGen.JobsILPostProcessor, zzzUnity.Burst.CodeGen.BurstILPostProcessor
running Unity.Jobs.CodeGen.JobsILPostProcessor
running zzzUnity.Burst.CodeGen.BurstILPostProcessor
[692/819    0s] ILPostProcess Library/Bee/artifacts/1300b0aE.dag/post-processed/Unity.VisualScripting.State.dll (+pdb)
Processing assembly Library/Bee/artifacts/1300b0aE.dag/Unity.VisualScripting.State.dll, with 147 defines and 276 references
processors: Unity.Jobs.CodeGen.JobsILPostProcessor, zzzUnity.Burst.CodeGen.BurstILPostProcessor
running Unity.Jobs.CodeGen.JobsILPostProcessor
running zzzUnity.Burst.CodeGen.BurstILPostProcessor
[693/819    0s] ILPostProcess Library/Bee/artifacts/1300b0aE.dag/post-processed/Unity.InputSystem.ForUI.dll (+pdb)
Processing assembly Library/Bee/artifacts/1300b0aE.dag/Unity.InputSystem.ForUI.dll, with 147 defines and 275 references
processors: Unity.Jobs.CodeGen.JobsILPostProcessor, zzzUnity.Burst.CodeGen.BurstILPostProcessor
running Unity.Jobs.CodeGen.JobsILPostProcessor
running zzzUnity.Burst.CodeGen.BurstILPostProcessor
[694/819    0s] ILPostProcess Library/Bee/artifacts/1300b0aE.dag/post-processed/Unity.Multiplayer.Center.Common.dll (+pdb)
Processing assembly Library/Bee/artifacts/1300b0aE.dag/Unity.Multiplayer.Center.Common.dll, with 147 defines and 274 references
processors: Unity.Jobs.CodeGen.JobsILPostProcessor, zzzUnity.Burst.CodeGen.BurstILPostProcessor
running Unity.Jobs.CodeGen.JobsILPostProcessor
running zzzUnity.Burst.CodeGen.BurstILPostProcessor
[695/819    0s] ILPostProcess Library/Bee/artifacts/1300b0aE.dag/post-processed/Unity.RenderPipelines.Universal.2D.Runtime.dll (+pdb)
Processing assembly Library/Bee/artifacts/1300b0aE.dag/Unity.RenderPipelines.Universal.2D.Runtime.dll, with 150 defines and 279 references
processors: Unity.Jobs.CodeGen.JobsILPostProcessor, zzzUnity.Burst.CodeGen.BurstILPostProcessor
running Unity.Jobs.CodeGen.JobsILPostProcessor
running zzzUnity.Burst.CodeGen.BurstILPostProcessor
[696/819    0s] ILPostProcess Library/Bee/artifacts/1300b0aE.dag/post-processed/Unity.Timeline.dll (+pdb)
Processing assembly Library/Bee/artifacts/1300b0aE.dag/Unity.Timeline.dll, with 148 defines and 274 references
processors: Unity.Jobs.CodeGen.JobsILPostProcessor, zzzUnity.Burst.CodeGen.BurstILPostProcessor
running Unity.Jobs.CodeGen.JobsILPostProcessor
running zzzUnity.Burst.CodeGen.BurstILPostProcessor
[697/819    0s] ILPostProcess Library/Bee/artifacts/1300b0aE.dag/post-processed/Unity.RenderPipeline.Universal.ShaderLibrary.dll (+pdb)
Processing assembly Library/Bee/artifacts/1300b0aE.dag/Unity.RenderPipeline.Universal.ShaderLibrary.dll, with 147 defines and 275 references
processors: Unity.Jobs.CodeGen.JobsILPostProcessor, zzzUnity.Burst.CodeGen.BurstILPostProcessor
running Unity.Jobs.CodeGen.JobsILPostProcessor
running zzzUnity.Burst.CodeGen.BurstILPostProcessor
[698/819    0s] ILPostProcess Library/Bee/artifacts/1300b0aE.dag/post-processed/UnityEngine.UI.dll (+pdb)
Processing assembly Library/Bee/artifacts/1300b0aE.dag/UnityEngine.UI.dll, with 153 defines and 272 references
processors: Unity.Jobs.CodeGen.JobsILPostProcessor, zzzUnity.Burst.CodeGen.BurstILPostProcessor
running Unity.Jobs.CodeGen.JobsILPostProcessor
running zzzUnity.Burst.CodeGen.BurstILPostProcessor
[699/819    0s] ILPostProcess Library/Bee/artifacts/1300b0aE.dag/post-processed/Unity.PerformanceTesting.dll (+pdb)
Processing assembly Library/Bee/artifacts/1300b0aE.dag/Unity.PerformanceTesting.dll, with 148 defines and 260 references
processors: Unity.Jobs.CodeGen.JobsILPostProcessor, zzzUnity.Burst.CodeGen.BurstILPostProcessor
running Unity.Jobs.CodeGen.JobsILPostProcessor
running zzzUnity.Burst.CodeGen.BurstILPostProcessor
[700/819    0s] ILPostProcess Library/Bee/artifacts/1300b0aE.dag/post-processed/Unity.VisualScripting.Flow.dll (+pdb)
Processing assembly Library/Bee/artifacts/1300b0aE.dag/Unity.VisualScripting.Flow.dll, with 155 defines and 276 references
processors: Unity.Jobs.CodeGen.JobsILPostProcessor, zzzUnity.Burst.CodeGen.BurstILPostProcessor
running Unity.Jobs.CodeGen.JobsILPostProcessor
running zzzUnity.Burst.CodeGen.BurstILPostProcessor
[701/819    1s] Csc Library/Bee/artifacts/1300b0aE.dag/UniWebView-CSharp.dll (+2 others)
[702/819    0s] ILPostProcess Library/Bee/artifacts/1300b0aE.dag/post-processed/Unity.Burst.dll (+pdb)
Processing assembly Library/Bee/artifacts/1300b0aE.dag/Unity.Burst.dll, with 147 defines and 262 references
processors: Unity.Jobs.CodeGen.JobsILPostProcessor, zzzUnity.Burst.CodeGen.BurstILPostProcessor
running Unity.Jobs.CodeGen.JobsILPostProcessor
running zzzUnity.Burst.CodeGen.BurstILPostProcessor
[703/819    1s] ILPostProcess Library/Bee/artifacts/1300b0aE.dag/post-processed/Unity.Collections.dll (+pdb)
Processing assembly Library/Bee/artifacts/1300b0aE.dag/Unity.Collections.dll, with 149 defines and 276 references
processors: Unity.Jobs.CodeGen.JobsILPostProcessor, zzzUnity.Burst.CodeGen.BurstILPostProcessor
running Unity.Jobs.CodeGen.JobsILPostProcessor
running zzzUnity.Burst.CodeGen.BurstILPostProcessor
[704/819    0s] ILPostProcess Library/Bee/artifacts/1300b0aE.dag/post-processed/Unity.RenderPipelines.Core.Runtime.Shared.dll (+pdb)
Processing assembly Library/Bee/artifacts/1300b0aE.dag/Unity.RenderPipelines.Core.Runtime.Shared.dll, with 147 defines and 275 references
processors: Unity.Jobs.CodeGen.JobsILPostProcessor, zzzUnity.Burst.CodeGen.BurstILPostProcessor
running Unity.Jobs.CodeGen.JobsILPostProcessor
running zzzUnity.Burst.CodeGen.BurstILPostProcessor
[705/819    2s] Csc Library/Bee/artifacts/1300b0aE.dag/UniWebView-CSharp.Editor.dll (+2 others)
[706/819    0s] ILPostProcess Library/Bee/artifacts/1300b0aE.dag/post-processed/Unity.RenderPipelines.ShaderGraph.ShaderGraphLibrary.dll (+pdb)
Processing assembly Library/Bee/artifacts/1300b0aE.dag/Unity.RenderPipelines.ShaderGraph.ShaderGraphLibrary.dll, with 147 defines and 274 references
processors: Unity.Jobs.CodeGen.JobsILPostProcessor, zzzUnity.Burst.CodeGen.BurstILPostProcessor
running Unity.Jobs.CodeGen.JobsILPostProcessor
running zzzUnity.Burst.CodeGen.BurstILPostProcessor
[707/819    0s] ILPostProcess Library/Bee/artifacts/1300b0aE.dag/post-processed/Unity.RenderPipelines.Core.Runtime.dll (+pdb)
Processing assembly Library/Bee/artifacts/1300b0aE.dag/Unity.RenderPipelines.Core.Runtime.dll, with 150 defines and 278 references
processors: Unity.Jobs.CodeGen.JobsILPostProcessor, zzzUnity.Burst.CodeGen.BurstILPostProcessor
running Unity.Jobs.CodeGen.JobsILPostProcessor
running zzzUnity.Burst.CodeGen.BurstILPostProcessor
[708/819    0s] ILPostProcess Library/Bee/artifacts/1300b0aE.dag/post-processed/UniWebView-CSharp.dll (+pdb)
Processing assembly Library/Bee/artifacts/1300b0aE.dag/UniWebView-CSharp.dll, with 147 defines and 275 references
processors: Unity.Jobs.CodeGen.JobsILPostProcessor, zzzUnity.Burst.CodeGen.BurstILPostProcessor
running Unity.Jobs.CodeGen.JobsILPostProcessor
running zzzUnity.Burst.CodeGen.BurstILPostProcessor
[709/819    0s] ILPostProcess Library/Bee/artifacts/1300b0aE.dag/post-processed/Unity.RenderPipelines.Universal.Runtime.dll (+pdb)
Processing assembly Library/Bee/artifacts/1300b0aE.dag/Unity.RenderPipelines.Universal.Runtime.dll, with 154 defines and 282 references
processors: Unity.Jobs.CodeGen.JobsILPostProcessor, zzzUnity.Burst.CodeGen.BurstILPostProcessor
running Unity.Jobs.CodeGen.JobsILPostProcessor
running zzzUnity.Burst.CodeGen.BurstILPostProcessor
[710/819    0s] ILPostProcess Library/Bee/artifacts/1300b0aE.dag/post-processed/Unity.InputSystem.dll (+pdb)
Processing assembly Library/Bee/artifacts/1300b0aE.dag/Unity.InputSystem.dll, with 158 defines and 274 references
processors: Unity.Jobs.CodeGen.JobsILPostProcessor, zzzUnity.Burst.CodeGen.BurstILPostProcessor
running Unity.Jobs.CodeGen.JobsILPostProcessor
running zzzUnity.Burst.CodeGen.BurstILPostProcessor
[711/819    0s] ILPostProcess Library/Bee/artifacts/1300b0aE.dag/post-processed/Unity.RenderPipelines.Universal.Shaders.dll (+pdb)
Processing assembly Library/Bee/artifacts/1300b0aE.dag/Unity.RenderPipelines.Universal.Shaders.dll, with 147 defines and 274 references
processors: Unity.Jobs.CodeGen.JobsILPostProcessor, zzzUnity.Burst.CodeGen.BurstILPostProcessor
running Unity.Jobs.CodeGen.JobsILPostProcessor
running zzzUnity.Burst.CodeGen.BurstILPostProcessor
[712/819    0s] Csc Library/Bee/artifacts/1300b0aE.dag/Assembly-CSharp.dll (+2 others)
Assets/Neuro-Rehab/Scripts/PatientDataManager.cs(17,32): warning CS0618: 'Object.FindObjectOfType<T>()' is obsolete: 'Object.FindObjectOfType has been deprecated. Use Object.FindFirstObjectByType instead or if finding any instance is acceptable the faster Object.FindAnyObjectByType'
Assets/Neuro-Rehab/Scripts/NeuroRehabLauncher.cs(61,30): warning CS0618: 'Object.FindObjectOfType<T>()' is obsolete: 'Object.FindObjectOfType has been deprecated. Use Object.FindFirstObjectByType instead or if finding any instance is acceptable the faster Object.FindAnyObjectByType'
Assets/Neuro-Rehab/Scripts/NeuroRehabWebViewManager.cs(15,32): warning CS0618: 'Object.FindObjectOfType<T>()' is obsolete: 'Object.FindObjectOfType has been deprecated. Use Object.FindFirstObjectByType instead or if finding any instance is acceptable the faster Object.FindAnyObjectByType'
Assets/Neuro-Rehab/Scripts/NeuroRehabLauncher.cs(175,27): warning CS0618: 'Object.FindObjectOfType<T>()' is obsolete: 'Object.FindObjectOfType has been deprecated. Use Object.FindFirstObjectByType instead or if finding any instance is acceptable the faster Object.FindAnyObjectByType'
[713/819    0s] ILPostProcess Library/Bee/artifacts/1300b0aE.dag/post-processed/Unity.AI.Navigation.dll (+pdb)
Processing assembly Library/Bee/artifacts/1300b0aE.dag/Unity.AI.Navigation.dll, with 148 defines and 274 references
processors: Unity.Jobs.CodeGen.JobsILPostProcessor, zzzUnity.Burst.CodeGen.BurstILPostProcessor
running Unity.Jobs.CodeGen.JobsILPostProcessor
running zzzUnity.Burst.CodeGen.BurstILPostProcessor
[714/819    0s] Csc Library/Bee/artifacts/1300b0aE.dag/Assembly-CSharp-Editor.dll (+2 others)
[715/819    0s] ILPostProcess Library/Bee/artifacts/1300b0aE.dag/post-processed/Unity.UnifiedRayTracing.Runtime.dll (+pdb)
Processing assembly Library/Bee/artifacts/1300b0aE.dag/Unity.UnifiedRayTracing.Runtime.dll, with 148 defines and 277 references
processors: Unity.Jobs.CodeGen.JobsILPostProcessor, zzzUnity.Burst.CodeGen.BurstILPostProcessor
running Unity.Jobs.CodeGen.JobsILPostProcessor
running zzzUnity.Burst.CodeGen.BurstILPostProcessor
[716/819    0s] ILPostProcess Library/Bee/artifacts/1300b0aE.dag/post-processed/Unity.VisualScripting.Core.dll (+pdb)
Processing assembly Library/Bee/artifacts/1300b0aE.dag/Unity.VisualScripting.Core.dll, with 152 defines and 275 references
processors: Unity.Jobs.CodeGen.JobsILPostProcessor, zzzUnity.Burst.CodeGen.BurstILPostProcessor
running Unity.Jobs.CodeGen.JobsILPostProcessor
running zzzUnity.Burst.CodeGen.BurstILPostProcessor
[717/819    0s] ILPostProcess Library/Bee/artifacts/1300b0aE.dag/post-processed/PPv2URPConverters.dll (+pdb)
Processing assembly Library/Bee/artifacts/1300b0aE.dag/PPv2URPConverters.dll, with 145 defines and 290 references
processors: Unity.Jobs.CodeGen.JobsILPostProcessor, zzzUnity.Burst.CodeGen.BurstILPostProcessor
running Unity.Jobs.CodeGen.JobsILPostProcessor
running zzzUnity.Burst.CodeGen.BurstILPostProcessor
[718/819    0s] ILPostProcess Library/Bee/artifacts/1300b0aE.dag/post-processed/Assembly-CSharp.dll (+pdb)
Processing assembly Library/Bee/artifacts/1300b0aE.dag/Assembly-CSharp.dll, with 147 defines and 316 references
processors: Unity.Jobs.CodeGen.JobsILPostProcessor, zzzUnity.Burst.CodeGen.BurstILPostProcessor
running Unity.Jobs.CodeGen.JobsILPostProcessor
running zzzUnity.Burst.CodeGen.BurstILPostProcessor
[719/819    0s] ILPostProcess Library/Bee/artifacts/1300b0aE.dag/post-processed/Unity.RenderPipelines.GPUDriven.Runtime.dll (+pdb)
Processing assembly Library/Bee/artifacts/1300b0aE.dag/Unity.RenderPipelines.GPUDriven.Runtime.dll, with 147 defines and 278 references
processors: Unity.Jobs.CodeGen.JobsILPostProcessor, zzzUnity.Burst.CodeGen.BurstILPostProcessor
running Unity.Jobs.CodeGen.JobsILPostProcessor
running zzzUnity.Burst.CodeGen.BurstILPostProcessor
[720/819    0s] ILPostProcess Library/Bee/artifacts/1300b0aE.dag/post-processed/Unity.Mathematics.Editor.dll (+pdb)
Processing assembly Library/Bee/artifacts/1300b0aE.dag/Unity.Mathematics.Editor.dll, with 145 defines and 287 references
processors: Unity.Jobs.CodeGen.JobsILPostProcessor, zzzUnity.Burst.CodeGen.BurstILPostProcessor
running Unity.Jobs.CodeGen.JobsILPostProcessor
running zzzUnity.Burst.CodeGen.BurstILPostProcessor
[721/819    0s] ILPostProcess Library/Bee/artifacts/1300b0aE.dag/post-processed/Unity.RenderPipelines.Core.Editor.Shared.dll (+pdb)
Processing assembly Library/Bee/artifacts/1300b0aE.dag/Unity.RenderPipelines.Core.Editor.Shared.dll, with 145 defines and 287 references
processors: Unity.Jobs.CodeGen.JobsILPostProcessor, zzzUnity.Burst.CodeGen.BurstILPostProcessor
running Unity.Jobs.CodeGen.JobsILPostProcessor
running zzzUnity.Burst.CodeGen.BurstILPostProcessor
[722/819    0s] ILPostProcess Library/Bee/artifacts/1300b0aE.dag/post-processed/Assembly-CSharp-Editor.dll (+pdb)
Processing assembly Library/Bee/artifacts/1300b0aE.dag/Assembly-CSharp-Editor.dll, with 145 defines and 339 references
processors: Unity.Jobs.CodeGen.JobsILPostProcessor, zzzUnity.Burst.CodeGen.BurstILPostProcessor
running Unity.Jobs.CodeGen.JobsILPostProcessor
running zzzUnity.Burst.CodeGen.BurstILPostProcessor
[723/819    0s] ILPostProcess Library/Bee/artifacts/1300b0aE.dag/post-processed/Unity.VisualScripting.Core.Editor.dll (+pdb)
Processing assembly Library/Bee/artifacts/1300b0aE.dag/Unity.VisualScripting.Core.Editor.dll, with 145 defines and 287 references
processors: Unity.Jobs.CodeGen.JobsILPostProcessor, zzzUnity.Burst.CodeGen.BurstILPostProcessor
running Unity.Jobs.CodeGen.JobsILPostProcessor
running zzzUnity.Burst.CodeGen.BurstILPostProcessor
[724/819    0s] ILPostProcess Library/Bee/artifacts/1300b0aE.dag/post-processed/UnityEditor.UI.Analytics.dll (+pdb)
Processing assembly Library/Bee/artifacts/1300b0aE.dag/UnityEditor.UI.Analytics.dll, with 145 defines and 287 references
processors: Unity.Jobs.CodeGen.JobsILPostProcessor, zzzUnity.Burst.CodeGen.BurstILPostProcessor
running Unity.Jobs.CodeGen.JobsILPostProcessor
running zzzUnity.Burst.CodeGen.BurstILPostProcessor
[725/819    0s] ILPostProcess Library/Bee/artifacts/1300b0aE.dag/post-processed/Unity.Collections.Editor.dll (+pdb)
Processing assembly Library/Bee/artifacts/1300b0aE.dag/Unity.Collections.Editor.dll, with 146 defines and 287 references
processors: Unity.Jobs.CodeGen.JobsILPostProcessor, zzzUnity.Burst.CodeGen.BurstILPostProcessor
running Unity.Jobs.CodeGen.JobsILPostProcessor
running zzzUnity.Burst.CodeGen.BurstILPostProcessor
[726/819    0s] ILPostProcess Library/Bee/artifacts/1300b0aE.dag/post-processed/Unity.RenderPipelines.Universal.Editor.dll (+pdb)
Processing assembly Library/Bee/artifacts/1300b0aE.dag/Unity.RenderPipelines.Universal.Editor.dll, with 147 defines and 296 references
processors: Unity.Jobs.CodeGen.JobsILPostProcessor, zzzUnity.Burst.CodeGen.BurstILPostProcessor
running Unity.Jobs.CodeGen.JobsILPostProcessor
running zzzUnity.Burst.CodeGen.BurstILPostProcessor
[727/819    0s] ILPostProcess Library/Bee/artifacts/1300b0aE.dag/post-processed/Unity.AI.Navigation.Updater.dll (+pdb)
Processing assembly Library/Bee/artifacts/1300b0aE.dag/Unity.AI.Navigation.Updater.dll, with 145 defines and 289 references
processors: Unity.Jobs.CodeGen.JobsILPostProcessor, zzzUnity.Burst.CodeGen.BurstILPostProcessor
running Unity.Jobs.CodeGen.JobsILPostProcessor
running zzzUnity.Burst.CodeGen.BurstILPostProcessor
[728/819    0s] ILPostProcess Library/Bee/artifacts/1300b0aE.dag/post-processed/Unity.VisualScripting.Flow.Editor.dll (+pdb)
Processing assembly Library/Bee/artifacts/1300b0aE.dag/Unity.VisualScripting.Flow.Editor.dll, with 147 defines and 290 references
processors: Unity.Jobs.CodeGen.JobsILPostProcessor, zzzUnity.Burst.CodeGen.BurstILPostProcessor
running Unity.Jobs.CodeGen.JobsILPostProcessor
running zzzUnity.Burst.CodeGen.BurstILPostProcessor
[729/819    0s] ILPostProcess Library/Bee/artifacts/1300b0aE.dag/post-processed/Unity.PerformanceTesting.Editor.dll (+pdb)
Processing assembly Library/Bee/artifacts/1300b0aE.dag/Unity.PerformanceTesting.Editor.dll, with 146 defines and 274 references
processors: Unity.Jobs.CodeGen.JobsILPostProcessor, zzzUnity.Burst.CodeGen.BurstILPostProcessor
running Unity.Jobs.CodeGen.JobsILPostProcessor
running zzzUnity.Burst.CodeGen.BurstILPostProcessor
[730/819    0s] ILPostProcess Library/Bee/artifacts/1300b0aE.dag/post-processed/UniWebView-CSharp.Editor.dll (+pdb)
Processing assembly Library/Bee/artifacts/1300b0aE.dag/UniWebView-CSharp.Editor.dll, with 145 defines and 286 references
processors: Unity.Jobs.CodeGen.JobsILPostProcessor, zzzUnity.Burst.CodeGen.BurstILPostProcessor
running Unity.Jobs.CodeGen.JobsILPostProcessor
running zzzUnity.Burst.CodeGen.BurstILPostProcessor
[731/819    0s] ILPostProcess Library/Bee/artifacts/1300b0aE.dag/post-processed/Unity.Timeline.Editor.dll (+pdb)
Processing assembly Library/Bee/artifacts/1300b0aE.dag/Unity.Timeline.Editor.dll, with 146 defines and 287 references
processors: Unity.Jobs.CodeGen.JobsILPostProcessor, zzzUnity.Burst.CodeGen.BurstILPostProcessor
running Unity.Jobs.CodeGen.JobsILPostProcessor
running zzzUnity.Burst.CodeGen.BurstILPostProcessor
[732/819    0s] ILPostProcess Library/Bee/artifacts/1300b0aE.dag/post-processed/Unity.Multiplayer.Center.Editor.dll (+pdb)
Processing assembly Library/Bee/artifacts/1300b0aE.dag/Unity.Multiplayer.Center.Editor.dll, with 145 defines and 287 references
processors: Unity.Jobs.CodeGen.JobsILPostProcessor, zzzUnity.Burst.CodeGen.BurstILPostProcessor
running Unity.Jobs.CodeGen.JobsILPostProcessor
running zzzUnity.Burst.CodeGen.BurstILPostProcessor
[733/819    0s] ILPostProcess Library/Bee/artifacts/1300b0aE.dag/post-processed/Unity.Burst.Editor.dll (+pdb)
Processing assembly Library/Bee/artifacts/1300b0aE.dag/Unity.Burst.Editor.dll, with 145 defines and 287 references
processors: Unity.Jobs.CodeGen.JobsILPostProcessor, zzzUnity.Burst.CodeGen.BurstILPostProcessor
running Unity.Jobs.CodeGen.JobsILPostProcessor
running zzzUnity.Burst.CodeGen.BurstILPostProcessor
[734/819    0s] ILPostProcess Library/Bee/artifacts/1300b0aE.dag/post-processed/Unity.PlasticSCM.Editor.Entities.dll (+pdb)
Processing assembly Library/Bee/artifacts/1300b0aE.dag/Unity.PlasticSCM.Editor.Entities.dll, with 145 defines and 287 references
processors: Unity.Jobs.CodeGen.JobsILPostProcessor, zzzUnity.Burst.CodeGen.BurstILPostProcessor
running Unity.Jobs.CodeGen.JobsILPostProcessor
running zzzUnity.Burst.CodeGen.BurstILPostProcessor
[735/819    0s] ILPostProcess Library/Bee/artifacts/1300b0aE.dag/post-processed/Unity.Searcher.Editor.dll (+pdb)
Processing assembly Library/Bee/artifacts/1300b0aE.dag/Unity.Searcher.Editor.dll, with 145 defines and 286 references
processors: Unity.Jobs.CodeGen.JobsILPostProcessor, zzzUnity.Burst.CodeGen.BurstILPostProcessor
running Unity.Jobs.CodeGen.JobsILPostProcessor
running zzzUnity.Burst.CodeGen.BurstILPostProcessor
[736/819    0s] ILPostProcess Library/Bee/artifacts/1300b0aE.dag/post-processed/Unity.RenderPipelines.Universal.2D.Editor.Overrides.dll (+pdb)
Processing assembly Library/Bee/artifacts/1300b0aE.dag/Unity.RenderPipelines.Universal.2D.Editor.Overrides.dll, with 146 defines and 296 references
processors: Unity.Jobs.CodeGen.JobsILPostProcessor, zzzUnity.Burst.CodeGen.BurstILPostProcessor
running Unity.Jobs.CodeGen.JobsILPostProcessor
running zzzUnity.Burst.CodeGen.BurstILPostProcessor
[737/819    0s] ILPostProcess Library/Bee/artifacts/1300b0aE.dag/post-processed/Unity.InputSystem.DocCodeSamples.dll (+pdb)
Processing assembly Library/Bee/artifacts/1300b0aE.dag/Unity.InputSystem.DocCodeSamples.dll, with 145 defines and 274 references
processors: Unity.Jobs.CodeGen.JobsILPostProcessor, zzzUnity.Burst.CodeGen.BurstILPostProcessor
running Unity.Jobs.CodeGen.JobsILPostProcessor
running zzzUnity.Burst.CodeGen.BurstILPostProcessor
[738/819    0s] ILPostProcess Library/Bee/artifacts/1300b0aE.dag/post-processed/Unity.VisualScripting.State.Editor.dll (+pdb)
Processing assembly Library/Bee/artifacts/1300b0aE.dag/Unity.VisualScripting.State.Editor.dll, with 145 defines and 291 references
processors: Unity.Jobs.CodeGen.JobsILPostProcessor, zzzUnity.Burst.CodeGen.BurstILPostProcessor
running Unity.Jobs.CodeGen.JobsILPostProcessor
running zzzUnity.Burst.CodeGen.BurstILPostProcessor
[739/819    0s] ILPostProcess Library/Bee/artifacts/1300b0aE.dag/post-processed/Unity.TextMeshPro.Editor.dll (+pdb)
Processing assembly Library/Bee/artifacts/1300b0aE.dag/Unity.TextMeshPro.Editor.dll, with 145 defines and 288 references
processors: Unity.Jobs.CodeGen.JobsILPostProcessor, zzzUnity.Burst.CodeGen.BurstILPostProcessor
running Unity.Jobs.CodeGen.JobsILPostProcessor
running zzzUnity.Burst.CodeGen.BurstILPostProcessor
[740/819    0s] ILPostProcess Library/Bee/artifacts/1300b0aE.dag/post-processed/Unity.AI.Navigation.Editor.dll (+pdb)
Processing assembly Library/Bee/artifacts/1300b0aE.dag/Unity.AI.Navigation.Editor.dll, with 146 defines and 288 references
processors: Unity.Jobs.CodeGen.JobsILPostProcessor, zzzUnity.Burst.CodeGen.BurstILPostProcessor
running Unity.Jobs.CodeGen.JobsILPostProcessor
running zzzUnity.Burst.CodeGen.BurstILPostProcessor
[741/819    0s] ILPostProcess Library/Bee/artifacts/1300b0aE.dag/post-processed/Unity.ShaderGraph.Editor.dll (+pdb)
Processing assembly Library/Bee/artifacts/1300b0aE.dag/Unity.ShaderGraph.Editor.dll, with 145 defines and 290 references
processors: Unity.Jobs.CodeGen.JobsILPostProcessor, zzzUnity.Burst.CodeGen.BurstILPostProcessor
running Unity.Jobs.CodeGen.JobsILPostProcessor
running zzzUnity.Burst.CodeGen.BurstILPostProcessor
[742/819    0s] ILPostProcess Library/Bee/artifacts/1300b0aE.dag/post-processed/Unity.AI.Navigation.Editor.ConversionSystem.dll (+pdb)
Processing assembly Library/Bee/artifacts/1300b0aE.dag/Unity.AI.Navigation.Editor.ConversionSystem.dll, with 145 defines and 286 references
processors: Unity.Jobs.CodeGen.JobsILPostProcessor, zzzUnity.Burst.CodeGen.BurstILPostProcessor
running Unity.Jobs.CodeGen.JobsILPostProcessor
running zzzUnity.Burst.CodeGen.BurstILPostProcessor
[743/819    0s] ILPostProcess Library/Bee/artifacts/1300b0aE.dag/post-processed/UnityEditor.UI.dll (+pdb)
Processing assembly Library/Bee/artifacts/1300b0aE.dag/UnityEditor.UI.dll, with 148 defines and 285 references
processors: Unity.Jobs.CodeGen.JobsILPostProcessor, zzzUnity.Burst.CodeGen.BurstILPostProcessor
running Unity.Jobs.CodeGen.JobsILPostProcessor
running zzzUnity.Burst.CodeGen.BurstILPostProcessor
[744/819    0s] CopyFiles Library/ScriptAssemblies/Unity.InternalAPIEngineBridge.004.dll
[745/819    0s] CopyFiles Library/ScriptAssemblies/Unity.RenderPipelines.Universal.Shaders.dll
[746/819    0s] CopyFiles Library/ScriptAssemblies/Unity.Burst.dll
[747/819    0s] CopyFiles Library/ScriptAssemblies/Unity.InputSystem.dll
[748/819    0s] CopyFiles Library/ScriptAssemblies/Unity.RenderPipelines.Universal.Runtime.dll
[749/819    0s] CopyFiles Library/ScriptAssemblies/Unity.Timeline.dll
[750/819    0s] CopyFiles Library/ScriptAssemblies/UniWebView-CSharp.dll
[751/819    0s] CopyFiles Library/ScriptAssemblies/Unity.RenderPipelines.Universal.2D.Runtime.dll
[752/819    0s] CopyFiles Library/ScriptAssemblies/UnityEngine.UI.dll
[753/819    0s] CopyFiles Library/ScriptAssemblies/Unity.Multiplayer.Center.Common.dll
[754/819    0s] CopyFiles Library/ScriptAssemblies/Unity.TextMeshPro.dll
[755/819    0s] CopyFiles Library/ScriptAssemblies/Unity.RenderPipelines.Core.Runtime.dll
[756/819    0s] CopyFiles Library/ScriptAssemblies/Unity.RenderPipelines.Universal.Config.Runtime.dll
[757/819    0s] CopyFiles Library/ScriptAssemblies/Unity.VisualScripting.DocCodeExamples.dll
[758/819    0s] CopyFiles Library/ScriptAssemblies/Unity.Mathematics.dll
[759/819    0s] CopyFiles Library/ScriptAssemblies/Unity.RenderPipelines.Core.ShaderLibrary.dll
[760/819    0s] CopyFiles Library/ScriptAssemblies/Unity.InputSystem.ForUI.dll
[761/819    0s] CopyFiles Library/ScriptAssemblies/Unity.Collections.dll
[762/819    0s] CopyFiles Library/ScriptAssemblies/Unity.VisualScripting.State.dll
[763/819    0s] CopyFiles Library/ScriptAssemblies/Unity.RenderPipelines.GPUDriven.Runtime.dll
[764/819    0s] CopyFiles Library/ScriptAssemblies/Unity.VisualScripting.Flow.dll
[765/819    0s] CopyFiles Library/ScriptAssemblies/Assembly-CSharp.dll
[766/819    0s] CopyFiles Library/ScriptAssemblies/Unity.RenderPipelines.ShaderGraph.ShaderGraphLibrary.dll
[767/819    0s] CopyFiles Library/ScriptAssemblies/Unity.PerformanceTesting.dll
[768/819    0s] CopyFiles Library/ScriptAssemblies/Unity.VisualScripting.Core.dll
[769/819    0s] CopyFiles Library/ScriptAssemblies/Unity.InputSystem.TestFramework.dll
[770/819    0s] CopyFiles Library/ScriptAssemblies/Unity.RenderPipelines.Core.Runtime.Shared.dll
[771/819    0s] CopyFiles Library/ScriptAssemblies/Unity.UnifiedRayTracing.Runtime.dll
[772/819    0s] CopyFiles Library/ScriptAssemblies/Unity.AI.Navigation.dll
[773/819    0s] CopyFiles Library/ScriptAssemblies/Unity.RenderPipeline.Universal.ShaderLibrary.dll
[774/819    0s] CopyFiles Library/ScriptAssemblies/UnityEditor.UI.dll
[775/819    0s] CopyFiles Library/ScriptAssemblies/UnityEditor.UI.pdb
[776/819    0s] CopyFiles Library/ScriptAssemblies/Unity.AI.Navigation.Editor.ConversionSystem.pdb
[777/819    0s] CopyFiles Library/ScriptAssemblies/Unity.AI.Navigation.Editor.ConversionSystem.dll
[778/819    0s] CopyFiles Library/ScriptAssemblies/Unity.ShaderGraph.Editor.pdb
[779/819    0s] CopyFiles Library/ScriptAssemblies/Unity.ShaderGraph.Editor.dll
[780/819    0s] CopyFiles Library/ScriptAssemblies/Unity.AI.Navigation.Editor.pdb
[781/819    0s] CopyFiles Library/ScriptAssemblies/Unity.AI.Navigation.Editor.dll
[782/819    0s] CopyFiles Library/ScriptAssemblies/Unity.TextMeshPro.Editor.pdb
[783/819    0s] CopyFiles Library/ScriptAssemblies/Unity.TextMeshPro.Editor.dll
[784/819    0s] CopyFiles Library/ScriptAssemblies/Unity.VisualScripting.State.Editor.dll
[785/819    0s] CopyFiles Library/ScriptAssemblies/Unity.VisualScripting.State.Editor.pdb
[786/819    0s] CopyFiles Library/ScriptAssemblies/Unity.InputSystem.DocCodeSamples.dll
[787/819    0s] CopyFiles Library/ScriptAssemblies/Unity.InputSystem.DocCodeSamples.pdb
[788/819    0s] CopyFiles Library/ScriptAssemblies/Unity.RenderPipelines.Universal.2D.Editor.Overrides.dll
[789/819    0s] CopyFiles Library/ScriptAssemblies/Unity.RenderPipelines.Universal.2D.Editor.Overrides.pdb
[790/819    0s] CopyFiles Library/ScriptAssemblies/Unity.Searcher.Editor.pdb
[791/819    0s] CopyFiles Library/ScriptAssemblies/Unity.Searcher.Editor.dll
[792/819    0s] CopyFiles Library/ScriptAssemblies/Unity.PlasticSCM.Editor.Entities.dll
[793/819    0s] CopyFiles Library/ScriptAssemblies/Unity.PlasticSCM.Editor.Entities.pdb
[794/819    0s] CopyFiles Library/ScriptAssemblies/Unity.Burst.Editor.dll
[795/819    0s] CopyFiles Library/ScriptAssemblies/Unity.Burst.Editor.pdb
[796/819    0s] CopyFiles Library/ScriptAssemblies/Unity.Multiplayer.Center.Editor.pdb
[797/819    0s] CopyFiles Library/ScriptAssemblies/Unity.Multiplayer.Center.Editor.dll
[798/819    0s] CopyFiles Library/ScriptAssemblies/Unity.Timeline.Editor.pdb
[799/819    0s] CopyFiles Library/ScriptAssemblies/Unity.Timeline.Editor.dll
[800/819    0s] CopyFiles Library/ScriptAssemblies/UniWebView-CSharp.Editor.pdb
[801/819    0s] CopyFiles Library/ScriptAssemblies/UniWebView-CSharp.Editor.dll
[802/819    0s] CopyFiles Library/ScriptAssemblies/Unity.PerformanceTesting.Editor.pdb
[803/819    0s] CopyFiles Library/ScriptAssemblies/Unity.PerformanceTesting.Editor.dll
[804/819    0s] CopyFiles Library/ScriptAssemblies/Unity.VisualScripting.Flow.Editor.pdb
[805/819    0s] CopyFiles Library/ScriptAssemblies/Unity.VisualScripting.Flow.Editor.dll
[806/819    0s] CopyFiles Library/ScriptAssemblies/Unity.AI.Navigation.Updater.dll
[807/819    0s] CopyFiles Library/ScriptAssemblies/Unity.AI.Navigation.Updater.pdb
[808/819    0s] CopyFiles Library/ScriptAssemblies/Unity.RenderPipelines.Universal.Editor.dll
[809/819    0s] CopyFiles Library/ScriptAssemblies/Unity.RenderPipelines.Universal.Editor.pdb
[810/819    0s] CopyFiles Library/ScriptAssemblies/Unity.Collections.Editor.pdb
[811/819    0s] CopyFiles Library/ScriptAssemblies/Unity.Collections.Editor.dll
[812/819    0s] CopyFiles Library/ScriptAssemblies/UnityEditor.UI.Analytics.pdb
[813/819    0s] CopyFiles Library/ScriptAssemblies/UnityEditor.UI.Analytics.dll
[814/819    0s] CopyFiles Library/ScriptAssemblies/Unity.VisualScripting.Core.Editor.pdb
[815/819    0s] CopyFiles Library/ScriptAssemblies/Unity.VisualScripting.Core.Editor.dll
[816/819    0s] CopyFiles Library/ScriptAssemblies/Assembly-CSharp-Editor.pdb
[817/819    0s] CopyFiles Library/ScriptAssemblies/Assembly-CSharp-Editor.dll
[818/819    0s] CopyFiles Library/ScriptAssemblies/Unity.RenderPipelines.Core.Editor.Shared.pdb
[819/819    0s] CopyFiles Library/ScriptAssemblies/Unity.RenderPipelines.Core.Editor.Shared.dll
[820/819    0s] CopyFiles Library/ScriptAssemblies/Unity.Mathematics.Editor.dll
[821/819    0s] CopyFiles Library/ScriptAssemblies/Unity.Mathematics.Editor.pdb
[822/819    0s] CopyFiles Library/ScriptAssemblies/Unity.RenderPipelines.GPUDriven.Runtime.pdb
[823/819    0s] CopyFiles Library/ScriptAssemblies/Assembly-CSharp.pdb
[824/819    0s] CopyFiles Library/ScriptAssemblies/PPv2URPConverters.pdb
[825/819    0s] CopyFiles Library/ScriptAssemblies/PPv2URPConverters.dll
[826/819    0s] CopyFiles Library/ScriptAssemblies/Unity.VisualScripting.Core.pdb
[827/819    0s] CopyFiles Library/ScriptAssemblies/Unity.UnifiedRayTracing.Runtime.pdb
[828/819    0s] CopyFiles Library/ScriptAssemblies/Unity.AI.Navigation.pdb
[829/819    0s] CopyFiles Library/ScriptAssemblies/Unity.RenderPipelines.Universal.Shaders.pdb
[830/819    0s] CopyFiles Library/ScriptAssemblies/Unity.InputSystem.pdb
[831/819    0s] CopyFiles Library/ScriptAssemblies/Unity.RenderPipelines.Universal.Runtime.pdb
[832/819    0s] CopyFiles Library/ScriptAssemblies/UniWebView-CSharp.pdb
[833/819    0s] CopyFiles Library/ScriptAssemblies/Unity.RenderPipelines.Core.Runtime.pdb
[834/819    0s] CopyFiles Library/ScriptAssemblies/Unity.RenderPipelines.ShaderGraph.ShaderGraphLibrary.pdb
[835/819    0s] CopyFiles Library/ScriptAssemblies/Unity.RenderPipelines.Core.Runtime.Shared.pdb
[836/819    0s] CopyFiles Library/ScriptAssemblies/Unity.Burst.pdb
[837/819    0s] CopyFiles Library/ScriptAssemblies/Unity.Collections.pdb
[838/819    0s] CopyFiles Library/ScriptAssemblies/Unity.VisualScripting.Flow.pdb
[839/819    0s] CopyFiles Library/ScriptAssemblies/Unity.PerformanceTesting.pdb
[840/819    0s] CopyFiles Library/ScriptAssemblies/UnityEngine.UI.pdb
[841/819    0s] CopyFiles Library/ScriptAssemblies/Unity.RenderPipeline.Universal.ShaderLibrary.pdb
[842/819    0s] CopyFiles Library/ScriptAssemblies/Unity.Timeline.pdb
[843/819    0s] CopyFiles Library/ScriptAssemblies/Unity.RenderPipelines.Universal.2D.Runtime.pdb
[844/819    0s] CopyFiles Library/ScriptAssemblies/Unity.Multiplayer.Center.Common.pdb
[845/819    0s] CopyFiles Library/ScriptAssemblies/Unity.InputSystem.ForUI.pdb
[846/819    0s] CopyFiles Library/ScriptAssemblies/Unity.VisualScripting.State.pdb
[847/819    0s] CopyFiles Library/ScriptAssemblies/Unity.InternalAPIEngineBridge.004.pdb
[848/819    0s] CopyFiles Library/ScriptAssemblies/Unity.RenderPipelines.Core.ShaderLibrary.pdb
[849/819    0s] CopyFiles Library/ScriptAssemblies/Unity.RenderPipelines.Universal.Config.Runtime.pdb
[850/819    0s] CopyFiles Library/ScriptAssemblies/Unity.TextMeshPro.pdb
[851/819    0s] CopyFiles Library/ScriptAssemblies/Unity.Mathematics.pdb
[852/819    0s] CopyFiles Library/ScriptAssemblies/Unity.VisualScripting.DocCodeExamples.pdb
[853/819    0s] CopyFiles Library/ScriptAssemblies/Unity.InputSystem.TestFramework.pdb
[854/819    0s] CopyFiles Library/ScriptAssemblies/Unity.VisualStudio.Editor.dll
[855/819    0s] CopyFiles Library/ScriptAssemblies/Unity.VisualStudio.Editor.pdb
[856/819    0s] CopyFiles Library/ScriptAssemblies/Unity.Rider.Editor.pdb
[857/819    0s] CopyFiles Library/ScriptAssemblies/Unity.Rider.Editor.dll
[858/819    0s] CopyFiles Library/ScriptAssemblies/Unity.Collections.CodeGen.dll
[859/819    0s] CopyFiles Library/ScriptAssemblies/Unity.Collections.CodeGen.pdb
[860/819    0s] CopyFiles Library/ScriptAssemblies/Unity.Burst.CodeGen.dll
[861/819    0s] CopyFiles Library/ScriptAssemblies/Unity.Burst.CodeGen.pdb
[862/819    0s] ILPostProcess Library/Bee/artifacts/1300b0aE.dag/post-processed/Unity.VisualScripting.SettingsProvider.Editor.dll (+pdb)
Processing assembly Library/Bee/artifacts/1300b0aE.dag/Unity.VisualScripting.SettingsProvider.Editor.dll, with 145 defines and 291 references
processors: Unity.Jobs.CodeGen.JobsILPostProcessor, zzzUnity.Burst.CodeGen.BurstILPostProcessor
running Unity.Jobs.CodeGen.JobsILPostProcessor
running zzzUnity.Burst.CodeGen.BurstILPostProcessor
[863/819    0s] CopyFiles Library/ScriptAssemblies/Unity.VisualScripting.SettingsProvider.Editor.pdb
[864/819    0s] CopyFiles Library/ScriptAssemblies/Unity.VisualScripting.SettingsProvider.Editor.dll
[865/819    0s] ILPostProcess Library/Bee/artifacts/1300b0aE.dag/post-processed/Unity.PlasticSCM.Editor.dll (+pdb)
Processing assembly Library/Bee/artifacts/1300b0aE.dag/Unity.PlasticSCM.Editor.dll, with 145 defines and 275 references
processors: Unity.Jobs.CodeGen.JobsILPostProcessor, zzzUnity.Burst.CodeGen.BurstILPostProcessor
running Unity.Jobs.CodeGen.JobsILPostProcessor
running zzzUnity.Burst.CodeGen.BurstILPostProcessor
[866/819    0s] CopyFiles Library/ScriptAssemblies/Unity.PlasticSCM.Editor.pdb
[867/819    0s] CopyFiles Library/ScriptAssemblies/Unity.PlasticSCM.Editor.dll
[868/819    0s] ILPostProcess Library/Bee/artifacts/1300b0aE.dag/post-processed/Unity.CollabProxy.Editor.dll (+pdb)
Processing assembly Library/Bee/artifacts/1300b0aE.dag/Unity.CollabProxy.Editor.dll, with 145 defines and 287 references
processors: Unity.Jobs.CodeGen.JobsILPostProcessor, zzzUnity.Burst.CodeGen.BurstILPostProcessor
running Unity.Jobs.CodeGen.JobsILPostProcessor
running zzzUnity.Burst.CodeGen.BurstILPostProcessor
[869/819    0s] ILPostProcess Library/Bee/artifacts/1300b0aE.dag/post-processed/Unity.VisualScripting.Shared.Editor.dll (+pdb)
Processing assembly Library/Bee/artifacts/1300b0aE.dag/Unity.VisualScripting.Shared.Editor.dll, with 145 defines and 292 references
processors: Unity.Jobs.CodeGen.JobsILPostProcessor, zzzUnity.Burst.CodeGen.BurstILPostProcessor
running Unity.Jobs.CodeGen.JobsILPostProcessor
running zzzUnity.Burst.CodeGen.BurstILPostProcessor
[870/819    0s] ILPostProcess Library/Bee/artifacts/1300b0aE.dag/post-processed/Unity.ShaderGraph.Utilities.dll (+pdb)
Processing assembly Library/Bee/artifacts/1300b0aE.dag/Unity.ShaderGraph.Utilities.dll, with 145 defines and 286 references
processors: Unity.Jobs.CodeGen.JobsILPostProcessor, zzzUnity.Burst.CodeGen.BurstILPostProcessor
running Unity.Jobs.CodeGen.JobsILPostProcessor
running zzzUnity.Burst.CodeGen.BurstILPostProcessor
[871/819    0s] ILPostProcess Library/Bee/artifacts/1300b0aE.dag/post-processed/Unity.Rendering.LightTransport.Editor.dll (+pdb)
Processing assembly Library/Bee/artifacts/1300b0aE.dag/Unity.Rendering.LightTransport.Editor.dll, with 145 defines and 286 references
processors: Unity.Jobs.CodeGen.JobsILPostProcessor, zzzUnity.Burst.CodeGen.BurstILPostProcessor
running Unity.Jobs.CodeGen.JobsILPostProcessor
running zzzUnity.Burst.CodeGen.BurstILPostProcessor
[872/819    0s] ILPostProcess Library/Bee/artifacts/1300b0aE.dag/post-processed/Unity.RenderPipelines.Core.Editor.dll (+pdb)
Processing assembly Library/Bee/artifacts/1300b0aE.dag/Unity.RenderPipelines.Core.Editor.dll, with 146 defines and 292 references
processors: Unity.Jobs.CodeGen.JobsILPostProcessor, zzzUnity.Burst.CodeGen.BurstILPostProcessor
running Unity.Jobs.CodeGen.JobsILPostProcessor
running zzzUnity.Burst.CodeGen.BurstILPostProcessor
[873/819    0s] CopyFiles Library/ScriptAssemblies/Unity.CollabProxy.Editor.dll
[874/819    0s] CopyFiles Library/ScriptAssemblies/Unity.CollabProxy.Editor.pdb
[875/819    0s] CopyFiles Library/ScriptAssemblies/Unity.VisualScripting.Shared.Editor.dll
[876/819    0s] CopyFiles Library/ScriptAssemblies/Unity.VisualScripting.Shared.Editor.pdb
[877/819    0s] CopyFiles Library/ScriptAssemblies/Unity.ShaderGraph.Utilities.dll
[878/819    0s] CopyFiles Library/ScriptAssemblies/Unity.ShaderGraph.Utilities.pdb
[879/819    0s] CopyFiles Library/ScriptAssemblies/Unity.Rendering.LightTransport.Editor.dll
[880/819    0s] CopyFiles Library/ScriptAssemblies/Unity.Rendering.LightTransport.Editor.pdb
[881/819    0s] CopyFiles Library/ScriptAssemblies/Unity.RenderPipelines.Core.Editor.pdb
[882/819    0s] CopyFiles Library/ScriptAssemblies/Unity.RenderPipelines.Core.Editor.dll
*** Tundra build success (5.81 seconds), 598 items updated, 819 evaluated
Assets/Neuro-Rehab/Scripts/PatientDataManager.cs(17,32): warning CS0618: 'Object.FindObjectOfType<T>()' is obsolete: 'Object.FindObjectOfType has been deprecated. Use Object.FindFirstObjectByType instead or if finding any instance is acceptable the faster Object.FindAnyObjectByType'
Assets/Neuro-Rehab/Scripts/NeuroRehabLauncher.cs(61,30): warning CS0618: 'Object.FindObjectOfType<T>()' is obsolete: 'Object.FindObjectOfType has been deprecated. Use Object.FindFirstObjectByType instead or if finding any instance is acceptable the faster Object.FindAnyObjectByType'
Assets/Neuro-Rehab/Scripts/NeuroRehabWebViewManager.cs(15,32): warning CS0618: 'Object.FindObjectOfType<T>()' is obsolete: 'Object.FindObjectOfType has been deprecated. Use Object.FindFirstObjectByType instead or if finding any instance is acceptable the faster Object.FindAnyObjectByType'
Assets/Neuro-Rehab/Scripts/NeuroRehabLauncher.cs(175,27): warning CS0618: 'Object.FindObjectOfType<T>()' is obsolete: 'Object.FindObjectOfType has been deprecated. Use Object.FindFirstObjectByType instead or if finding any instance is acceptable the faster Object.FindAnyObjectByType'
s(61,30): warning CS0618: 'Object.FindObjectOfType<T>()' is obsolete: 'Object.FindObjectOfType has been deprecated. Use Object.FindFirstObjectByType instead or if finding any instance is acceptable the faster Object.FindAnyObjectByType'
Assets/Neuro-Rehab/Scripts/NeuroRehabWebViewManager.cs(15,32): warning CS0618: 'Object.FindObjectOfType<T>()' is obsolete: 'Object.FindObjectOfType has been deprecated. Use Object.FindFirstObjectByType instead or if finding any instance is acceptable the faster Object.FindAnyObjectByType'
Assets/Neuro-Rehab/Scripts/NeuroRehabLauncher.cs(175,27): warning CS0618: 'Object.FindObjectOfType<T>()' is obsolete: 'Object.FindObjectOfType has been deprecated. Use Object.FindFirstObjectByType instead or if finding any instance is acceptable the faster Object.FindAnyObjectByType'
AssetDatabase: script compilation time: 7.263325s
Total cache size 128206146
Total cache size after purge 128206146, took 00:00:00.1092104
Begin MonoManager ReloadAssembly
- Loaded All Assemblies, in  0.599 seconds
Refreshing native plugins compatible for Editor in 1.76 ms, found 2 plugins.
Native extension for Android target not found
Native extension for OSXStandalone target not found
ScheduleIndexationOnStartup MainProcess:True IndexOnStartup:True
Mono: successfully reloaded assembly
- Finished resetting the current domain, in  2.224 seconds
Domain Reload Profiling: 2823ms
	BeginReloadAssembly (152ms)
		ExecutionOrderSort (0ms)
		DisableScriptedObjects (7ms)
		BackupInstance (0ms)
		ReleaseScriptingObjects (0ms)
		CreateAndSetChildDomain (49ms)
	RebuildCommonClasses (27ms)
	RebuildNativeTypeToScriptingClass (10ms)
	initialDomainReloadingComplete (16ms)
	LoadAllAssembliesAndSetupDomain (393ms)
		LoadAssemblies (277ms)
		RebuildTransferFunctionScriptingTraits (0ms)
		AnalyzeDomain (185ms)
			TypeCache.Refresh (132ms)
				TypeCache.ScanAssembly (117ms)
			BuildScriptInfoCaches (44ms)
			ResolveRequiredComponents (7ms)
	FinalizeReload (2224ms)
		ReleaseScriptCaches (0ms)
		RebuildScriptCaches (0ms)
		SetupLoadedEditorAssemblies (2019ms)
			LogAssemblyErrors (0ms)
			InitializePlatformSupportModulesInManaged (18ms)
			SetLoadedEditorAssemblies (4ms)
			BeforeProcessingInitializeOnLoad (135ms)
			ProcessInitializeOnLoadAttributes (1719ms)
			ProcessInitializeOnLoadMethodAttributes (141ms)
			AfterProcessingInitializeOnLoad (1ms)
			EditorAssembliesLoaded (0ms)
		ExecutionOrderSort2 (0ms)
		AwakeInstancesAfterBackupRestoration (4ms)
Start importing Assets/Plugins/Android/proguard-user.txt using Guid(6485e5c45ed614f629e2e0d7ae02a84a) (TextScriptImporter) -> (artifact id: '91656edc2415a6e77ddf5213cecf0c2b') in 0.021237875 seconds
Refreshing native plugins compatible for Editor in 0.60 ms, found 2 plugins.
Preloading 0 native plugins for Editor in 0.00 ms.
Asset Pipeline Refresh (id=973df8c4f415e42b38d4aa4cc94c4147): Total: 11.182 seconds - Initiated by InitialRefreshV2(ForceSynchronousImport)
	Summary:
		Imports: total=0 (actual=0, local cache=0, cache server=0)
		Asset DB Process Time: managed=2 ms, native=3047 ms
		Asset DB Callback time: managed=219 ms, native=15 ms
		Scripting: domain reloads=1, domain reload time=599 ms, compile time=7264 ms, other=33 ms
		Project Asset Count: scripts=1263, non-scripts=2385
		Asset File Changes: new=1, changed=2, moved=0, deleted=0
		Scan Filter Count: 1
	InvokeCustomDependenciesCallbacks: 0.000ms
	InvokePackagesCallback: 8.804ms
	ApplyChangesToAssetFolders: 0.384ms
	Scan: 560.710ms
	OnSourceAssetsModified: 0.433ms
	CategorizeAssetsWithTransientArtifact: 38.436ms
	ProcessAssetsWithTransientArtifactChanges: 44.500ms
	CategorizeAssets: 60.356ms
	ImportOutOfDateAssets: 2255.830ms (-5033.258ms without children)
		ImportManagerImport: 22.646ms (1.000ms without children)
			ImportInProcess: 21.646ms
		CompileScripts: 7264.387ms
		ReloadNativeAssets: 0.048ms
		UnloadImportedAssets: 0.983ms
		EnsureUptoDateAssetsAreRegisteredWithGuidPM: 0.698ms
		InitializingProgressBar: 0.006ms
		PostProcessAllAssetNotificationsAddChangedAssets: 0.000ms
		OnDemandSchedulerStart: 0.321ms
	PostProcessAllAssets: 219.781ms
	Hotreload: 7.452ms
	GatherAllCurrentPrimaryArtifactRevisions: 0.000ms
	UnloadStreamsBegin: 3.054ms
	PersistCurrentRevisions: 0.145ms
	UnloadStreamsEnd: 0.000ms
	GenerateScriptTypeHashes: 5.459ms
	Untracked: 7982.300ms

Application.AssetDatabase Initial Refresh End
Launching external process: /Applications/Unity/Hub/Editor/6000.3.9f1/Unity.app/Contents/Helpers/UnityShaderCompiler
Launched and connected shader compiler UnityShaderCompiler after 0.08 seconds
Scanning for USB devices : 0.149ms
Initializing Unity extensions:
[MODES] ModeService[none].Initialize
[MODES] ModeService[none].LoadModes
[MODES] Loading mode Default (0) for mode-current-id-NeuroRehab Cognitive Therapy Portal
2026-08-10 14:46:06.898 Unity[42279:2341885] NSEventModifierFlagFunction specified to -setKeyEquivalentModifierMask: for item <NSMenuItem: 0xbb1b56760 SDF, ke='Command-F12'>, but is only supported for system-provided menu items; will not be used
Unloading 20 Unused Serialized files (Serialized files now loaded: 0)
Unloading 6270 unused Assets / (4.9 MB). Loaded Objects now: 7091.
Memory consumption went from 221.9 MB to 217.0 MB.
Total: 7.950292 ms (FindLiveObjects: 0.331541 ms CreateObjectMapping: 0.177167 ms MarkObjects: 5.352792 ms  DeleteObjects: 2.088208 ms)

2026-08-10 14:46:06.956 Unity[42279:2341885] NSEventModifierFlagFunction specified to -setKeyEquivalentModifierMask: for item <NSMenuItem: 0xbb1b4fa20 SDF, ke='Command-F12'>, but is only supported for system-provided menu items; will not be used
[BuildScript] Starting Android APK Build...
UnityEngine.Debug:ExtractStackTraceNoAlloc (byte*,int,string)
UnityEngine.StackTraceUtility:ExtractStackTrace () (at /Users/bokken/build/output/unity/unity/Runtime/Export/Scripting/StackTrace.cs:35)
UnityEngine.DebugLogHandler:Internal_Log (UnityEngine.LogType,UnityEngine.LogOption,string,UnityEngine.Object)
UnityEngine.DebugLogHandler:LogFormat (UnityEngine.LogType,UnityEngine.Object,string,object[])
UnityEngine.Logger:Log (UnityEngine.LogType,object)
UnityEngine.Debug:Log (object)
BuildScript:BuildAndroidAPK () (at Assets/Editor/BuildScript.cs:12)

(Filename: Assets/Editor/BuildScript.cs Line: 12)

Start importing Assets/Settings/Mobile_RPAsset.asset using Guid(5e6cbd92db86f4b18aec3ed561671858) (NativeFormatImporter) -> (artifact id: '7f33d22b29c97481b1a9d293e344f6b9') in 0.002090959 seconds
Refreshing native plugins compatible for Editor in 0.40 ms, found 2 plugins.
Preloading 0 native plugins for Editor in 0.00 ms.
Asset Pipeline Refresh (id=ad5e4195d42bf4402b8653346445e5f0): Total: 0.040 seconds - Initiated by StopAssetImportingV2(NoUpdateAssetOptions)
1 URP assets included in build
- Mobile_RPAsset - Assets/Settings/Mobile_RPAsset.asset
	 - Mobile_Renderer - Assets/Settings/Mobile_Renderer.asset - UnityEngine.Rendering.Universal.UniversalRendererData
UnityEngine.Debug:ExtractStackTraceNoAlloc (byte*,int,string)
UnityEngine.StackTraceUtility:ExtractStackTrace () (at /Users/bokken/build/output/unity/unity/Runtime/Export/Scripting/StackTrace.cs:35)
UnityEngine.DebugLogHandler:Internal_Log (UnityEngine.LogType,UnityEngine.LogOption,string,UnityEngine.Object)
UnityEngine.DebugLogHandler:LogFormat (UnityEngine.LogType,UnityEngine.Object,string,object[])
UnityEngine.Logger:Log (UnityEngine.LogType,object)
UnityEngine.Debug:Log (object)
UnityEditor.Rendering.Universal.URPPreprocessBuild:LogIncludedAssets (System.Collections.Generic.List`1<UnityEngine.Rendering.Universal.UniversalRenderPipelineAsset>) (at ./Library/PackageCache/com.unity.render-pipelines.universal@7327e77c1cc2/Editor/BuildProcessors/URPPreprocessBuild.cs:52)
UnityEditor.Rendering.Universal.URPPreprocessBuild:OnPreprocessBuild (UnityEditor.Build.Reporting.BuildReport) (at ./Library/PackageCache/com.unity.render-pipelines.universal@7327e77c1cc2/Editor/BuildProcessors/URPPreprocessBuild.cs:30)
UnityEditor.Build.BuildPipelineInterfaces/<>c__DisplayClass17_0:<OnBuildPreProcess>b__1 (UnityEditor.Build.IPreprocessBuildWithReport) (at /Users/bokken/build/output/unity/unity/Editor/Mono/BuildPipeline/BuildPipelineInterfaces.cs:526)
UnityEditor.Build.BuildPipelineInterfaces:InvokeCallbackInterfacesPair<UnityEditor.Build.IPreprocessBuild, UnityEditor.Build.IPreprocessBuildWithReport> (System.Collections.Generic.List`1<UnityEditor.Build.IPreprocessBuild>,System.Action`1<UnityEditor.Build.IPreprocessBuild>,System.Collections.Generic.List`1<UnityEditor.Build.IPreprocessBuildWithReport>,System.Action`1<UnityEditor.Build.IPreprocessBuildWithReport>,bool) (at /Users/bokken/build/output/unity/unity/Editor/Mono/BuildPipeline/BuildPipelineInterfaces.cs:492)
UnityEditor.Build.BuildPipelineInterfaces:OnBuildPreProcess (UnityEditor.Build.Reporting.BuildReport) (at /Users/bokken/build/output/unity/unity/Editor/Mono/BuildPipeline/BuildPipelineInterfaces.cs:524)
UnityEditor.BuildPipeline:BuildPlayerInternalNoCheck (string[],string,string,UnityEditor.BuildTargetGroup,UnityEditor.BuildTarget,int,UnityEditor.BuildOptions,string[],bool)
UnityEditor.BuildPipeline:BuildPlayerInternal (string[],string,string,UnityEditor.BuildTargetGroup,UnityEditor.BuildTarget,int,UnityEditor.BuildOptions,string[]) (at /Users/bokken/build/output/unity/unity/Editor/Mono/BuildPipeline.bindings.cs:494)
UnityEditor.BuildPipeline:BuildPlayer (string[],string,string,UnityEditor.BuildTargetGroup,UnityEditor.BuildTarget,int,UnityEditor.BuildOptions,string[]) (at /Users/bokken/build/output/unity/unity/Editor/Mono/BuildPipeline.bindings.cs:410)
UnityEditor.BuildPipeline:BuildPlayer (UnityEditor.BuildPlayerOptions) (at /Users/bokken/build/output/unity/unity/Editor/Mono/BuildPipeline.bindings.cs:356)
BuildScript:BuildAndroidAPK () (at Assets/Editor/BuildScript.cs:32)

(Filename: ./Library/PackageCache/com.unity.render-pipelines.universal@7327e77c1cc2/Editor/BuildProcessors/URPPreprocessBuild.cs Line: 52)

Start importing Assets/Settings/Mobile_RPAsset.asset using Guid(5e6cbd92db86f4b18aec3ed561671858) (NativeFormatImporter) -> (artifact id: '7f33d22b29c97481b1a9d293e344f6b9') in 0.000948125 seconds
Refreshing native plugins compatible for Editor in 0.53 ms, found 2 plugins.
Preloading 0 native plugins for Editor in 0.00 ms.
Asset Pipeline Refresh (id=f54546731d940407996b2cbfc72c8185): Total: 0.010 seconds - Initiated by StopAssetImportingV2(NoUpdateAssetOptions)
Start importing ProjectSettings/ProjectSettings.asset using Guid(00000000000000004000000000000000) (LibraryAssetImporter) -> (artifact id: 'de8307c76a831836273d7833e2e9db98') in 0.001072458 seconds
Start importing ProjectSettings/GraphicsSettings.asset using Guid(00000000000000006100000000000000) (LibraryAssetImporter) -> (artifact id: 'a46b3d5ecc500201128d93d63013430b') in 0.000578667 seconds
Start importing Assets/Settings/UniversalRenderPipelineGlobalSettings.asset using Guid(18dc0cd2c080841dea60987a38ce93fa) (NativeFormatImporter) -> (artifact id: '81aa707e9cbc13d0e6adec26b942ffc7') in 0.000921125 seconds
Start importing Assets/Resources/PerformanceTestRunSettings.json using Guid(4480fc7c302f847ec836d8efd1d1c131) (TextScriptImporter) -> (artifact id: 'a0295a04484a9ffca0723621c990a13d') in 0.0016965 seconds
Start importing Assets/Resources/PerformanceTestRunInfo.json using Guid(65efa40cb77b94c3d95586075e3e6dc3) (TextScriptImporter) -> (artifact id: '15f00cd16fe4abf81907db96fe71bbc5') in 0.00129825 seconds
Refreshing native plugins compatible for Editor in 0.52 ms, found 2 plugins.
Preloading 0 native plugins for Editor in 0.00 ms.
Asset Pipeline Refresh (id=8b0fe795ac05d41ac8520aa3fd6547df): Total: 0.216 seconds - Initiated by StopAssetImportingV2(NoUpdateAssetOptions)
Diagnostics Data is enabled, and it requires Debug Symbols to be either SymbolTable or Full to resolve stacktraces in crash reports. Consider selecting Full to receive fully-detailed crash reports.
UnityEngine.Debug:ExtractStackTraceNoAlloc (byte*,int,string)
UnityEngine.StackTraceUtility:ExtractStackTrace () (at /Users/bokken/build/output/unity/unity/Runtime/Export/Scripting/StackTrace.cs:35)
UnityEngine.DebugLogHandler:Internal_Log (UnityEngine.LogType,UnityEngine.LogOption,string,UnityEngine.Object)
UnityEngine.DebugLogHandler:LogFormat (UnityEngine.LogType,UnityEngine.Object,string,object[])
UnityEngine.Logger:Log (UnityEngine.LogType,object)
UnityEngine.Debug:LogWarning (object)
UnityEditor.Android.PostProcessAndroidPlayer:SetupContextForPreBuild (UnityEditor.BuildOptions,UnityEditor.BuildTarget) (at /home/bokken/build/output/unity/unity/PlatformDependent/AndroidPlayer/Editor/Managed/PostProcessAndroidPlayer.cs:142)
UnityEditor.Android.PostProcessAndroidPlayer:PrepareForBuild (UnityEditor.BuildOptions,UnityEditor.BuildTarget) (at /home/bokken/build/output/unity/unity/PlatformDependent/AndroidPlayer/Editor/Managed/PostProcessAndroidPlayer.cs:49)
UnityEditor.Android.AndroidBuildPostprocessor:PrepareForBuild (UnityEditor.BuildPlayerOptions) (at /home/bokken/build/output/unity/unity/PlatformDependent/AndroidPlayer/Editor/Managed/ExtensionModule.cs:1255)
UnityEditor.PostprocessBuildPlayer:PrepareForBuild (UnityEditor.BuildPlayerOptions) (at /Users/bokken/build/output/unity/unity/Editor/Mono/BuildPipeline/PostprocessBuildPlayer.cs:86)
UnityEditor.BuildPipeline:BuildPlayerInternalNoCheck (string[],string,string,UnityEditor.BuildTargetGroup,UnityEditor.BuildTarget,int,UnityEditor.BuildOptions,string[],bool)
UnityEditor.BuildPipeline:BuildPlayerInternal (string[],string,string,UnityEditor.BuildTargetGroup,UnityEditor.BuildTarget,int,UnityEditor.BuildOptions,string[]) (at /Users/bokken/build/output/unity/unity/Editor/Mono/BuildPipeline.bindings.cs:494)
UnityEditor.BuildPipeline:BuildPlayer (string[],string,string,UnityEditor.BuildTargetGroup,UnityEditor.BuildTarget,int,UnityEditor.BuildOptions,string[]) (at /Users/bokken/build/output/unity/unity/Editor/Mono/BuildPipeline.bindings.cs:410)
UnityEditor.BuildPipeline:BuildPlayer (UnityEditor.BuildPlayerOptions) (at /Users/bokken/build/output/unity/unity/Editor/Mono/BuildPipeline.bindings.cs:356)
BuildScript:BuildAndroidAPK () (at Assets/Editor/BuildScript.cs:32)

(Filename: /home/bokken/build/output/unity/unity/PlatformDependent/AndroidPlayer/Editor/Managed/PostProcessAndroidPlayer.cs Line: 142)

DisplayProgressbar: Checking prerequisites
Reporting tool paths:
 JDK: '/Applications/Unity/Hub/Editor/6000.3.9f1/PlaybackEngines/AndroidPlayer/OpenJDK'
 Android SDK: '/Applications/Unity/Hub/Editor/6000.3.9f1/PlaybackEngines/AndroidPlayer/SDK'
 Android NDK: '/Applications/Unity/Hub/Editor/6000.3.9f1/PlaybackEngines/AndroidPlayer/NDK'
 Gradle: '/Applications/Unity/Hub/Editor/6000.3.9f1/PlaybackEngines/AndroidPlayer/Tools/gradle' (Gradle Version: '8.13' Android Plugin Version: '8.10.0')
Android PostProcess task "Checking prerequisites" took 42.9428 ms
DisplayProgressbar: Detect Java Development Kit (JDK)
Android PostProcess task "Detect Java Development Kit (JDK)" took 1542.9112 ms
DisplayProgressbar: Detecting Android SDK
AndroidSDKTools:

	root          : /Applications/Unity/Hub/Editor/6000.3.9f1/PlaybackEngines/AndroidPlayer/SDK
	cmdline-tools : /Applications/Unity/Hub/Editor/6000.3.9f1/PlaybackEngines/AndroidPlayer/SDK/cmdline-tools/16.0
	platform-tools: /Applications/Unity/Hub/Editor/6000.3.9f1/PlaybackEngines/AndroidPlayer/SDK/platform-tools
	build-tools   : /Applications/Unity/Hub/Editor/6000.3.9f1/PlaybackEngines/AndroidPlayer/SDK/build-tools/36.0.0

	adb           : /Applications/Unity/Hub/Editor/6000.3.9f1/PlaybackEngines/AndroidPlayer/SDK/platform-tools/adb

Android PostProcess task "Detecting Android SDK" took 5966.1247 ms
DisplayProgressbar: Detect Android NDK
Android PostProcess task "Detect Android NDK" took 0.9881 ms
Android PostProcess task "Trying to find a suitable Android device" took 0.9927 ms
DisplayProgressbar: Check resources
Android PostProcess task "Check resources" took 0.2038 ms
DisplayProgressbar: Check Android Player Settings
Android PostProcess task "Check Android Player Settings" took 1.2078 ms
[40m[32minfo[39m[22m[49m: Microsoft.AspNetCore.Hosting.Diagnostics[1]
      Request starting HTTP/2 POST http://ilpp/UnityILPP.PostProcessing/Ping application/grpc -
[40m[32minfo[39m[22m[49m: Microsoft.AspNetCore.Routing.EndpointMiddleware[0]
      Executing endpoint 'gRPC - /UnityILPP.PostProcessing/Ping'
[40m[32minfo[39m[22m[49m: Microsoft.AspNetCore.Routing.EndpointMiddleware[1]
      Executed endpoint 'gRPC - /UnityILPP.PostProcessing/Ping'
[40m[32minfo[39m[22m[49m: Microsoft.AspNetCore.Hosting.Diagnostics[2]
      Request finished HTTP/2 POST http://ilpp/UnityILPP.PostProcessing/Ping application/grpc - - 200 - application/grpc 0.6210ms
Starting: /Applications/Unity/Hub/Editor/6000.3.9f1/Unity.app/Contents/Resources/BuildPipeline/bee_backend --ipc --defer-dag-verification --dagfile="Library/Bee/1300b0aESkipCompile.dag" --continue-on-failure --profile="Library/Bee/backend1.traceevents" ScriptAssembliesAndTypeDB
WorkingDir: /Users/akshaykadam/Documents/UnityApps/NeuroRehab Cognitive Therapy Portal
ExitCode: 4 Duration: 0s29ms
[             ] Require frontend run.  Library/Bee/1300b0aESkipCompile.dag couldn't be loaded
DisplayProgressbar: Compiling Scripts
Starting: /Applications/Unity/Hub/Editor/6000.3.9f1/Unity.app/Contents/Resources/Scripting/netcorerun/netcorerun "/Applications/Unity/Hub/Editor/6000.3.9f1/Unity.app/Contents/Resources/BuildPipeline/ScriptCompilationBuildProgram.exe" "Library/Bee/1300b0aESkipCompile.dag.json" "Library/Bee/1300b0aESkipCompile-inputdata.json" "Library/Bee/buildprogram0.traceevents"
WorkingDir: /Users/akshaykadam/Documents/UnityApps/NeuroRehab Cognitive Therapy Portal
ExitCode: 0 Duration: 0s418ms
Starting: /Applications/Unity/Hub/Editor/6000.3.9f1/Unity.app/Contents/Resources/BuildPipeline/bee_backend --ipc --defer-dag-verification --dagfile="Library/Bee/1300b0aESkipCompile.dag" --continue-on-failure --dagfilejson="Library/Bee/1300b0aESkipCompile.dag.json" --profile="Library/Bee/backend2.traceevents" ScriptAssembliesAndTypeDB
WorkingDir: /Users/akshaykadam/Documents/UnityApps/NeuroRehab Cognitive Therapy Portal
ExitCode: 0 Duration: 0s977ms
Finished compiling graph: 4 nodes, 5 flattened edges (5 ToBuild, 0 ToUse), maximum node priority 3
[2/3        0s] BuildPlayerDataGenerator Library/BuildPlayerData/Editor/TypeDb-All.json
*** Tundra build success (0.95 seconds), 1 items updated, 3 evaluated
Total cache size 128206146
Total cache size after purge 128206146, took 00:00:00.0344500
Asset Pipeline Refresh (id=a11166adeba6a4fd7a7349769d5f3241): Total: 0.096 seconds - Initiated by RefreshV2(NoUpdateAssetOptions)
[ScriptCompilation] Requested script compilation because: Recompiling scripts for player build.
BuildPlayer: start building target 13
[40m[32minfo[39m[22m[49m: Microsoft.AspNetCore.Hosting.Diagnostics[1]
      Request starting HTTP/2 POST http://ilpp/UnityILPP.PostProcessing/Ping application/grpc -
[40m[32minfo[39m[22m[49m: Microsoft.AspNetCore.Routing.EndpointMiddleware[0]
      Executing endpoint 'gRPC - /UnityILPP.PostProcessing/Ping'
[40m[32minfo[39m[22m[49m: Microsoft.AspNetCore.Routing.EndpointMiddleware[1]
      Executed endpoint 'gRPC - /UnityILPP.PostProcessing/Ping'
[40m[32minfo[39m[22m[49m: Microsoft.AspNetCore.Hosting.Diagnostics[2]
      Request finished HTTP/2 POST http://ilpp/UnityILPP.PostProcessing/Ping application/grpc - - 200 - application/grpc 0.0980ms
Starting: /Applications/Unity/Hub/Editor/6000.3.9f1/Unity.app/Contents/Resources/BuildPipeline/bee_backend --ipc --defer-dag-verification --dagfile="Library/Bee/1300b0aP.dag" --continue-on-failure --profile="Library/Bee/backend1.traceevents" ScriptAssembliesAndTypeDB
WorkingDir: /Users/akshaykadam/Documents/UnityApps/NeuroRehab Cognitive Therapy Portal
Starting: /Applications/Unity/Hub/Editor/6000.3.9f1/Unity.app/Contents/Resources/Scripting/netcorerun/netcorerun "/Applications/Unity/Hub/Editor/6000.3.9f1/Unity.app/Contents/Resources/BuildPipeline/ScriptCompilationBuildProgram.exe" "Library/Bee/1300b0aP.dag.json" "Library/Bee/1300b0aP-inputdata.json" "Library/Bee/buildprogram0.traceevents"
WorkingDir: /Users/akshaykadam/Documents/UnityApps/NeuroRehab Cognitive Therapy Portal
ExitCode: 4 Duration: 0s312ms
Rebuilding DAG because FileSignature timestamp changed: Library/Bee/1300b0aP-inputdata.json
*** Tundra requires additional run (0.08 seconds), 0 items updated, 480 evaluated
ExitCode: 0 Duration: 0s434ms
Starting: /Applications/Unity/Hub/Editor/6000.3.9f1/Unity.app/Contents/Resources/BuildPipeline/bee_backend --ipc --defer-dag-verification --dagfile="Library/Bee/1300b0aP.dag" --continue-on-failure --dagfilejson="Library/Bee/1300b0aP.dag.json" --profile="Library/Bee/backend2.traceevents" ScriptAssembliesAndTypeDB
WorkingDir: /Users/akshaykadam/Documents/UnityApps/NeuroRehab Cognitive Therapy Portal
[40m[32minfo[39m[22m[49m: Microsoft.AspNetCore.Hosting.Diagnostics[1]
      Request starting HTTP/2 POST http://ilpp/UnityILPP.PostProcessing/ConfigurePostProcessors application/grpc -
[40m[32minfo[39m[22m[49m: Microsoft.AspNetCore.Routing.EndpointMiddleware[0]
      Executing endpoint 'gRPC - /UnityILPP.PostProcessing/ConfigurePostProcessors'
[40m[32minfo[39m[22m[49m: Unity.ILPP.Runner.PostProcessingAssemblyLoadContext[0]
      ALC ILPP context 1 is unloading
[40m[1m[33mwarn[39m[22m[49m: Unity.ILPP.Runner.PostProcessingAssemblyLoadContext[0]
      Assembly system.runtime.interopservices.windowsruntime has duplicate hint path. Ignoring "/Applications/Unity/Hub/Editor/6000.3.9f1/Unity.app/Contents/Resources/Scripting/UnityReferenceAssemblies/unity-4.8-api/Facades/System.Runtime.InteropServices.WindowsRuntime.dll" in favor of "/Applications/Unity/Hub/Editor/6000.3.9f1/Unity.app/Contents/Resources/Scripting/NetStandard/Extensions/2.0.0/System.Runtime.InteropServices.WindowsRuntime.dll"
[40m[1m[33mwarn[39m[22m[49m: Unity.ILPP.Runner.PostProcessingAssemblyLoadContext[0]
      Assembly system.componentmodel.composition has duplicate hint path. Ignoring "/Applications/Unity/Hub/Editor/6000.3.9f1/Unity.app/Contents/Resources/Scripting/UnityReferenceAssemblies/unity-4.8-api/System.ComponentModel.Composition.dll" in favor of "/Applications/Unity/Hub/Editor/6000.3.9f1/Unity.app/Contents/Resources/Scripting/NetStandard/compat/2.1.0/shims/netfx/System.ComponentModel.Composition.dll"
[40m[32minfo[39m[22m[49m: Unity.ILPP.Runner.PostProcessingAssemblyLoadContext[0]
      Resolved Unity.Burst.Cecil, Version=0.11.4.0, Culture=neutral, PublicKeyToken=50cebf1cceb9d05e with Library/PackageCache/com.unity.burst@07790c2d06d9/Unity.Burst.CodeGen/Unity.Burst.Cecil.dll
[40m[32minfo[39m[22m[49m: Unity.ILPP.Runner.PostProcessingAssemblyLoadContext[0]
      Resolved Mono.Cecil, Version=0.11.5.0, Culture=neutral, PublicKeyToken=50cebf1cceb9d05e with Library/PackageCache/com.unity.nuget.mono-cecil@ecb9724e46ff/Mono.Cecil.dll
[40m[32minfo[39m[22m[49m: Microsoft.AspNetCore.Routing.EndpointMiddleware[1]
      Executed endpoint 'gRPC - /UnityILPP.PostProcessing/ConfigurePostProcessors'
[40m[32minfo[39m[22m[49m: Microsoft.AspNetCore.Hosting.Diagnostics[2]
      Request finished HTTP/2 POST http://ilpp/UnityILPP.PostProcessing/ConfigurePostProcessors application/grpc - - 200 - application/grpc 9.1086ms
[40m[32minfo[39m[22m[49m: Microsoft.AspNetCore.Hosting.Diagnostics[1]
      Request starting HTTP/2 POST http://ilpp/UnityILPP.PostProcessing/PostProcessAssembly application/grpc -
[40m[32minfo[39m[22m[49m: Microsoft.AspNetCore.Routing.EndpointMiddleware[0]
      Executing endpoint 'gRPC - /UnityILPP.PostProcessing/PostProcessAssembly'
[40m[32minfo[39m[22m[49m: Microsoft.AspNetCore.Hosting.Diagnostics[1]
      Request starting HTTP/2 POST http://ilpp/UnityILPP.PostProcessing/PostProcessAssembly application/grpc -
[40m[32minfo[39m[22m[49m: Microsoft.AspNetCore.Routing.EndpointMiddleware[0]
      Executing endpoint 'gRPC - /UnityILPP.PostProcessing/PostProcessAssembly'
[40m[32minfo[39m[22m[49m: Microsoft.AspNetCore.Hosting.Diagnostics[1]
      Request starting HTTP/2 POST http://ilpp/UnityILPP.PostProcessing/PostProcessAssembly application/grpc -
[40m[32minfo[39m[22m[49m: Microsoft.AspNetCore.Routing.EndpointMiddleware[0]
      Executing endpoint 'gRPC - /UnityILPP.PostProcessing/PostProcessAssembly'
[40m[32minfo[39m[22m[49m: Unity.ILPP.Runner.PostProcessingPipeline[0]
      Processing assembly Library/Bee/artifacts/1300b0aP.dag/Assembly-CSharp.dll, with 136 defines and 229 references
[40m[32minfo[39m[22m[49m: Unity.ILPP.Runner.PostProcessingPipeline[0]
      processors: Unity.Jobs.CodeGen.JobsILPostProcessor, zzzUnity.Burst.CodeGen.BurstILPostProcessor
[40m[32minfo[39m[22m[49m: Unity.ILPP.Runner.PostProcessingPipeline[0]
      running Unity.Jobs.CodeGen.JobsILPostProcessor
[40m[32minfo[39m[22m[49m: Unity.ILPP.Runner.PostProcessingPipeline[0]
      Processing assembly Library/Bee/artifacts/1300b0aP.dag/Unity.InputSystem.ForUI.dll, with 136 defines and 205 references
[40m[32minfo[39m[22m[49m: Unity.ILPP.Runner.PostProcessingPipeline[0]
      processors: Unity.Jobs.CodeGen.JobsILPostProcessor, zzzUnity.Burst.CodeGen.BurstILPostProcessor
[40m[32minfo[39m[22m[49m: Microsoft.AspNetCore.Hosting.Diagnostics[1]
      Request starting HTTP/2 POST http://ilpp/UnityILPP.PostProcessing/PostProcessAssembly application/grpc -
[40m[32minfo[39m[22m[49m: Microsoft.AspNetCore.Routing.EndpointMiddleware[0]
      Executing endpoint 'gRPC - /UnityILPP.PostProcessing/PostProcessAssembly'
[40m[32minfo[39m[22m[49m: Unity.ILPP.Runner.PostProcessingAssemblyLoadContext[0]
      Resolved Unity.Collections, Version=0.0.0.0, Culture=neutral, PublicKeyToken=null with Library/Bee/artifacts/Android_CodeGen/Unity.Collections.dll
[40m[32minfo[39m[22m[49m: Unity.ILPP.Runner.PostProcessingPipeline[0]
      running Unity.Jobs.CodeGen.JobsILPostProcessor
[40m[32minfo[39m[22m[49m: Unity.ILPP.Runner.PostProcessingPipeline[0]
      running zzzUnity.Burst.CodeGen.BurstILPostProcessor
[40m[32minfo[39m[22m[49m: Microsoft.AspNetCore.Hosting.Diagnostics[1]
      Request starting HTTP/2 POST http://ilpp/UnityILPP.PostProcessing/PostProcessAssembly application/grpc -
[40m[32minfo[39m[22m[49m: Microsoft.AspNetCore.Routing.EndpointMiddleware[0]
      Executing endpoint 'gRPC - /UnityILPP.PostProcessing/PostProcessAssembly'
[40m[32minfo[39m[22m[49m: Microsoft.AspNetCore.Routing.EndpointMiddleware[1]
      Executed endpoint 'gRPC - /UnityILPP.PostProcessing/PostProcessAssembly'
[40m[32minfo[39m[22m[49m: Microsoft.AspNetCore.Hosting.Diagnostics[2]
      Request finished HTTP/2 POST http://ilpp/UnityILPP.PostProcessing/PostProcessAssembly application/grpc - - 200 - application/grpc 15.1516ms
[40m[32minfo[39m[22m[49m: Unity.ILPP.Runner.PostProcessingPipeline[0]
      Processing assembly Library/Bee/artifacts/1300b0aP.dag/UniWebView-CSharp.dll, with 136 defines and 205 references
[40m[32minfo[39m[22m[49m: Unity.ILPP.Runner.PostProcessingPipeline[0]
      processors: Unity.Jobs.CodeGen.JobsILPostProcessor, zzzUnity.Burst.CodeGen.BurstILPostProcessor
[40m[32minfo[39m[22m[49m: Microsoft.AspNetCore.Hosting.Diagnostics[1]
      Request starting HTTP/2 POST http://ilpp/UnityILPP.PostProcessing/PostProcessAssembly application/grpc -
[40m[32minfo[39m[22m[49m: Unity.ILPP.Runner.PostProcessingPipeline[0]
      Processing assembly Library/Bee/artifacts/1300b0aP.dag/Unity.RenderPipelines.Universal.Runtime.dll, with 143 defines and 212 references
[40m[32minfo[39m[22m[49m: Microsoft.AspNetCore.Routing.EndpointMiddleware[0]
      Executing endpoint 'gRPC - /UnityILPP.PostProcessing/PostProcessAssembly'
[40m[32minfo[39m[22m[49m: Unity.ILPP.Runner.PostProcessingPipeline[0]
      processors: Unity.Jobs.CodeGen.JobsILPostProcessor, zzzUnity.Burst.CodeGen.BurstILPostProcessor
[40m[32minfo[39m[22m[49m: Microsoft.AspNetCore.Hosting.Diagnostics[1]
      Request starting HTTP/2 POST http://ilpp/UnityILPP.PostProcessing/PostProcessAssembly application/grpc -
[40m[32minfo[39m[22m[49m: Microsoft.AspNetCore.Routing.EndpointMiddleware[0]
      Executing endpoint 'gRPC - /UnityILPP.PostProcessing/PostProcessAssembly'
[40m[32minfo[39m[22m[49m: Unity.ILPP.Runner.PostProcessingPipeline[0]
      running Unity.Jobs.CodeGen.JobsILPostProcessor
[40m[32minfo[39m[22m[49m: Unity.ILPP.Runner.PostProcessingPipeline[0]
      running zzzUnity.Burst.CodeGen.BurstILPostProcessor
[40m[32minfo[39m[22m[49m: Unity.ILPP.Runner.PostProcessingPipeline[0]
      running Unity.Jobs.CodeGen.JobsILPostProcessor
[40m[32minfo[39m[22m[49m: Unity.ILPP.Runner.PostProcessingPipeline[0]
      running zzzUnity.Burst.CodeGen.BurstILPostProcessor
[40m[32minfo[39m[22m[49m: Unity.ILPP.Runner.PostProcessingPipeline[0]
      Processing assembly Library/Bee/artifacts/1300b0aP.dag/Unity.VisualScripting.State.dll, with 136 defines and 206 references
[40m[32minfo[39m[22m[49m: Unity.ILPP.Runner.PostProcessingPipeline[0]
      processors: Unity.Jobs.CodeGen.JobsILPostProcessor, zzzUnity.Burst.CodeGen.BurstILPostProcessor
[40m[32minfo[39m[22m[49m: Unity.ILPP.Runner.PostProcessingPipeline[0]
      running Unity.Jobs.CodeGen.JobsILPostProcessor
[40m[32minfo[39m[22m[49m: Unity.ILPP.Runner.PostProcessingPipeline[0]
      running zzzUnity.Burst.CodeGen.BurstILPostProcessor
[40m[32minfo[39m[22m[49m: Microsoft.AspNetCore.Routing.EndpointMiddleware[1]
      Executed endpoint 'gRPC - /UnityILPP.PostProcessing/PostProcessAssembly'
[40m[32minfo[39m[22m[49m: Microsoft.AspNetCore.Hosting.Diagnostics[2]
      Request finished HTTP/2 POST http://ilpp/UnityILPP.PostProcessing/PostProcessAssembly application/grpc - - 200 - application/grpc 11.3327ms
[40m[32minfo[39m[22m[49m: Microsoft.AspNetCore.Routing.EndpointMiddleware[1]
      Executed endpoint 'gRPC - /UnityILPP.PostProcessing/PostProcessAssembly'
[40m[32minfo[39m[22m[49m: Microsoft.AspNetCore.Hosting.Diagnostics[2]
      Request finished HTTP/2 POST http://ilpp/UnityILPP.PostProcessing/PostProcessAssembly application/grpc - - 200 - application/grpc 15.5425ms
[40m[32minfo[39m[22m[49m: Unity.ILPP.Runner.PostProcessingPipeline[0]
      Processing assembly Library/Bee/artifacts/1300b0aP.dag/Unity.TextMeshPro.dll, with 137 defines and 205 references
[40m[32minfo[39m[22m[49m: Unity.ILPP.Runner.PostProcessingPipeline[0]
      processors: Unity.Jobs.CodeGen.JobsILPostProcessor, zzzUnity.Burst.CodeGen.BurstILPostProcessor
[40m[32minfo[39m[22m[49m: Unity.ILPP.Runner.PostProcessingPipeline[0]
      Processing assembly Library/Bee/artifacts/1300b0aP.dag/Unity.AI.Navigation.dll, with 137 defines and 204 references
[40m[32minfo[39m[22m[49m: Unity.ILPP.Runner.PostProcessingPipeline[0]
      processors: Unity.Jobs.CodeGen.JobsILPostProcessor, zzzUnity.Burst.CodeGen.BurstILPostProcessor
[40m[32minfo[39m[22m[49m: Unity.ILPP.Runner.PostProcessingPipeline[0]
      running Unity.Jobs.CodeGen.JobsILPostProcessor
[40m[32minfo[39m[22m[49m: Unity.ILPP.Runner.PostProcessingPipeline[0]
      running zzzUnity.Burst.CodeGen.BurstILPostProcessor
[40m[32minfo[39m[22m[49m: Unity.ILPP.Runner.PostProcessingPipeline[0]
      running Unity.Jobs.CodeGen.JobsILPostProcessor
[40m[32minfo[39m[22m[49m: Unity.ILPP.Runner.PostProcessingPipeline[0]
      running zzzUnity.Burst.CodeGen.BurstILPostProcessor
[40m[32minfo[39m[22m[49m: Microsoft.AspNetCore.Hosting.Diagnostics[1]
      Request starting HTTP/2 POST http://ilpp/UnityILPP.PostProcessing/PostProcessAssembly application/grpc -
[40m[32minfo[39m[22m[49m: Microsoft.AspNetCore.Routing.EndpointMiddleware[0]
      Executing endpoint 'gRPC - /UnityILPP.PostProcessing/PostProcessAssembly'
[40m[32minfo[39m[22m[49m: Microsoft.AspNetCore.Routing.EndpointMiddleware[1]
      Executed endpoint 'gRPC - /UnityILPP.PostProcessing/PostProcessAssembly'
[40m[32minfo[39m[22m[49m: Microsoft.AspNetCore.Routing.EndpointMiddleware[1]
      Executed endpoint 'gRPC - /UnityILPP.PostProcessing/PostProcessAssembly'
[40m[32minfo[39m[22m[49m: Microsoft.AspNetCore.Hosting.Diagnostics[2]
      Request finished HTTP/2 POST http://ilpp/UnityILPP.PostProcessing/PostProcessAssembly application/grpc - - 200 - application/grpc 22.8254ms
[40m[32minfo[39m[22m[49m: Microsoft.AspNetCore.Hosting.Diagnostics[2]
      Request finished HTTP/2 POST http://ilpp/UnityILPP.PostProcessing/PostProcessAssembly application/grpc - - 200 - application/grpc 22.5824ms
[40m[32minfo[39m[22m[49m: Unity.ILPP.Runner.PostProcessingPipeline[0]
      Processing assembly Library/Bee/artifacts/1300b0aP.dag/Unity.InternalAPIEngineBridge.004.dll, with 136 defines and 204 references
[40m[32minfo[39m[22m[49m: Unity.ILPP.Runner.PostProcessingPipeline[0]
      processors: Unity.Jobs.CodeGen.JobsILPostProcessor, zzzUnity.Burst.CodeGen.BurstILPostProcessor
[40m[32minfo[39m[22m[49m: Unity.ILPP.Runner.PostProcessingPipeline[0]
      running Unity.Jobs.CodeGen.JobsILPostProcessor
[40m[32minfo[39m[22m[49m: Unity.ILPP.Runner.PostProcessingPipeline[0]
      running zzzUnity.Burst.CodeGen.BurstILPostProcessor
[40m[32minfo[39m[22m[49m: Microsoft.AspNetCore.Routing.EndpointMiddleware[1]
      Executed endpoint 'gRPC - /UnityILPP.PostProcessing/PostProcessAssembly'
[40m[32minfo[39m[22m[49m: Microsoft.AspNetCore.Hosting.Diagnostics[2]
      Request finished HTTP/2 POST http://ilpp/UnityILPP.PostProcessing/PostProcessAssembly application/grpc - - 200 - application/grpc 17.0763ms
[40m[32minfo[39m[22m[49m: Unity.ILPP.Runner.PostProcessingAssemblyLoadContext[0]
      Resolved Unity.Burst.Cecil.Rocks, Version=0.11.4.0, Culture=neutral, PublicKeyToken=50cebf1cceb9d05e with Library/PackageCache/com.unity.burst@07790c2d06d9/Unity.Burst.CodeGen/Unity.Burst.Cecil.Rocks.dll
[40m[32minfo[39m[22m[49m: Microsoft.AspNetCore.Hosting.Diagnostics[1]
      Request starting HTTP/2 POST http://ilpp/UnityILPP.PostProcessing/PostProcessAssembly application/grpc -
[40m[32minfo[39m[22m[49m: Microsoft.AspNetCore.Routing.EndpointMiddleware[0]
      Executing endpoint 'gRPC - /UnityILPP.PostProcessing/PostProcessAssembly'
[40m[32minfo[39m[22m[49m: Unity.ILPP.Runner.PostProcessingPipeline[0]
      Processing assembly Library/Bee/artifacts/1300b0aP.dag/Unity.Collections.dll, with 138 defines and 206 references
[40m[32minfo[39m[22m[49m: Unity.ILPP.Runner.PostProcessingPipeline[0]
      processors: Unity.Jobs.CodeGen.JobsILPostProcessor, zzzUnity.Burst.CodeGen.BurstILPostProcessor
[40m[32minfo[39m[22m[49m: Unity.ILPP.Runner.PostProcessingPipeline[0]
      running Unity.Jobs.CodeGen.JobsILPostProcessor
[40m[32minfo[39m[22m[49m: Microsoft.AspNetCore.Routing.EndpointMiddleware[1]
      Executed endpoint 'gRPC - /UnityILPP.PostProcessing/PostProcessAssembly'
[40m[32minfo[39m[22m[49m: Microsoft.AspNetCore.Hosting.Diagnostics[2]
      Request finished HTTP/2 POST http://ilpp/UnityILPP.PostProcessing/PostProcessAssembly application/grpc - - 200 - application/grpc 237.2558ms
[40m[32minfo[39m[22m[49m: Unity.ILPP.Runner.PostProcessingAssemblyLoadContext[0]
      Resolved UnityEditor.CoreModule, Version=0.0.0.0, Culture=neutral, PublicKeyToken=null with /Applications/Unity/Hub/Editor/6000.3.9f1/Unity.app/Contents/Resources/Scripting/Managed/UnityEngine/UnityEditor.CoreModule.dll
[40m[32minfo[39m[22m[49m: Unity.ILPP.Runner.PostProcessingAssemblyLoadContext[0]
      Resolved UnityEngine.CoreModule, Version=0.0.0.0, Culture=neutral, PublicKeyToken=null with /Applications/Unity/Hub/Editor/6000.3.9f1/Unity.app/Contents/Resources/Scripting/Managed/UnityEngine/UnityEngine.CoreModule.dll
[40m[32minfo[39m[22m[49m: Microsoft.AspNetCore.Hosting.Diagnostics[1]
      Request starting HTTP/2 POST http://ilpp/UnityILPP.PostProcessing/PostProcessAssembly application/grpc -
[40m[32minfo[39m[22m[49m: Microsoft.AspNetCore.Routing.EndpointMiddleware[0]
      Executing endpoint 'gRPC - /UnityILPP.PostProcessing/PostProcessAssembly'
[40m[32minfo[39m[22m[49m: Microsoft.AspNetCore.Hosting.Diagnostics[1]
      Request starting HTTP/2 POST http://ilpp/UnityILPP.PostProcessing/PostProcessAssembly application/grpc -
[40m[32minfo[39m[22m[49m: Microsoft.AspNetCore.Routing.EndpointMiddleware[0]
      Executing endpoint 'gRPC - /UnityILPP.PostProcessing/PostProcessAssembly'
[40m[32minfo[39m[22m[49m: Microsoft.AspNetCore.Hosting.Diagnostics[1]
      Request starting HTTP/2 POST http://ilpp/UnityILPP.PostProcessing/PostProcessAssembly application/grpc -
[40m[32minfo[39m[22m[49m: Microsoft.AspNetCore.Routing.EndpointMiddleware[0]
      Executing endpoint 'gRPC - /UnityILPP.PostProcessing/PostProcessAssembly'
[40m[32minfo[39m[22m[49m: Unity.ILPP.Runner.PostProcessingPipeline[0]
      Processing assembly Library/Bee/artifacts/1300b0aP.dag/Unity.Mathematics.dll, with 136 defines and 204 references
[40m[32minfo[39m[22m[49m: Unity.ILPP.Runner.PostProcessingPipeline[0]
      processors: Unity.Jobs.CodeGen.JobsILPostProcessor, zzzUnity.Burst.CodeGen.BurstILPostProcessor
[40m[32minfo[39m[22m[49m: Microsoft.AspNetCore.Hosting.Diagnostics[1]
      Request starting HTTP/2 POST http://ilpp/UnityILPP.PostProcessing/PostProcessAssembly application/grpc -
[40m[32minfo[39m[22m[49m: Microsoft.AspNetCore.Routing.EndpointMiddleware[0]
      Executing endpoint 'gRPC - /UnityILPP.PostProcessing/PostProcessAssembly'
[40m[32minfo[39m[22m[49m: Unity.ILPP.Runner.PostProcessingPipeline[0]
      Processing assembly Library/Bee/artifacts/1300b0aP.dag/Unity.VisualScripting.Core.dll, with 141 defines and 205 references
[40m[32minfo[39m[22m[49m: Unity.ILPP.Runner.PostProcessingPipeline[0]
      running Unity.Jobs.CodeGen.JobsILPostProcessor
[40m[32minfo[39m[22m[49m: Unity.ILPP.Runner.PostProcessingPipeline[0]
      running zzzUnity.Burst.CodeGen.BurstILPostProcessor
[40m[32minfo[39m[22m[49m: Microsoft.AspNetCore.Routing.EndpointMiddleware[1]
      Executed endpoint 'gRPC - /UnityILPP.PostProcessing/PostProcessAssembly'
[40m[32minfo[39m[22m[49m: Microsoft.AspNetCore.Hosting.Diagnostics[2]
      Request finished HTTP/2 POST http://ilpp/UnityILPP.PostProcessing/PostProcessAssembly application/grpc - - 200 - application/grpc 20.9837ms
[40m[32minfo[39m[22m[49m: Unity.ILPP.Runner.PostProcessingPipeline[0]
      processors: Unity.Jobs.CodeGen.JobsILPostProcessor, zzzUnity.Burst.CodeGen.BurstILPostProcessor
[40m[32minfo[39m[22m[49m: Unity.ILPP.Runner.PostProcessingPipeline[0]
      running Unity.Jobs.CodeGen.JobsILPostProcessor
[40m[32minfo[39m[22m[49m: Unity.ILPP.Runner.PostProcessingPipeline[0]
      running zzzUnity.Burst.CodeGen.BurstILPostProcessor
[40m[32minfo[39m[22m[49m: Unity.ILPP.Runner.PostProcessingPipeline[0]
      running zzzUnity.Burst.CodeGen.BurstILPostProcessor
[40m[32minfo[39m[22m[49m: Microsoft.AspNetCore.Routing.EndpointMiddleware[1]
      Executed endpoint 'gRPC - /UnityILPP.PostProcessing/PostProcessAssembly'
[40m[32minfo[39m[22m[49m: Microsoft.AspNetCore.Hosting.Diagnostics[2]
      Request finished HTTP/2 POST http://ilpp/UnityILPP.PostProcessing/PostProcessAssembly application/grpc - - 200 - application/grpc 29.8495ms
[40m[32minfo[39m[22m[49m: Microsoft.AspNetCore.Hosting.Diagnostics[1]
      Request starting HTTP/2 POST http://ilpp/UnityILPP.PostProcessing/PostProcessAssembly application/grpc -
[40m[32minfo[39m[22m[49m: Microsoft.AspNetCore.Routing.EndpointMiddleware[0]
      Executing endpoint 'gRPC - /UnityILPP.PostProcessing/PostProcessAssembly'
[40m[32minfo[39m[22m[49m: Unity.ILPP.Runner.PostProcessingPipeline[0]
      Processing assembly Library/Bee/artifacts/1300b0aP.dag/Unity.RenderPipelines.Universal.Shaders.dll, with 136 defines and 204 references
[40m[32minfo[39m[22m[49m: Unity.ILPP.Runner.PostProcessingPipeline[0]
      processors: Unity.Jobs.CodeGen.JobsILPostProcessor, zzzUnity.Burst.CodeGen.BurstILPostProcessor
[40m[32minfo[39m[22m[49m: Unity.ILPP.Runner.PostProcessingPipeline[0]
      running Unity.Jobs.CodeGen.JobsILPostProcessor
[40m[32minfo[39m[22m[49m: Unity.ILPP.Runner.PostProcessingPipeline[0]
      running zzzUnity.Burst.CodeGen.BurstILPostProcessor
[40m[32minfo[39m[22m[49m: Unity.ILPP.Runner.PostProcessingPipeline[0]
      Processing assembly Library/Bee/artifacts/1300b0aP.dag/Unity.VisualScripting.Flow.dll, with 144 defines and 206 references
[40m[32minfo[39m[22m[49m: Unity.ILPP.Runner.PostProcessingPipeline[0]
      processors: Unity.Jobs.CodeGen.JobsILPostProcessor, zzzUnity.Burst.CodeGen.BurstILPostProcessor
[40m[32minfo[39m[22m[49m: Microsoft.AspNetCore.Routing.EndpointMiddleware[1]
      Executed endpoint 'gRPC - /UnityILPP.PostProcessing/PostProcessAssembly'
[40m[32minfo[39m[22m[49m: Microsoft.AspNetCore.Hosting.Diagnostics[2]
      Request finished HTTP/2 POST http://ilpp/UnityILPP.PostProcessing/PostProcessAssembly application/grpc - - 200 - application/grpc 28.7908ms
[40m[32minfo[39m[22m[49m: Unity.ILPP.Runner.PostProcessingPipeline[0]
      running Unity.Jobs.CodeGen.JobsILPostProcessor
[40m[32minfo[39m[22m[49m: Unity.ILPP.Runner.PostProcessingPipeline[0]
      running zzzUnity.Burst.CodeGen.BurstILPostProcessor
[40m[32minfo[39m[22m[49m: Unity.ILPP.Runner.PostProcessingPipeline[0]
      Processing assembly Library/Bee/artifacts/1300b0aP.dag/Unity.InputSystem.dll, with 147 defines and 204 references
[40m[32minfo[39m[22m[49m: Unity.ILPP.Runner.PostProcessingPipeline[0]
      processors: Unity.Jobs.CodeGen.JobsILPostProcessor, zzzUnity.Burst.CodeGen.BurstILPostProcessor
[40m[32minfo[39m[22m[49m: Microsoft.AspNetCore.Routing.EndpointMiddleware[1]
      Executed endpoint 'gRPC - /UnityILPP.PostProcessing/PostProcessAssembly'
[40m[32minfo[39m[22m[49m: Microsoft.AspNetCore.Hosting.Diagnostics[2]
      Request finished HTTP/2 POST http://ilpp/UnityILPP.PostProcessing/PostProcessAssembly application/grpc - - 200 - application/grpc 32.6231ms
[40m[32minfo[39m[22m[49m: Unity.ILPP.Runner.PostProcessingPipeline[0]
      running Unity.Jobs.CodeGen.JobsILPostProcessor
[40m[32minfo[39m[22m[49m: Unity.ILPP.Runner.PostProcessingPipeline[0]
      running zzzUnity.Burst.CodeGen.BurstILPostProcessor
[40m[32minfo[39m[22m[49m: Microsoft.AspNetCore.Routing.EndpointMiddleware[1]
      Executed endpoint 'gRPC - /UnityILPP.PostProcessing/PostProcessAssembly'
[40m[32minfo[39m[22m[49m: Microsoft.AspNetCore.Hosting.Diagnostics[2]
      Request finished HTTP/2 POST http://ilpp/UnityILPP.PostProcessing/PostProcessAssembly application/grpc - - 200 - application/grpc 23.5548ms
[40m[32minfo[39m[22m[49m: Microsoft.AspNetCore.Routing.EndpointMiddleware[1]
      Executed endpoint 'gRPC - /UnityILPP.PostProcessing/PostProcessAssembly'
[40m[32minfo[39m[22m[49m: Microsoft.AspNetCore.Hosting.Diagnostics[2]
      Request finished HTTP/2 POST http://ilpp/UnityILPP.PostProcessing/PostProcessAssembly application/grpc - - 200 - application/grpc 323.4097ms
[40m[32minfo[39m[22m[49m: Unity.ILPP.Runner.PostProcessingAssemblyLoadContext[0]
      Resolved Mono.Cecil.Rocks, Version=0.11.5.0, Culture=neutral, PublicKeyToken=50cebf1cceb9d05e with Library/PackageCache/com.unity.nuget.mono-cecil@ecb9724e46ff/Mono.Cecil.Rocks.dll
[40m[32minfo[39m[22m[49m: Microsoft.AspNetCore.Hosting.Diagnostics[1]
      Request starting HTTP/2 POST http://ilpp/UnityILPP.PostProcessing/PostProcessAssembly application/grpc -
[40m[32minfo[39m[22m[49m: Microsoft.AspNetCore.Routing.EndpointMiddleware[0]
      Executing endpoint 'gRPC - /UnityILPP.PostProcessing/PostProcessAssembly'
[40m[32minfo[39m[22m[49m: Unity.ILPP.Runner.PostProcessingPipeline[0]
      Processing assembly Library/Bee/artifacts/1300b0aP.dag/Unity.RenderPipelines.Core.Runtime.Shared.dll, with 136 defines and 205 references
[40m[32minfo[39m[22m[49m: Unity.ILPP.Runner.PostProcessingPipeline[0]
      processors: Unity.Jobs.CodeGen.JobsILPostProcessor, zzzUnity.Burst.CodeGen.BurstILPostProcessor
[40m[32minfo[39m[22m[49m: Unity.ILPP.Runner.PostProcessingPipeline[0]
      running Unity.Jobs.CodeGen.JobsILPostProcessor
[40m[32minfo[39m[22m[49m: Unity.ILPP.Runner.PostProcessingPipeline[0]
      running zzzUnity.Burst.CodeGen.BurstILPostProcessor
[40m[32minfo[39m[22m[49m: Microsoft.AspNetCore.Routing.EndpointMiddleware[1]
      Executed endpoint 'gRPC - /UnityILPP.PostProcessing/PostProcessAssembly'
[40m[32minfo[39m[22m[49m: Microsoft.AspNetCore.Hosting.Diagnostics[2]
      Request finished HTTP/2 POST http://ilpp/UnityILPP.PostProcessing/PostProcessAssembly application/grpc - - 200 - application/grpc 8.5181ms
[40m[32minfo[39m[22m[49m: Microsoft.AspNetCore.Hosting.Diagnostics[1]
      Request starting HTTP/2 POST http://ilpp/UnityILPP.PostProcessing/PostProcessAssembly application/grpc -
[40m[32minfo[39m[22m[49m: Microsoft.AspNetCore.Routing.EndpointMiddleware[0]
      Executing endpoint 'gRPC - /UnityILPP.PostProcessing/PostProcessAssembly'
[40m[32minfo[39m[22m[49m: Microsoft.AspNetCore.Hosting.Diagnostics[1]
      Request starting HTTP/2 POST http://ilpp/UnityILPP.PostProcessing/PostProcessAssembly application/grpc -
[40m[32minfo[39m[22m[49m: Microsoft.AspNetCore.Routing.EndpointMiddleware[0]
      Executing endpoint 'gRPC - /UnityILPP.PostProcessing/PostProcessAssembly'
[40m[32minfo[39m[22m[49m: Unity.ILPP.Runner.PostProcessingPipeline[0]
      Processing assembly Library/Bee/artifacts/1300b0aP.dag/Unity.RenderPipelines.GPUDriven.Runtime.dll, with 136 defines and 208 references
[40m[32minfo[39m[22m[49m: Unity.ILPP.Runner.PostProcessingPipeline[0]
      processors: Unity.Jobs.CodeGen.JobsILPostProcessor, zzzUnity.Burst.CodeGen.BurstILPostProcessor
[40m[32minfo[39m[22m[49m: Unity.ILPP.Runner.PostProcessingPipeline[0]
      Processing assembly Library/Bee/artifacts/1300b0aP.dag/Unity.RenderPipelines.Core.ShaderLibrary.dll, with 136 defines and 204 references
[40m[32minfo[39m[22m[49m: Unity.ILPP.Runner.PostProcessingPipeline[0]
      processors: Unity.Jobs.CodeGen.JobsILPostProcessor, zzzUnity.Burst.CodeGen.BurstILPostProcessor
[40m[32minfo[39m[22m[49m: Microsoft.AspNetCore.Hosting.Diagnostics[1]
      Request starting HTTP/2 POST http://ilpp/UnityILPP.PostProcessing/PostProcessAssembly application/grpc -
[40m[32minfo[39m[22m[49m: Microsoft.AspNetCore.Routing.EndpointMiddleware[0]
      Executing endpoint 'gRPC - /UnityILPP.PostProcessing/PostProcessAssembly'
[40m[32minfo[39m[22m[49m: Microsoft.AspNetCore.Hosting.Diagnostics[1]
      Request starting HTTP/2 POST http://ilpp/UnityILPP.PostProcessing/PostProcessAssembly application/grpc -
[40m[32minfo[39m[22m[49m: Microsoft.AspNetCore.Routing.EndpointMiddleware[0]
      Executing endpoint 'gRPC - /UnityILPP.PostProcessing/PostProcessAssembly'
[40m[32minfo[39m[22m[49m: Unity.ILPP.Runner.PostProcessingPipeline[0]
      running Unity.Jobs.CodeGen.JobsILPostProcessor
[40m[32minfo[39m[22m[49m: Unity.ILPP.Runner.PostProcessingPipeline[0]
      running zzzUnity.Burst.CodeGen.BurstILPostProcessor
[40m[32minfo[39m[22m[49m: Unity.ILPP.Runner.PostProcessingPipeline[0]
      running Unity.Jobs.CodeGen.JobsILPostProcessor
[40m[32minfo[39m[22m[49m: Microsoft.AspNetCore.Routing.EndpointMiddleware[1]
      Executed endpoint 'gRPC - /UnityILPP.PostProcessing/PostProcessAssembly'
[40m[32minfo[39m[22m[49m: Microsoft.AspNetCore.Hosting.Diagnostics[2]
      Request finished HTTP/2 POST http://ilpp/UnityILPP.PostProcessing/PostProcessAssembly application/grpc - - 200 - application/grpc 25.6502ms
[40m[32minfo[39m[22m[49m: Microsoft.AspNetCore.Hosting.Diagnostics[1]
      Request starting HTTP/2 POST http://ilpp/UnityILPP.PostProcessing/PostProcessAssembly application/grpc -
[40m[32minfo[39m[22m[49m: Microsoft.AspNetCore.Hosting.Diagnostics[1]
      Request starting HTTP/2 POST http://ilpp/UnityILPP.PostProcessing/PostProcessAssembly application/grpc -
[40m[32minfo[39m[22m[49m: Microsoft.AspNetCore.Routing.EndpointMiddleware[0]
      Executing endpoint 'gRPC - /UnityILPP.PostProcessing/PostProcessAssembly'
[40m[32minfo[39m[22m[49m: Microsoft.AspNetCore.Routing.EndpointMiddleware[0]
      Executing endpoint 'gRPC - /UnityILPP.PostProcessing/PostProcessAssembly'
[40m[32minfo[39m[22m[49m: Microsoft.AspNetCore.Hosting.Diagnostics[1]
      Request starting HTTP/2 POST http://ilpp/UnityILPP.PostProcessing/PostProcessAssembly application/grpc -
[40m[32minfo[39m[22m[49m: Microsoft.AspNetCore.Routing.EndpointMiddleware[0]
      Executing endpoint 'gRPC - /UnityILPP.PostProcessing/PostProcessAssembly'
[40m[32minfo[39m[22m[49m: Unity.ILPP.Runner.PostProcessingPipeline[0]
      Processing assembly Library/Bee/artifacts/1300b0aP.dag/Unity.UnifiedRayTracing.Runtime.dll, with 137 defines and 207 references
[40m[32minfo[39m[22m[49m: Unity.ILPP.Runner.PostProcessingPipeline[0]
      processors: Unity.Jobs.CodeGen.JobsILPostProcessor, zzzUnity.Burst.CodeGen.BurstILPostProcessor
[40m[32minfo[39m[22m[49m: Unity.ILPP.Runner.PostProcessingPipeline[0]
      Processing assembly Library/Bee/artifacts/1300b0aP.dag/Unity.Multiplayer.Center.Common.dll, with 136 defines and 204 references
[40m[32minfo[39m[22m[49m: Unity.ILPP.Runner.PostProcessingPipeline[0]
      processors: Unity.Jobs.CodeGen.JobsILPostProcessor, zzzUnity.Burst.CodeGen.BurstILPostProcessor
[40m[32minfo[39m[22m[49m: Unity.ILPP.Runner.PostProcessingPipeline[0]
      running Unity.Jobs.CodeGen.JobsILPostProcessor
[40m[32minfo[39m[22m[49m: Unity.ILPP.Runner.PostProcessingPipeline[0]
      running zzzUnity.Burst.CodeGen.BurstILPostProcessor
[40m[32minfo[39m[22m[49m: Unity.ILPP.Runner.PostProcessingPipeline[0]
      running Unity.Jobs.CodeGen.JobsILPostProcessor
[40m[32minfo[39m[22m[49m: Microsoft.AspNetCore.Routing.EndpointMiddleware[1]
      Executed endpoint 'gRPC - /UnityILPP.PostProcessing/PostProcessAssembly'
[40m[32minfo[39m[22m[49m: Microsoft.AspNetCore.Hosting.Diagnostics[2]
      Request finished HTTP/2 POST http://ilpp/UnityILPP.PostProcessing/PostProcessAssembly application/grpc - - 200 - application/grpc 24.1663ms
[40m[32minfo[39m[22m[49m: Unity.ILPP.Runner.PostProcessingPipeline[0]
      Processing assembly Library/Bee/artifacts/1300b0aP.dag/Unity.RenderPipelines.ShaderGraph.ShaderGraphLibrary.dll, with 136 defines and 204 references
[40m[32minfo[39m[22m[49m: Unity.ILPP.Runner.PostProcessingPipeline[0]
      processors: Unity.Jobs.CodeGen.JobsILPostProcessor, zzzUnity.Burst.CodeGen.BurstILPostProcessor
[40m[32minfo[39m[22m[49m: Unity.ILPP.Runner.PostProcessingPipeline[0]
      running Unity.Jobs.CodeGen.JobsILPostProcessor
[40m[32minfo[39m[22m[49m: Unity.ILPP.Runner.PostProcessingPipeline[0]
      running zzzUnity.Burst.CodeGen.BurstILPostProcessor
[40m[32minfo[39m[22m[49m: Microsoft.AspNetCore.Routing.EndpointMiddleware[1]
      Executed endpoint 'gRPC - /UnityILPP.PostProcessing/PostProcessAssembly'
[40m[32minfo[39m[22m[49m: Microsoft.AspNetCore.Hosting.Diagnostics[2]
      Request finished HTTP/2 POST http://ilpp/UnityILPP.PostProcessing/PostProcessAssembly application/grpc - - 200 - application/grpc 8.7174ms
[40m[32minfo[39m[22m[49m: Unity.ILPP.Runner.PostProcessingPipeline[0]
      Processing assembly Library/Bee/artifacts/1300b0aP.dag/Unity.RenderPipelines.Universal.2D.Runtime.dll, with 139 defines and 209 references
[40m[32minfo[39m[22m[49m: Unity.ILPP.Runner.PostProcessingPipeline[0]
      processors: Unity.Jobs.CodeGen.JobsILPostProcessor, zzzUnity.Burst.CodeGen.BurstILPostProcessor
[40m[32minfo[39m[22m[49m: Unity.ILPP.Runner.PostProcessingPipeline[0]
      Processing assembly Library/Bee/artifacts/1300b0aP.dag/Unity.Burst.dll, with 136 defines and 200 references
[40m[32minfo[39m[22m[49m: Unity.ILPP.Runner.PostProcessingPipeline[0]
      processors: Unity.Jobs.CodeGen.JobsILPostProcessor, zzzUnity.Burst.CodeGen.BurstILPostProcessor
[40m[32minfo[39m[22m[49m: Unity.ILPP.Runner.PostProcessingPipeline[0]
      running Unity.Jobs.CodeGen.JobsILPostProcessor
[40m[32minfo[39m[22m[49m: Unity.ILPP.Runner.PostProcessingPipeline[0]
      running zzzUnity.Burst.CodeGen.BurstILPostProcessor
[40m[32minfo[39m[22m[49m: Unity.ILPP.Runner.PostProcessingPipeline[0]
      running Unity.Jobs.CodeGen.JobsILPostProcessor
[40m[32minfo[39m[22m[49m: Unity.ILPP.Runner.PostProcessingPipeline[0]
      running zzzUnity.Burst.CodeGen.BurstILPostProcessor
[40m[32minfo[39m[22m[49m: Unity.ILPP.Runner.PostProcessingPipeline[0]
      running zzzUnity.Burst.CodeGen.BurstILPostProcessor
[40m[32minfo[39m[22m[49m: Unity.ILPP.Runner.PostProcessingPipeline[0]
      running zzzUnity.Burst.CodeGen.BurstILPostProcessor
[40m[32minfo[39m[22m[49m: Unity.ILPP.Runner.PostProcessingPipeline[0]
      running zzzUnity.Burst.CodeGen.BurstILPostProcessor
[40m[32minfo[39m[22m[49m: Microsoft.AspNetCore.Hosting.Diagnostics[1]
      Request starting HTTP/2 POST http://ilpp/UnityILPP.PostProcessing/PostProcessAssembly application/grpc -
[40m[32minfo[39m[22m[49m: Microsoft.AspNetCore.Routing.EndpointMiddleware[0]
      Executing endpoint 'gRPC - /UnityILPP.PostProcessing/PostProcessAssembly'
[40m[32minfo[39m[22m[49m: Microsoft.AspNetCore.Hosting.Diagnostics[1]
      Request starting HTTP/2 POST http://ilpp/UnityILPP.PostProcessing/PostProcessAssembly application/grpc -
[40m[32minfo[39m[22m[49m: Microsoft.AspNetCore.Routing.EndpointMiddleware[0]
      Executing endpoint 'gRPC - /UnityILPP.PostProcessing/PostProcessAssembly'
[40m[32minfo[39m[22m[49m: Microsoft.AspNetCore.Routing.EndpointMiddleware[1]
      Executed endpoint 'gRPC - /UnityILPP.PostProcessing/PostProcessAssembly'
[40m[32minfo[39m[22m[49m: Microsoft.AspNetCore.Hosting.Diagnostics[2]
      Request finished HTTP/2 POST http://ilpp/UnityILPP.PostProcessing/PostProcessAssembly application/grpc - - 200 - application/grpc 178.2176ms
[40m[32minfo[39m[22m[49m: Microsoft.AspNetCore.Routing.EndpointMiddleware[1]
      Executed endpoint 'gRPC - /UnityILPP.PostProcessing/PostProcessAssembly'
[40m[32minfo[39m[22m[49m: Microsoft.AspNetCore.Hosting.Diagnostics[2]
      Request finished HTTP/2 POST http://ilpp/UnityILPP.PostProcessing/PostProcessAssembly application/grpc - - 200 - application/grpc 395.5173ms
[40m[32minfo[39m[22m[49m: Microsoft.AspNetCore.Routing.EndpointMiddleware[1]
      Executed endpoint 'gRPC - /UnityILPP.PostProcessing/PostProcessAssembly'
[40m[32minfo[39m[22m[49m: Microsoft.AspNetCore.Hosting.Diagnostics[2]
      Request finished HTTP/2 POST http://ilpp/UnityILPP.PostProcessing/PostProcessAssembly application/grpc - - 200 - application/grpc 731.2354ms
[40m[32minfo[39m[22m[49m: Microsoft.AspNetCore.Hosting.Diagnostics[1]
      Request starting HTTP/2 POST http://ilpp/UnityILPP.PostProcessing/PostProcessAssembly application/grpc -
[40m[32minfo[39m[22m[49m: Microsoft.AspNetCore.Routing.EndpointMiddleware[0]
      Executing endpoint 'gRPC - /UnityILPP.PostProcessing/PostProcessAssembly'
[40m[32minfo[39m[22m[49m: Microsoft.AspNetCore.Routing.EndpointMiddleware[1]
      Executed endpoint 'gRPC - /UnityILPP.PostProcessing/PostProcessAssembly'
[40m[32minfo[39m[22m[49m: Microsoft.AspNetCore.Hosting.Diagnostics[2]
      Request finished HTTP/2 POST http://ilpp/UnityILPP.PostProcessing/PostProcessAssembly application/grpc - - 200 - application/grpc 352.0644ms
[40m[32minfo[39m[22m[49m: Microsoft.AspNetCore.Routing.EndpointMiddleware[1]
      Executed endpoint 'gRPC - /UnityILPP.PostProcessing/PostProcessAssembly'
[40m[32minfo[39m[22m[49m: Microsoft.AspNetCore.Hosting.Diagnostics[2]
      Request finished HTTP/2 POST http://ilpp/UnityILPP.PostProcessing/PostProcessAssembly application/grpc - - 200 - application/grpc 352.0553ms
[40m[32minfo[39m[22m[49m: Unity.ILPP.Runner.PostProcessingPipeline[0]
      Processing assembly Library/Bee/artifacts/1300b0aP.dag/Unity.RenderPipelines.Core.Runtime.dll, with 139 defines and 208 references
[40m[32minfo[39m[22m[49m: Unity.ILPP.Runner.PostProcessingPipeline[0]
      processors: Unity.Jobs.CodeGen.JobsILPostProcessor, zzzUnity.Burst.CodeGen.BurstILPostProcessor
[40m[32minfo[39m[22m[49m: Unity.ILPP.Runner.PostProcessingPipeline[0]
      Processing assembly Library/Bee/artifacts/1300b0aP.dag/Unity.RenderPipelines.Universal.Config.Runtime.dll, with 136 defines and 205 references
[40m[32minfo[39m[22m[49m: Unity.ILPP.Runner.PostProcessingPipeline[0]
      processors: Unity.Jobs.CodeGen.JobsILPostProcessor, zzzUnity.Burst.CodeGen.BurstILPostProcessor
[40m[32minfo[39m[22m[49m: Unity.ILPP.Runner.PostProcessingPipeline[0]
      Processing assembly Library/Bee/artifacts/1300b0aP.dag/Unity.VisualScripting.DocCodeExamples.dll, with 136 defines and 201 references
[40m[32minfo[39m[22m[49m: Unity.ILPP.Runner.PostProcessingPipeline[0]
      processors: Unity.Jobs.CodeGen.JobsILPostProcessor, zzzUnity.Burst.CodeGen.BurstILPostProcessor
[40m[32minfo[39m[22m[49m: Unity.ILPP.Runner.PostProcessingPipeline[0]
      running Unity.Jobs.CodeGen.JobsILPostProcessor
[40m[32minfo[39m[22m[49m: Unity.ILPP.Runner.PostProcessingPipeline[0]
      running Unity.Jobs.CodeGen.JobsILPostProcessor
[40m[32minfo[39m[22m[49m: Unity.ILPP.Runner.PostProcessingPipeline[0]
      running zzzUnity.Burst.CodeGen.BurstILPostProcessor
[40m[32minfo[39m[22m[49m: Unity.ILPP.Runner.PostProcessingPipeline[0]
      running Unity.Jobs.CodeGen.JobsILPostProcessor
[40m[32minfo[39m[22m[49m: Unity.ILPP.Runner.PostProcessingPipeline[0]
      running zzzUnity.Burst.CodeGen.BurstILPostProcessor
[40m[32minfo[39m[22m[49m: Microsoft.AspNetCore.Routing.EndpointMiddleware[1]
      Executed endpoint 'gRPC - /UnityILPP.PostProcessing/PostProcessAssembly'
[40m[32minfo[39m[22m[49m: Microsoft.AspNetCore.Hosting.Diagnostics[2]
      Request finished HTTP/2 POST http://ilpp/UnityILPP.PostProcessing/PostProcessAssembly application/grpc - - 200 - application/grpc 200.8783ms
[40m[32minfo[39m[22m[49m: Microsoft.AspNetCore.Routing.EndpointMiddleware[1]
      Executed endpoint 'gRPC - /UnityILPP.PostProcessing/PostProcessAssembly'
[40m[32minfo[39m[22m[49m: Microsoft.AspNetCore.Hosting.Diagnostics[2]
      Request finished HTTP/2 POST http://ilpp/UnityILPP.PostProcessing/PostProcessAssembly application/grpc - - 200 - application/grpc 9.0880ms
[40m[32minfo[39m[22m[49m: Unity.ILPP.Runner.PostProcessingPipeline[0]
      running zzzUnity.Burst.CodeGen.BurstILPostProcessor
[40m[32minfo[39m[22m[49m: Microsoft.AspNetCore.Routing.EndpointMiddleware[1]
      Executed endpoint 'gRPC - /UnityILPP.PostProcessing/PostProcessAssembly'
[40m[32minfo[39m[22m[49m: Microsoft.AspNetCore.Hosting.Diagnostics[2]
      Request finished HTTP/2 POST http://ilpp/UnityILPP.PostProcessing/PostProcessAssembly application/grpc - - 200 - application/grpc 318.9460ms
[40m[32minfo[39m[22m[49m: Microsoft.AspNetCore.Hosting.Diagnostics[1]
      Request starting HTTP/2 POST http://ilpp/UnityILPP.PostProcessing/PostProcessAssembly application/grpc -
[40m[32minfo[39m[22m[49m: Microsoft.AspNetCore.Routing.EndpointMiddleware[0]
      Executing endpoint 'gRPC - /UnityILPP.PostProcessing/PostProcessAssembly'
[40m[32minfo[39m[22m[49m: Unity.ILPP.Runner.PostProcessingPipeline[0]
      Processing assembly Library/Bee/artifacts/1300b0aP.dag/Unity.Timeline.dll, with 137 defines and 204 references
[40m[32minfo[39m[22m[49m: Unity.ILPP.Runner.PostProcessingPipeline[0]
      processors: Unity.Jobs.CodeGen.JobsILPostProcessor, zzzUnity.Burst.CodeGen.BurstILPostProcessor
[40m[32minfo[39m[22m[49m: Unity.ILPP.Runner.PostProcessingPipeline[0]
      running Unity.Jobs.CodeGen.JobsILPostProcessor
[40m[32minfo[39m[22m[49m: Unity.ILPP.Runner.PostProcessingPipeline[0]
      running zzzUnity.Burst.CodeGen.BurstILPostProcessor
[40m[32minfo[39m[22m[49m: Microsoft.AspNetCore.Routing.EndpointMiddleware[1]
      Executed endpoint 'gRPC - /UnityILPP.PostProcessing/PostProcessAssembly'
[40m[32minfo[39m[22m[49m: Microsoft.AspNetCore.Hosting.Diagnostics[2]
      Request finished HTTP/2 POST http://ilpp/UnityILPP.PostProcessing/PostProcessAssembly application/grpc - - 200 - application/grpc 4.2662ms
[40m[32minfo[39m[22m[49m: Microsoft.AspNetCore.Hosting.Diagnostics[1]
      Request starting HTTP/2 POST http://ilpp/UnityILPP.PostProcessing/PostProcessAssembly application/grpc -
[40m[32minfo[39m[22m[49m: Microsoft.AspNetCore.Routing.EndpointMiddleware[0]
      Executing endpoint 'gRPC - /UnityILPP.PostProcessing/PostProcessAssembly'
[40m[32minfo[39m[22m[49m: Microsoft.AspNetCore.Hosting.Diagnostics[1]
      Request starting HTTP/2 POST http://ilpp/UnityILPP.PostProcessing/PostProcessAssembly application/grpc -
[40m[32minfo[39m[22m[49m: Microsoft.AspNetCore.Routing.EndpointMiddleware[0]
      Executing endpoint 'gRPC - /UnityILPP.PostProcessing/PostProcessAssembly'
[40m[32minfo[39m[22m[49m: Unity.ILPP.Runner.PostProcessingPipeline[0]
      Processing assembly Library/Bee/artifacts/1300b0aP.dag/Unity.RenderPipeline.Universal.ShaderLibrary.dll, with 136 defines and 205 references
[40m[32minfo[39m[22m[49m: Unity.ILPP.Runner.PostProcessingPipeline[0]
      processors: Unity.Jobs.CodeGen.JobsILPostProcessor, zzzUnity.Burst.CodeGen.BurstILPostProcessor
[40m[32minfo[39m[22m[49m: Unity.ILPP.Runner.PostProcessingPipeline[0]
      running Unity.Jobs.CodeGen.JobsILPostProcessor
[40m[32minfo[39m[22m[49m: Unity.ILPP.Runner.PostProcessingPipeline[0]
      running zzzUnity.Burst.CodeGen.BurstILPostProcessor
[40m[32minfo[39m[22m[49m: Unity.ILPP.Runner.PostProcessingPipeline[0]
      Processing assembly Library/Bee/artifacts/1300b0aP.dag/UnityEngine.UI.dll, with 142 defines and 203 references
[40m[32minfo[39m[22m[49m: Unity.ILPP.Runner.PostProcessingPipeline[0]
      processors: Unity.Jobs.CodeGen.JobsILPostProcessor, zzzUnity.Burst.CodeGen.BurstILPostProcessor
[40m[32minfo[39m[22m[49m: Microsoft.AspNetCore.Routing.EndpointMiddleware[1]
      Executed endpoint 'gRPC - /UnityILPP.PostProcessing/PostProcessAssembly'
[40m[32minfo[39m[22m[49m: Microsoft.AspNetCore.Hosting.Diagnostics[2]
      Request finished HTTP/2 POST http://ilpp/UnityILPP.PostProcessing/PostProcessAssembly application/grpc - - 200 - application/grpc 4.1017ms
[40m[32minfo[39m[22m[49m: Unity.ILPP.Runner.PostProcessingPipeline[0]
      running Unity.Jobs.CodeGen.JobsILPostProcessor
[40m[32minfo[39m[22m[49m: Unity.ILPP.Runner.PostProcessingPipeline[0]
      running zzzUnity.Burst.CodeGen.BurstILPostProcessor
[40m[32minfo[39m[22m[49m: Microsoft.AspNetCore.Routing.EndpointMiddleware[1]
      Executed endpoint 'gRPC - /UnityILPP.PostProcessing/PostProcessAssembly'
[40m[32minfo[39m[22m[49m: Microsoft.AspNetCore.Hosting.Diagnostics[2]
      Request finished HTTP/2 POST http://ilpp/UnityILPP.PostProcessing/PostProcessAssembly application/grpc - - 200 - application/grpc 5.0398ms
ExitCode: 0 Duration: 2s566ms
Finished compiling graph: 575 nodes, 6391 flattened edges (5309 ToBuild, 74 ToUse), maximum node priority 297
[177/574    0s] WriteText Library/Bee/artifacts/Android_CodeGen/UnityEngine.TestRunner.dll.mvfrm.rsp
[186/574    0s] WriteText Library/Bee/artifacts/Android_CodeGen/UnityEngine.TestRunner.rsp
[249/574    0s] WriteText Library/Bee/artifacts/Android_CodeGen/UnityEngine.UI.rsp
[250/574    0s] WriteText Library/Bee/artifacts/Android_CodeGen/UnityEngine.UI.dll.mvfrm.rsp
[253/574    0s] WriteText Library/Bee/artifacts/Android_CodeGen/UnityEditor.TestRunner.rsp
[254/574    0s] WriteText Library/Bee/artifacts/Android_CodeGen/UnityEditor.UI.rsp
[257/574    0s] WriteText Library/Bee/artifacts/Android_CodeGen/Unity.Burst.rsp
[261/574    0s] WriteText Library/Bee/artifacts/Android_CodeGen/Unity.Mathematics.dll.mvfrm.rsp
[265/574    0s] WriteText Library/Bee/artifacts/Android_CodeGen/Unity.Burst.dll.mvfrm.rsp
[278/574    0s] WriteText Library/Bee/artifacts/Android_CodeGen/Unity.Collections.dll.mvfrm.rsp
[284/574    0s] WriteText Library/Bee/artifacts/Android_CodeGen/Unity.Collections.rsp
[300/574    0s] WriteText Library/Bee/artifacts/Android_CodeGen/Unity.Mathematics.rsp
[321/574    0s] WriteText Library/Bee/artifacts/Android_CodeGen/Unity.Collections.CodeGen.rsp
[322/574    0s] WriteText Library/Bee/artifacts/Android_CodeGen/Unity.Burst.CodeGen.rsp
[461/574    0s] MovedFromExtractor-Combine Library/Bee/artifacts/Android_CodeGen/UnityEngine.TestRunner.dll.mvfrm
[462/574    0s] MovedFromExtractor-Combine Library/Bee/artifacts/Android_CodeGen/UnityEngine.UI.dll.mvfrm
[462/574    0s] Csc Library/Bee/artifacts/Android_CodeGen/UnityEngine.UI.dll (+2 others) [CacheHit 304de92c029964b0322f5009585d51e900000000000000000000000000000005]
[463/574   1786353378s] Csc Library/Bee/artifacts/Android_CodeGen/UnityEngine.UI.dll (+2 others)
[463/574    0s] Csc Library/Bee/artifacts/Android_CodeGen/UnityEngine.TestRunner.dll (+2 others) [CacheHit 602f30b693a238fa940e140d7307969e00000000000000000000000000000005]
[465/574   1786353378s] Csc Library/Bee/artifacts/Android_CodeGen/UnityEngine.TestRunner.dll (+2 others)
[466/574    0s] Csc Library/Bee/artifacts/Android_CodeGen/UnityEditor.TestRunner.dll (+2 others) [CacheHit 60f97e2a0e16ae98e1a05acd92032b1700000000000000000000000000000005]
[469/574   1786353378s] Csc Library/Bee/artifacts/Android_CodeGen/UnityEditor.TestRunner.dll (+2 others)
[472/574    0s] MovedFromExtractor Library/Bee/artifacts/mvdfrm/UnityEngine.UI.ref.dll_DB7439BD0E712D01.mvfrm
[473/574    0s] Csc Library/Bee/artifacts/1300b0aP.dag/Assembly-CSharp.dll (+2 others)
Assets/Neuro-Rehab/Scripts/PatientDataManager.cs(17,32): warning CS0618: 'Object.FindObjectOfType<T>()' is obsolete: 'Object.FindObjectOfType has been deprecated. Use Object.FindFirstObjectByType instead or if finding any instance is acceptable the faster Object.FindAnyObjectByType'
Assets/Neuro-Rehab/Scripts/NeuroRehabWebViewManager.cs(15,32): warning CS0618: 'Object.FindObjectOfType<T>()' is obsolete: 'Object.FindObjectOfType has been deprecated. Use Object.FindFirstObjectByType instead or if finding any instance is acceptable the faster Object.FindAnyObjectByType'
Assets/Neuro-Rehab/Scripts/NeuroRehabLauncher.cs(61,30): warning CS0618: 'Object.FindObjectOfType<T>()' is obsolete: 'Object.FindObjectOfType has been deprecated. Use Object.FindFirstObjectByType instead or if finding any instance is acceptable the faster Object.FindAnyObjectByType'
Assets/Neuro-Rehab/Scripts/NeuroRehabLauncher.cs(175,27): warning CS0618: 'Object.FindObjectOfType<T>()' is obsolete: 'Object.FindObjectOfType has been deprecated. Use Object.FindFirstObjectByType instead or if finding any instance is acceptable the faster Object.FindAnyObjectByType'
[474/574    0s] MovedFromExtractor-Combine Library/Bee/artifacts/Android_CodeGen/UnityEditor.UI.dll.mvfrm
[471/574    0s] Csc Library/Bee/artifacts/Android_CodeGen/UnityEditor.UI.dll (+2 others) [CacheHit 95b2391074b1eef9be6aa69c2d7c0d3000000000000000000000000000000005]
[475/574   1786353378s] Csc Library/Bee/artifacts/Android_CodeGen/UnityEditor.UI.dll (+2 others)
[478/574    0s] MovedFromExtractor-Combine Library/Bee/artifacts/Android_CodeGen/Unity.Burst.dll.mvfrm
[479/574    0s] MovedFromExtractor-Combine Library/Bee/artifacts/Android_CodeGen/Unity.Mathematics.dll.mvfrm
[475/574    0s] Csc Library/Bee/artifacts/Android_CodeGen/Unity.Burst.dll (+2 others) [CacheHit 3aab2f9fdc84db4bf39bcf024066b49f00000000000000000000000000000005]
[475/574    0s] Csc Library/Bee/artifacts/Android_CodeGen/Unity.Mathematics.dll (+2 others) [CacheHit 49174a9872cbec370da773cca6dc918200000000000000000000000000000005]
[480/574   1786353378s] Csc Library/Bee/artifacts/Android_CodeGen/Unity.Burst.dll (+2 others)
[482/574   1786353378s] Csc Library/Bee/artifacts/Android_CodeGen/Unity.Mathematics.dll (+2 others)
[480/574    0s] Csc Library/Bee/artifacts/Android_CodeGen/Unity.Burst.CodeGen.dll (+2 others) [CacheHit ae197df860a75a0e1856188b3860d08e00000000000000000000000000000005]
[487/574   1786353378s] Csc Library/Bee/artifacts/Android_CodeGen/Unity.Burst.CodeGen.dll (+2 others)
[489/574    0s] MovedFromExtractor-Combine Library/Bee/artifacts/Android_CodeGen/Unity.Collections.dll.mvfrm
[482/574    0s] Csc Library/Bee/artifacts/Android_CodeGen/Unity.Collections.dll (+2 others) [CacheHit a49bdcbc727768c5ae81813f8ccd628700000000000000000000000000000005]
[490/574   1786353378s] Csc Library/Bee/artifacts/Android_CodeGen/Unity.Collections.dll (+2 others)
[485/574    0s] Csc Library/Bee/artifacts/Android_CodeGen/Unity.Collections.CodeGen.dll (+2 others) [CacheHit 84090056d92dbbd0c10f8d7378862f0400000000000000000000000000000005]
[494/574   1786353378s] Csc Library/Bee/artifacts/Android_CodeGen/Unity.Collections.CodeGen.dll (+2 others)
[496/574    0s] ILPP-Configuration Library/ilpp-configuration.nevergeneratedoutput
[497/574    0s] ILPostProcess Library/Bee/artifacts/1300b0aP.dag/post-processed/Unity.InputSystem.ForUI.dll (+pdb)
Processing assembly Library/Bee/artifacts/1300b0aP.dag/Unity.InputSystem.ForUI.dll, with 136 defines and 205 references
processors: Unity.Jobs.CodeGen.JobsILPostProcessor, zzzUnity.Burst.CodeGen.BurstILPostProcessor
running Unity.Jobs.CodeGen.JobsILPostProcessor
running zzzUnity.Burst.CodeGen.BurstILPostProcessor
[498/574    0s] ILPostProcess Library/Bee/artifacts/1300b0aP.dag/post-processed/Unity.VisualScripting.State.dll (+pdb)
Processing assembly Library/Bee/artifacts/1300b0aP.dag/Unity.VisualScripting.State.dll, with 136 defines and 206 references
processors: Unity.Jobs.CodeGen.JobsILPostProcessor, zzzUnity.Burst.CodeGen.BurstILPostProcessor
running Unity.Jobs.CodeGen.JobsILPostProcessor
running zzzUnity.Burst.CodeGen.BurstILPostProcessor
[499/574    0s] ILPostProcess Library/Bee/artifacts/1300b0aP.dag/post-processed/UniWebView-CSharp.dll (+pdb)
Processing assembly Library/Bee/artifacts/1300b0aP.dag/UniWebView-CSharp.dll, with 136 defines and 205 references
processors: Unity.Jobs.CodeGen.JobsILPostProcessor, zzzUnity.Burst.CodeGen.BurstILPostProcessor
running Unity.Jobs.CodeGen.JobsILPostProcessor
running zzzUnity.Burst.CodeGen.BurstILPostProcessor
[500/574    0s] ILPostProcess Library/Bee/artifacts/1300b0aP.dag/post-processed/Unity.TextMeshPro.dll (+pdb)
Processing assembly Library/Bee/artifacts/1300b0aP.dag/Unity.TextMeshPro.dll, with 137 defines and 205 references
processors: Unity.Jobs.CodeGen.JobsILPostProcessor, zzzUnity.Burst.CodeGen.BurstILPostProcessor
running Unity.Jobs.CodeGen.JobsILPostProcessor
running zzzUnity.Burst.CodeGen.BurstILPostProcessor
[501/574    0s] ILPostProcess Library/Bee/artifacts/1300b0aP.dag/post-processed/Unity.AI.Navigation.dll (+pdb)
Processing assembly Library/Bee/artifacts/1300b0aP.dag/Unity.AI.Navigation.dll, with 137 defines and 204 references
processors: Unity.Jobs.CodeGen.JobsILPostProcessor, zzzUnity.Burst.CodeGen.BurstILPostProcessor
running Unity.Jobs.CodeGen.JobsILPostProcessor
running zzzUnity.Burst.CodeGen.BurstILPostProcessor
[502/574    0s] ILPostProcess Library/Bee/artifacts/1300b0aP.dag/post-processed/Unity.InternalAPIEngineBridge.004.dll (+pdb)
Processing assembly Library/Bee/artifacts/1300b0aP.dag/Unity.InternalAPIEngineBridge.004.dll, with 136 defines and 204 references
processors: Unity.Jobs.CodeGen.JobsILPostProcessor, zzzUnity.Burst.CodeGen.BurstILPostProcessor
running Unity.Jobs.CodeGen.JobsILPostProcessor
running zzzUnity.Burst.CodeGen.BurstILPostProcessor
[503/574    0s] ILPostProcess Library/Bee/artifacts/1300b0aP.dag/post-processed/Unity.RenderPipelines.Universal.Runtime.dll (+pdb)
Processing assembly Library/Bee/artifacts/1300b0aP.dag/Unity.RenderPipelines.Universal.Runtime.dll, with 143 defines and 212 references
processors: Unity.Jobs.CodeGen.JobsILPostProcessor, zzzUnity.Burst.CodeGen.BurstILPostProcessor
running Unity.Jobs.CodeGen.JobsILPostProcessor
running zzzUnity.Burst.CodeGen.BurstILPostProcessor
[504/574    0s] ILPostProcess Library/Bee/artifacts/1300b0aP.dag/post-processed/Unity.RenderPipelines.Universal.Shaders.dll (+pdb)
Processing assembly Library/Bee/artifacts/1300b0aP.dag/Unity.RenderPipelines.Universal.Shaders.dll, with 136 defines and 204 references
processors: Unity.Jobs.CodeGen.JobsILPostProcessor, zzzUnity.Burst.CodeGen.BurstILPostProcessor
running Unity.Jobs.CodeGen.JobsILPostProcessor
running zzzUnity.Burst.CodeGen.BurstILPostProcessor
[505/574    0s] ILPostProcess Library/Bee/artifacts/1300b0aP.dag/post-processed/Unity.VisualScripting.Core.dll (+pdb)
Processing assembly Library/Bee/artifacts/1300b0aP.dag/Unity.VisualScripting.Core.dll, with 141 defines and 205 references
processors: Unity.Jobs.CodeGen.JobsILPostProcessor, zzzUnity.Burst.CodeGen.BurstILPostProcessor
running Unity.Jobs.CodeGen.JobsILPostProcessor
running zzzUnity.Burst.CodeGen.BurstILPostProcessor
[506/574    0s] ILPostProcess Library/Bee/artifacts/1300b0aP.dag/post-processed/Unity.VisualScripting.Flow.dll (+pdb)
Processing assembly Library/Bee/artifacts/1300b0aP.dag/Unity.VisualScripting.Flow.dll, with 144 defines and 206 references
processors: Unity.Jobs.CodeGen.JobsILPostProcessor, zzzUnity.Burst.CodeGen.BurstILPostProcessor
running Unity.Jobs.CodeGen.JobsILPostProcessor
running zzzUnity.Burst.CodeGen.BurstILPostProcessor
[507/574    0s] ILPostProcess Library/Bee/artifacts/1300b0aP.dag/post-processed/Unity.Mathematics.dll (+pdb)
Processing assembly Library/Bee/artifacts/1300b0aP.dag/Unity.Mathematics.dll, with 136 defines and 204 references
processors: Unity.Jobs.CodeGen.JobsILPostProcessor, zzzUnity.Burst.CodeGen.BurstILPostProcessor
running Unity.Jobs.CodeGen.JobsILPostProcessor
running zzzUnity.Burst.CodeGen.BurstILPostProcessor
[508/574    0s] ILPostProcess Library/Bee/artifacts/1300b0aP.dag/post-processed/Unity.InputSystem.dll (+pdb)
Processing assembly Library/Bee/artifacts/1300b0aP.dag/Unity.InputSystem.dll, with 147 defines and 204 references
processors: Unity.Jobs.CodeGen.JobsILPostProcessor, zzzUnity.Burst.CodeGen.BurstILPostProcessor
running Unity.Jobs.CodeGen.JobsILPostProcessor
running zzzUnity.Burst.CodeGen.BurstILPostProcessor
[509/574    0s] ILPostProcess Library/Bee/artifacts/1300b0aP.dag/post-processed/Assembly-CSharp.dll (+pdb)
Processing assembly Library/Bee/artifacts/1300b0aP.dag/Assembly-CSharp.dll, with 136 defines and 229 references
processors: Unity.Jobs.CodeGen.JobsILPostProcessor, zzzUnity.Burst.CodeGen.BurstILPostProcessor
running Unity.Jobs.CodeGen.JobsILPostProcessor
running zzzUnity.Burst.CodeGen.BurstILPostProcessor
[510/574    0s] ILPostProcess Library/Bee/artifacts/1300b0aP.dag/post-processed/Unity.RenderPipelines.Core.Runtime.Shared.dll (+pdb)
Processing assembly Library/Bee/artifacts/1300b0aP.dag/Unity.RenderPipelines.Core.Runtime.Shared.dll, with 136 defines and 205 references
processors: Unity.Jobs.CodeGen.JobsILPostProcessor, zzzUnity.Burst.CodeGen.BurstILPostProcessor
running Unity.Jobs.CodeGen.JobsILPostProcessor
running zzzUnity.Burst.CodeGen.BurstILPostProcessor
[511/574    0s] ILPostProcess Library/Bee/artifacts/1300b0aP.dag/post-processed/Unity.RenderPipelines.Core.ShaderLibrary.dll (+pdb)
Processing assembly Library/Bee/artifacts/1300b0aP.dag/Unity.RenderPipelines.Core.ShaderLibrary.dll, with 136 defines and 204 references
processors: Unity.Jobs.CodeGen.JobsILPostProcessor, zzzUnity.Burst.CodeGen.BurstILPostProcessor
running Unity.Jobs.CodeGen.JobsILPostProcessor
running zzzUnity.Burst.CodeGen.BurstILPostProcessor
[512/574    0s] ILPostProcess Library/Bee/artifacts/1300b0aP.dag/post-processed/Unity.RenderPipelines.ShaderGraph.ShaderGraphLibrary.dll (+pdb)
Processing assembly Library/Bee/artifacts/1300b0aP.dag/Unity.RenderPipelines.ShaderGraph.ShaderGraphLibrary.dll, with 136 defines and 204 references
processors: Unity.Jobs.CodeGen.JobsILPostProcessor, zzzUnity.Burst.CodeGen.BurstILPostProcessor
running Unity.Jobs.CodeGen.JobsILPostProcessor
running zzzUnity.Burst.CodeGen.BurstILPostProcessor
[513/574    0s] ILPostProcess Library/Bee/artifacts/1300b0aP.dag/post-processed/Unity.UnifiedRayTracing.Runtime.dll (+pdb)
Processing assembly Library/Bee/artifacts/1300b0aP.dag/Unity.UnifiedRayTracing.Runtime.dll, with 137 defines and 207 references
processors: Unity.Jobs.CodeGen.JobsILPostProcessor, zzzUnity.Burst.CodeGen.BurstILPostProcessor
running Unity.Jobs.CodeGen.JobsILPostProcessor
running zzzUnity.Burst.CodeGen.BurstILPostProcessor
[514/574    0s] ILPostProcess Library/Bee/artifacts/1300b0aP.dag/post-processed/Unity.RenderPipelines.GPUDriven.Runtime.dll (+pdb)
Processing assembly Library/Bee/artifacts/1300b0aP.dag/Unity.RenderPipelines.GPUDriven.Runtime.dll, with 136 defines and 208 references
processors: Unity.Jobs.CodeGen.JobsILPostProcessor, zzzUnity.Burst.CodeGen.BurstILPostProcessor
running Unity.Jobs.CodeGen.JobsILPostProcessor
running zzzUnity.Burst.CodeGen.BurstILPostProcessor
[515/574    0s] ILPostProcess Library/Bee/artifacts/1300b0aP.dag/post-processed/Unity.Collections.dll (+pdb)
Processing assembly Library/Bee/artifacts/1300b0aP.dag/Unity.Collections.dll, with 138 defines and 206 references
processors: Unity.Jobs.CodeGen.JobsILPostProcessor, zzzUnity.Burst.CodeGen.BurstILPostProcessor
running Unity.Jobs.CodeGen.JobsILPostProcessor
running zzzUnity.Burst.CodeGen.BurstILPostProcessor
[516/574    0s] ILPostProcess Library/Bee/artifacts/1300b0aP.dag/post-processed/Unity.Multiplayer.Center.Common.dll (+pdb)
Processing assembly Library/Bee/artifacts/1300b0aP.dag/Unity.Multiplayer.Center.Common.dll, with 136 defines and 204 references
processors: Unity.Jobs.CodeGen.JobsILPostProcessor, zzzUnity.Burst.CodeGen.BurstILPostProcessor
running Unity.Jobs.CodeGen.JobsILPostProcessor
running zzzUnity.Burst.CodeGen.BurstILPostProcessor
[517/574    0s] ILPostProcess Library/Bee/artifacts/1300b0aP.dag/post-processed/Unity.Burst.dll (+pdb)
Processing assembly Library/Bee/artifacts/1300b0aP.dag/Unity.Burst.dll, with 136 defines and 200 references
processors: Unity.Jobs.CodeGen.JobsILPostProcessor, zzzUnity.Burst.CodeGen.BurstILPostProcessor
running Unity.Jobs.CodeGen.JobsILPostProcessor
running zzzUnity.Burst.CodeGen.BurstILPostProcessor
[518/574    0s] ILPostProcess Library/Bee/artifacts/1300b0aP.dag/post-processed/Unity.RenderPipelines.Universal.2D.Runtime.dll (+pdb)
Processing assembly Library/Bee/artifacts/1300b0aP.dag/Unity.RenderPipelines.Universal.2D.Runtime.dll, with 139 defines and 209 references
processors: Unity.Jobs.CodeGen.JobsILPostProcessor, zzzUnity.Burst.CodeGen.BurstILPostProcessor
running Unity.Jobs.CodeGen.JobsILPostProcessor
running zzzUnity.Burst.CodeGen.BurstILPostProcessor
[519/574    0s] ILPostProcess Library/Bee/artifacts/1300b0aP.dag/post-processed/Unity.VisualScripting.DocCodeExamples.dll (+pdb)
Processing assembly Library/Bee/artifacts/1300b0aP.dag/Unity.VisualScripting.DocCodeExamples.dll, with 136 defines and 201 references
processors: Unity.Jobs.CodeGen.JobsILPostProcessor, zzzUnity.Burst.CodeGen.BurstILPostProcessor
running Unity.Jobs.CodeGen.JobsILPostProcessor
running zzzUnity.Burst.CodeGen.BurstILPostProcessor
[520/574    0s] ILPostProcess Library/Bee/artifacts/1300b0aP.dag/post-processed/Unity.RenderPipelines.Universal.Config.Runtime.dll (+pdb)
Processing assembly Library/Bee/artifacts/1300b0aP.dag/Unity.RenderPipelines.Universal.Config.Runtime.dll, with 136 defines and 205 references
processors: Unity.Jobs.CodeGen.JobsILPostProcessor, zzzUnity.Burst.CodeGen.BurstILPostProcessor
running Unity.Jobs.CodeGen.JobsILPostProcessor
running zzzUnity.Burst.CodeGen.BurstILPostProcessor
[521/574    0s] CopyFiles Library/Bee/PlayerScriptAssemblies/Unity.Burst.dll
[522/574    0s] CopyFiles Library/Bee/PlayerScriptAssemblies/Unity.Mathematics.dll
[523/574    0s] CopyFiles Library/Bee/PlayerScriptAssemblies/Unity.RenderPipelines.Universal.2D.Runtime.dll
[524/574    0s] CopyFiles Library/Bee/PlayerScriptAssemblies/Unity.InputSystem.dll
[525/574    0s] CopyFiles Library/Bee/PlayerScriptAssemblies/Unity.VisualScripting.DocCodeExamples.dll
[526/574    0s] CopyFiles Library/Bee/PlayerScriptAssemblies/Unity.RenderPipelines.Universal.Shaders.dll
[527/574    0s] CopyFiles Library/Bee/PlayerScriptAssemblies/Unity.RenderPipelines.Universal.Runtime.dll
[528/574    0s] CopyFiles Library/Bee/PlayerScriptAssemblies/Unity.RenderPipelines.Universal.Config.Runtime.dll
[529/574    0s] CopyFiles Library/Bee/PlayerScriptAssemblies/Unity.VisualScripting.State.dll
[530/574    0s] CopyFiles Library/Bee/PlayerScriptAssemblies/Unity.Multiplayer.Center.Common.dll
[531/574    0s] CopyFiles Library/Bee/PlayerScriptAssemblies/Unity.Collections.dll
[532/574    0s] CopyFiles Library/Bee/PlayerScriptAssemblies/Unity.InputSystem.ForUI.dll
[533/574    0s] CopyFiles Library/Bee/PlayerScriptAssemblies/Unity.RenderPipelines.GPUDriven.Runtime.dll
[534/574    0s] CopyFiles Library/Bee/PlayerScriptAssemblies/Unity.UnifiedRayTracing.Runtime.dll
[535/574    0s] CopyFiles Library/Bee/PlayerScriptAssemblies/Unity.AI.Navigation.dll
[536/574    0s] CopyFiles Library/Bee/PlayerScriptAssemblies/Unity.RenderPipelines.ShaderGraph.ShaderGraphLibrary.dll
[537/574    0s] CopyFiles Library/Bee/PlayerScriptAssemblies/UniWebView-CSharp.dll
[538/574    0s] CopyFiles Library/Bee/PlayerScriptAssemblies/Unity.VisualScripting.Flow.dll
[539/574    0s] CopyFiles Library/Bee/PlayerScriptAssemblies/Unity.RenderPipelines.Core.ShaderLibrary.dll
[540/574    0s] CopyFiles Library/Bee/PlayerScriptAssemblies/Unity.RenderPipelines.Core.Runtime.Shared.dll
[541/574    0s] CopyFiles Library/Bee/PlayerScriptAssemblies/Unity.InternalAPIEngineBridge.004.dll
[542/574    0s] CopyFiles Library/Bee/PlayerScriptAssemblies/Unity.TextMeshPro.dll
[543/574    0s] CopyFiles Library/Bee/PlayerScriptAssemblies/Unity.VisualScripting.Core.dll
[544/574    0s] CopyFiles Library/Bee/PlayerScriptAssemblies/Assembly-CSharp.dll
[545/574    0s] CopyFiles Library/Bee/PlayerScriptAssemblies/Unity.RenderPipelines.Universal.Config.Runtime.pdb
[546/574    0s] CopyFiles Library/Bee/PlayerScriptAssemblies/Unity.VisualScripting.DocCodeExamples.pdb
[547/574    0s] CopyFiles Library/Bee/PlayerScriptAssemblies/Unity.RenderPipelines.Universal.2D.Runtime.pdb
[548/574    0s] CopyFiles Library/Bee/PlayerScriptAssemblies/Unity.Burst.pdb
[549/574    0s] ILPostProcess Library/Bee/artifacts/1300b0aP.dag/post-processed/Unity.RenderPipelines.Core.Runtime.dll (+pdb)
Processing assembly Library/Bee/artifacts/1300b0aP.dag/Unity.RenderPipelines.Core.Runtime.dll, with 139 defines and 208 references
processors: Unity.Jobs.CodeGen.JobsILPostProcessor, zzzUnity.Burst.CodeGen.BurstILPostProcessor
running Unity.Jobs.CodeGen.JobsILPostProcessor
running zzzUnity.Burst.CodeGen.BurstILPostProcessor
[550/574    0s] CopyFiles Library/Bee/PlayerScriptAssemblies/Unity.Collections.pdb
[551/574    0s] CopyFiles Library/Bee/PlayerScriptAssemblies/Unity.RenderPipelines.GPUDriven.Runtime.pdb
[552/574    0s] CopyFiles Library/Bee/PlayerScriptAssemblies/Unity.Multiplayer.Center.Common.pdb
[553/574    0s] CopyFiles Library/Bee/PlayerScriptAssemblies/Unity.UnifiedRayTracing.Runtime.pdb
[554/574    0s] CopyFiles Library/Bee/PlayerScriptAssemblies/Unity.RenderPipelines.Core.ShaderLibrary.pdb
[555/574    0s] CopyFiles Library/Bee/PlayerScriptAssemblies/Unity.RenderPipelines.ShaderGraph.ShaderGraphLibrary.pdb
[556/574    0s] CopyFiles Library/Bee/PlayerScriptAssemblies/Unity.RenderPipelines.Core.Runtime.Shared.pdb
[557/574    0s] CopyFiles Library/Bee/PlayerScriptAssemblies/Assembly-CSharp.pdb
[558/574    0s] CopyFiles Library/Bee/PlayerScriptAssemblies/Unity.Mathematics.pdb
[559/574    0s] CopyFiles Library/Bee/PlayerScriptAssemblies/Unity.VisualScripting.Flow.pdb
[560/574    0s] CopyFiles Library/Bee/PlayerScriptAssemblies/Unity.InputSystem.pdb
[561/574    0s] CopyFiles Library/Bee/PlayerScriptAssemblies/Unity.VisualScripting.Core.pdb
[562/574    0s] CopyFiles Library/Bee/PlayerScriptAssemblies/Unity.InternalAPIEngineBridge.004.pdb
[563/574    0s] CopyFiles Library/Bee/PlayerScriptAssemblies/Unity.RenderPipelines.Universal.Runtime.pdb
[564/574    0s] CopyFiles Library/Bee/PlayerScriptAssemblies/Unity.RenderPipelines.Universal.Shaders.pdb
[565/574    0s] CopyFiles Library/Bee/PlayerScriptAssemblies/Unity.AI.Navigation.pdb
[566/574    0s] CopyFiles Library/Bee/PlayerScriptAssemblies/Unity.TextMeshPro.pdb
[567/574    0s] CopyFiles Library/Bee/PlayerScriptAssemblies/UniWebView-CSharp.pdb
[568/574    0s] CopyFiles Library/Bee/PlayerScriptAssemblies/Unity.VisualScripting.State.pdb
[569/574    0s] CopyFiles Library/Bee/PlayerScriptAssemblies/Unity.InputSystem.ForUI.pdb
[570/574    0s] CopyFiles Library/Bee/PlayerScriptAssemblies/Unity.RenderPipelines.Core.Runtime.pdb
[571/574    0s] CopyFiles Library/Bee/PlayerScriptAssemblies/Unity.RenderPipelines.Core.Runtime.dll
[572/574    0s] ILPostProcess Library/Bee/artifacts/1300b0aP.dag/post-processed/Unity.Timeline.dll (+pdb)
Processing assembly Library/Bee/artifacts/1300b0aP.dag/Unity.Timeline.dll, with 137 defines and 204 references
processors: Unity.Jobs.CodeGen.JobsILPostProcessor, zzzUnity.Burst.CodeGen.BurstILPostProcessor
running Unity.Jobs.CodeGen.JobsILPostProcessor
running zzzUnity.Burst.CodeGen.BurstILPostProcessor
[573/574    0s] CopyFiles Library/Bee/PlayerScriptAssemblies/Unity.Timeline.pdb
[574/574    0s] CopyFiles Library/Bee/PlayerScriptAssemblies/Unity.Timeline.dll
[575/574    0s] ILPostProcess Library/Bee/artifacts/1300b0aP.dag/post-processed/Unity.RenderPipeline.Universal.ShaderLibrary.dll (+pdb)
Processing assembly Library/Bee/artifacts/1300b0aP.dag/Unity.RenderPipeline.Universal.ShaderLibrary.dll, with 136 defines and 205 references
processors: Unity.Jobs.CodeGen.JobsILPostProcessor, zzzUnity.Burst.CodeGen.BurstILPostProcessor
running Unity.Jobs.CodeGen.JobsILPostProcessor
running zzzUnity.Burst.CodeGen.BurstILPostProcessor
[576/574    0s] ILPostProcess Library/Bee/artifacts/1300b0aP.dag/post-processed/UnityEngine.UI.dll (+pdb)
Processing assembly Library/Bee/artifacts/1300b0aP.dag/UnityEngine.UI.dll, with 142 defines and 203 references
processors: Unity.Jobs.CodeGen.JobsILPostProcessor, zzzUnity.Burst.CodeGen.BurstILPostProcessor
running Unity.Jobs.CodeGen.JobsILPostProcessor
running zzzUnity.Burst.CodeGen.BurstILPostProcessor
[577/574    0s] CopyFiles Library/Bee/PlayerScriptAssemblies/Unity.RenderPipeline.Universal.ShaderLibrary.dll
[578/574    0s] CopyFiles Library/Bee/PlayerScriptAssemblies/Unity.RenderPipeline.Universal.ShaderLibrary.pdb
[579/574    0s] CopyFiles Library/Bee/PlayerScriptAssemblies/UnityEngine.UI.dll
[580/574    0s] CopyFiles Library/Bee/PlayerScriptAssemblies/UnityEngine.UI.pdb
[582/574    0s] BuildPlayerDataGenerator Library/BuildPlayerData/Player/RuntimeInitializeOnLoads.json (+1 other)
*** Tundra build success (2.55 seconds), 108 items updated, 574 evaluated
Assets/Neuro-Rehab/Scripts/PatientDataManager.cs(17,32): warning CS0618: 'Object.FindObjectOfType<T>()' is obsolete: 'Object.FindObjectOfType has been deprecated. Use Object.FindFirstObjectByType instead or if finding any instance is acceptable the faster Object.FindAnyObjectByType'
Assets/Neuro-Rehab/Scripts/NeuroRehabWebViewManager.cs(15,32): warning CS0618: 'Object.FindObjectOfType<T>()' is obsolete: 'Object.FindObjectOfType has been deprecated. Use Object.FindFirstObjectByType instead or if finding any instance is acceptable the faster Object.FindAnyObjectByType'
Assets/Neuro-Rehab/Scripts/NeuroRehabLauncher.cs(61,30): warning CS0618: 'Object.FindObjectOfType<T>()' is obsolete: 'Object.FindObjectOfType has been deprecated. Use Object.FindFirstObjectByType instead or if finding any instance is acceptable the faster Object.FindAnyObjectByType'
Assets/Neuro-Rehab/Scripts/NeuroRehabLauncher.cs(175,27): warning CS0618: 'Object.FindObjectOfType<T>()' is obsolete: 'Object.FindObjectOfType has been deprecated. Use Object.FindFirstObjectByType instead or if finding any instance is acceptable the faster Object.FindAnyObjectByType'
NeuroRehabWebViewManager.cs(15,32): warning CS0618: 'Object.FindObjectOfType<T>()' is obsolete: 'Object.FindObjectOfType has been deprecated. Use Object.FindFirstObjectByType instead or if finding any instance is acceptable the faster Object.FindAnyObjectByType'
Assets/Neuro-Rehab/Scripts/NeuroRehabLauncher.cs(61,30): warning CS0618: 'Object.FindObjectOfType<T>()' is obsolete: 'Object.FindObjectOfType has been deprecated. Use Object.FindFirstObjectByType instead or if finding any instance is acceptable the faster Object.FindAnyObjectByType'
Assets/Neuro-Rehab/Scripts/NeuroRehabLauncher.cs(175,27): warning CS0618: 'Object.FindObjectOfType<T>()' is obsolete: 'Object.FindObjectOfType has been deprecated. Use Object.FindFirstObjectByType instead or if finding any instance is acceptable the faster Object.FindAnyObjectByType'
ager.cs(15,32): warning CS0618: 'Object.FindObjectOfType<T>()' is obsolete: 'Object.FindObjectOfType has been deprecated. Use Object.FindFirstObjectByType instead or if finding any instance is acceptable the faster Object.FindAnyObjectByType'
Assets/Neuro-Rehab/Scripts/NeuroRehabLauncher.cs(61,30): warning CS0618: 'Object.FindObjectOfType<T>()' is obsolete: 'Object.FindObjectOfType has been deprecated. Use Object.FindFirstObjectByType instead or if finding any instance is acceptable the faster Object.FindAnyObjectByType'
Assets/Neuro-Rehab/Scripts/NeuroRehabLauncher.cs(175,27): warning CS0618: 'Object.FindObjectOfType<T>()' is obsolete: 'Object.FindObjectOfType has been deprecated. Use Object.FindFirstObjectByType instead or if finding any instance is acceptable the faster Object.FindAnyObjectByType'
Assets/Neuro-Rehab/Scripts/NeuroRehabLauncher.cs(61,30): warning CS0618: 'Object.FindObjectOfType<T>()' is obsolete: 'Object.FindObjectOfType has been deprecated. Use Object.FindFirstObjectByType instead or if finding any instance is acceptable the faster Object.FindAnyObjectByType'
Assets/Neuro-Rehab/Scripts/NeuroRehabLauncher.cs(175,27): warning CS0618: 'Object.FindObjectOfType<T>()' is obsolete: 'Object.FindObjectOfType has been deprecated. Use Object.FindFirstObjectByType instead or if finding any instance is acceptable the faster Object.FindAnyObjectByType'
Total cache size 128206146
Total cache size after purge 128206146, took 00:00:00.0303306
Rebuilding Data files because Assets/Resources/PerformanceTestRunInfo.json is dirty (hash)
2026-08-10 14:46:20.565 Unity[42279:2341885] NSEventModifierFlagFunction specified to -setKeyEquivalentModifierMask: for item <NSMenuItem: 0xbb1b54280 SDF, ke='Command-F12'>, but is only supported for system-provided menu items; will not be used
Opening scene 'Assets/Neuro-Rehab/Scenes/NeuroRehabScene.unity'
Unloading 3 Unused Serialized files (Serialized files now loaded: 0)
Loaded scene 'Assets/Neuro-Rehab/Scenes/NeuroRehabScene.unity'
	Deserialize:            10.484 ms
	Integration:            287.715 ms
	Integration of assets:  0.091 ms
	Thread Wait Time:       0.021 ms
	Total Operation Time:   298.311 ms
Unloading 56 unused Assets / (0.6 MB). Loaded Objects now: 7216.
Memory consumption went from 260.5 MB to 259.9 MB.
Total: 14.722291 ms (FindLiveObjects: 0.208042 ms CreateObjectMapping: 0.094291 ms MarkObjects: 14.017125 ms  DeleteObjects: 0.402084 ms)

Created GICache directory at /Users/akshaykadam/Library/Caches/com.unity3d.UnityEditor/GiCache. Took: 0.002s, timestamps: [31.381 - 31.383]


Mono dependencies included in the build
Dependency assembly - System.ServiceModel.Discovery.dll
Dependency assembly - System.Runtime.InteropServices.WindowsRuntime.dll
Dependency assembly - Mono.Security.dll
Dependency assembly - System.Web.Extensions.dll
Dependency assembly - System.Runtime.InteropServices.RuntimeInformation.dll
Dependency assembly - Unity.InternalAPIEngineBridge.004.dll
Dependency assembly - Unity.RenderPipelines.Core.ShaderLibrary.dll
Dependency assembly - System.Data.Services.dll
Dependency assembly - Unity.RenderPipeline.Universal.ShaderLibrary.dll
Dependency assembly - Unity.Timeline.dll
Dependency assembly - System.ComponentModel.dll
Dependency assembly - System.Diagnostics.Tools.dll
Dependency assembly - System.IO.dll
Dependency assembly - System.DirectoryServices.dll
Dependency assembly - System.Collections.dll
Dependency assembly - System.Runtime.CompilerServices.Unsafe.dll
Dependency assembly - System.Web.RegularExpressions.dll
Dependency assembly - Unity.RenderPipelines.GPUDriven.Runtime.dll
Dependency assembly - Microsoft.Win32.Registry.AccessControl.dll
Dependency assembly - System.Threading.Timer.dll
Dependency assembly - System.Web.dll
Dependency assembly - I18N.Other.dll
Dependency assembly - System.Threading.Tasks.Parallel.dll
Dependency assembly - System.Xml.XPath.XDocument.dll
Dependency assembly - System.IO.Hashing.dll
Dependency assembly - System.Security.Cryptography.Hashing.Algorithms.dll
Dependency assembly - System.Collections.Concurrent.dll
Dependency assembly - System.ComponentModel.Primitives.dll
Dependency assembly - System.ComponentModel.DataAnnotations.dll
Dependency assembly - System.Xml.XmlDocument.dll
Dependency assembly - System.ValueTuple.dll
Dependency assembly - System.Drawing.Design.dll
Dependency assembly - System.Numerics.Vectors.dll
Dependency assembly - System.ServiceModel.Internals.dll
Dependency assembly - System.Runtime.Extensions.dll
Dependency assembly - System.Security.Cryptography.Cng.dll
Dependency assembly - System.Xml.Linq.dll
Dependency assembly - Assembly-CSharp.dll
Dependency assembly - System.ServiceModel.Security.dll
Dependency assembly - System.Data.SqlClient.dll
Dependency assembly - System.Security.Cryptography.DeriveBytes.dll
Dependency assembly - System.Data.DataSetExtensions.dll
Dependency assembly - System.EnterpriseServices.dll
Dependency assembly - System.Xml.ReaderWriter.dll
Dependency assembly - System.Security.Principal.dll
Dependency assembly - System.Net.Http.dll
Dependency assembly - System.Web.Services.dll
Dependency assembly - System.Security.Cryptography.Encryption.ECDiffieHellman.dll
Dependency assembly - System.Drawing.Primitives.dll
Dependency assembly - System.Net.WebSockets.dll
Dependency assembly - System.Diagnostics.Contracts.dll
Dependency assembly - System.Text.RegularExpressions.dll
Dependency assembly - System.Linq.Expressions.dll
Dependency assembly - I18N.West.dll
Dependency assembly - mscorlib.dll
Dependency assembly - System.Threading.ThreadPool.dll
Dependency assembly - System.Runtime.Caching.dll
Dependency assembly - System.ServiceModel.Web.dll
Dependency assembly - System.ServiceModel.NetTcp.dll
Dependency assembly - System.Runtime.Remoting.dll
Dependency assembly - System.ServiceModel.Duplex.dll
Dependency assembly - netstandard.dll
Dependency assembly - System.Security.Cryptography.Algorithms.dll
Dependency assembly - System.Reflection.Emit.dll
Dependency assembly - System.Data.Services.Client.dll
Dependency assembly - System.Reflection.dll
Dependency assembly - Mono.Data.Tds.dll
Dependency assembly - System.Data.dll
Dependency assembly - System.ServiceModel.Routing.dll
Dependency assembly - System.Reflection.Emit.Lightweight.dll
Dependency assembly - Unity.VisualScripting.DocCodeExamples.dll
Dependency assembly - System.Diagnostics.TraceSource.dll
Dependency assembly - System.Threading.Tasks.Extensions.dll
Dependency assembly - System.Security.Cryptography.Encoding.dll
Dependency assembly - System.Xml.XPath.XmlDocument.dll
Dependency assembly - System.Net.NameResolution.dll
Dependency assembly - System.Reflection.Extensions.dll
Dependency assembly - System.Security.SecureString.dll
Dependency assembly - System.Linq.Queryable.dll
Dependency assembly - System.Windows.Forms.DataVisualization.dll
Dependency assembly - System.ServiceModel.Http.dll
Dependency assembly - System.Windows.Forms.dll
Dependency assembly - System.Xaml.dll
Dependency assembly - System.Globalization.Extensions.dll
Dependency assembly - System.IO.Compression.ZipFile.dll
Dependency assembly - System.AppContext.dll
Dependency assembly - System.IO.Pipes.dll
Dependency assembly - Unity.UnifiedRayTracing.Runtime.dll
Dependency assembly - System.Security.Cryptography.Hashing.dll
Dependency assembly - System.Threading.Overlapped.dll
Dependency assembly - System.Net.Utilities.dll
Dependency assembly - System.IO.FileSystem.Watcher.dll
Dependency assembly - System.IO.MemoryMappedFiles.dll
Dependency assembly - System.Text.Encoding.Extensions.dll
Dependency assembly - System.Diagnostics.FileVersionInfo.dll
Dependency assembly - Unity.RenderPipelines.Core.Runtime.Shared.dll
Dependency assembly - Unity.RenderPipelines.Universal.Runtime.dll
Dependency assembly - System.ServiceProcess.ServiceController.dll
Dependency assembly - System.Threading.Thread.dll
Dependency assembly - System.ComponentModel.Composition.dll
Dependency assembly - System.Net.Mail.dll
Dependency assembly - Unity.RenderPipelines.Universal.Shaders.dll
Dependency assembly - System.Runtime.Loader.dll
Dependency assembly - System.Security.Cryptography.RandomNumberGenerator.dll
Dependency assembly - I18N.Rare.dll
Dependency assembly - I18N.dll
Dependency assembly - System.Security.Cryptography.Csp.dll
Dependency assembly - Unity.RenderPipelines.ShaderGraph.ShaderGraphLibrary.dll
Dependency assembly - System.ServiceModel.dll
Dependency assembly - System.Net.WebHeaderCollection.dll
Dependency assembly - Unity.Burst.Unsafe.dll
Dependency assembly - System.Windows.dll
Dependency assembly - System.Text.Encoding.CodePages.dll
Dependency assembly - System.Diagnostics.Tracing.dll
Dependency assembly - System.Globalization.dll
Dependency assembly - System.Security.Principal.Windows.dll
Dependency assembly - System.Buffers.dll
Dependency assembly - System.Security.Cryptography.OpenSsl.dll
Dependency assembly - System.Xml.dll
Dependency assembly - System.IO.Compression.dll
Dependency assembly - System.IdentityModel.Selectors.dll
Dependency assembly - System.Net.NetworkInformation.dll
Dependency assembly - System.dll
Dependency assembly - System.Security.Cryptography.Encryption.dll
Dependency assembly - I18N.CJK.dll
Dependency assembly - System.ComponentModel.Annotations.dll
Dependency assembly - System.ComponentModel.EventBasedAsync.dll
Dependency assembly - System.IO.FileSystem.dll
Dependency assembly - System.Reflection.Context.dll
Dependency assembly - System.Reflection.Emit.ILGeneration.dll
Dependency assembly - System.Web.DynamicData.dll
Dependency assembly - System.Data.Common.dll
Dependency assembly - System.Dynamic.Runtime.dll
Dependency assembly - System.Design.dll
Dependency assembly - System.Data.OracleClient.dll
Dependency assembly - System.ServiceProcess.dll
Dependency assembly - System.Net.Requests.dll
Dependency assembly - System.Runtime.Serialization.Json.dll
Dependency assembly - System.Threading.AccessControl.dll
Dependency assembly - I18N.MidEast.dll
Dependency assembly - System.DirectoryServices.Protocols.dll
Dependency assembly - Unity.Multiplayer.Center.Common.dll
Dependency assembly - System.Runtime.Serialization.Formatters.Soap.dll
Dependency assembly - System.Diagnostics.Process.dll
Dependency assembly - System.Xml.XDocument.dll
Dependency assembly - System.IO.FileSystem.Primitives.dll
Dependency assembly - System.Runtime.Numerics.dll
Dependency assembly - System.IO.UnmanagedMemoryStream.dll
Dependency assembly - System.Net.WebSockets.Client.dll
Dependency assembly - System.Transactions.dll
Dependency assembly - UnityEngine.UI.dll
Dependency assembly - System.ServiceModel.Activation.dll
Dependency assembly - System.Linq.Parallel.dll
Dependency assembly - System.Diagnostics.TextWriterTraceListener.dll
Dependency assembly - Unity.Collections.dll
Dependency assembly - System.ObjectModel.dll
Dependency assembly - System.ServiceModel.Primitives.dll
Dependency assembly - Microsoft.Win32.Registry.dll
Dependency assembly - System.Runtime.Serialization.Formatters.dll
Dependency assembly - System.Xml.XPath.dll
Dependency assembly - System.Net.Ping.dll
Dependency assembly - Unity.VisualScripting.State.dll
Dependency assembly - System.Reflection.TypeExtensions.dll
Dependency assembly - Unity.RenderPipelines.Universal.Config.Runtime.dll
Dependency assembly - System.Resources.ReaderWriter.dll
Dependency assembly - System.Resources.Reader.dll
Dependency assembly - System.Diagnostics.Debug.dll
Dependency assembly - System.Threading.dll
Dependency assembly - System.Diagnostics.StackTrace.dll
Dependency assembly - System.Net.Sockets.dll
Dependency assembly - System.Security.Cryptography.ProtectedData.dll
Dependency assembly - Mono.Data.Sqlite.dll
Dependency assembly - Unity.TextMeshPro.dll
Dependency assembly - System.Runtime.DurableInstancing.dll
Dependency assembly - System.Net.HttpListener.dll
Dependency assembly - System.Data.Linq.dll
Dependency assembly - System.Security.Claims.dll
Dependency assembly - System.Net.ServicePoint.dll
Dependency assembly - System.Net.Cache.dll
Dependency assembly - System.Text.Encoding.dll
Dependency assembly - Unity.InputSystem.ForUI.dll
Dependency assembly - Microsoft.CSharp.dll
Dependency assembly - System.Runtime.Serialization.dll
Dependency assembly - System.Numerics.dll
Dependency assembly - System.Linq.dll
Dependency assembly - System.Runtime.Serialization.Primitives.dll
Dependency assembly - Unity.VisualScripting.Flow.dll
Dependency assembly - Unity.AI.Navigation.dll
Dependency assembly - System.Security.AccessControl.dll
Dependency assembly - System.Xml.Xsl.Primitives.dll
Dependency assembly - System.Management.dll
Dependency assembly - System.IO.FileSystem.AccessControl.dll
Dependency assembly - System.Data.Entity.dll
Dependency assembly - System.IO.Compression.FileSystem.dll
Dependency assembly - Unity.Burst.dll
Dependency assembly - UniWebView-CSharp.dll
Dependency assembly - System.IO.FileSystem.DriveInfo.dll
Dependency assembly - System.Net.Http.WebRequest.dll
Dependency assembly - System.Security.Cryptography.Encryption.ECDsa.dll
Dependency assembly - Unity.RenderPipelines.Universal.2D.Runtime.dll
Dependency assembly - Unity.VisualScripting.Core.dll
Dependency assembly - System.Resources.ResourceManager.dll
Dependency assembly - System.IO.IsolatedStorage.dll
Dependency assembly - System.Configuration.dll
Dependency assembly - System.Security.Cryptography.Encryption.Aes.dll
Dependency assembly - System.IdentityModel.dll
Dependency assembly - System.Globalization.Calendars.dll
Dependency assembly - System.Runtime.CompilerServices.VisualC.dll
Dependency assembly - System.Security.Cryptography.RSA.dll
Dependency assembly - System.Net.Security.dll
Dependency assembly - System.Configuration.Install.dll
Dependency assembly - Microsoft.Win32.Primitives.dll
Dependency assembly - Unity.Collections.LowLevel.ILSupport.dll
Dependency assembly - System.Threading.Tasks.dll
Dependency assembly - System.Web.Extensions.Design.dll
Dependency assembly - System.Messaging.dll
Dependency assembly - System.Collections.Specialized.dll
Dependency assembly - System.Runtime.Handles.dll
Dependency assembly - System.Core.dll
Dependency assembly - Unity.RenderPipelines.Core.Runtime.dll
Dependency assembly - Unity.Mathematics.dll
Dependency assembly - System.Diagnostics.TraceEvent.dll
Dependency assembly - System.Reflection.DispatchProxy.dll
Dependency assembly - System.ComponentModel.TypeConverter.dll
Dependency assembly - System.Reflection.Primitives.dll
Dependency assembly - System.Net.dll
Dependency assembly - System.Net.AuthenticationManager.dll
Dependency assembly - System.Runtime.dll
Dependency assembly - Accessibility.dll
Dependency assembly - System.Runtime.InteropServices.dll
Dependency assembly - System.Json.dll
Dependency assembly - System.Collections.NonGeneric.dll
Dependency assembly - System.Xml.XmlSerializer.dll
Dependency assembly - System.Net.Primitives.dll
Dependency assembly - System.Resources.Writer.dll
Dependency assembly - System.Drawing.dll
Dependency assembly - System.Security.Cryptography.Primitives.dll
Dependency assembly - System.Security.Cryptography.Pkcs.dll
Dependency assembly - System.Security.Cryptography.X509Certificates.dll
Dependency assembly - System.Memory.dll
Dependency assembly - System.Runtime.Serialization.Xml.dll
Dependency assembly - Unity.VisualScripting.Antlr3.Runtime.dll
Dependency assembly - Unity.InputSystem.dll
Dependency assembly - System.Security.dll
Dependency assembly - System.Web.ApplicationServices.dll
Dependency assembly - System.Xml.Serialization.dll
Dependency assembly - System.Console.dll

DisplayProgressbar: Fetching assembly references
Unloading 41 Unused Serialized files (Serialized files now loaded: 0)
Unloading 2031 unused Assets / (1.0 MB). Loaded Objects now: 7141.
Memory consumption went from 270.1 MB to 269.1 MB.
Total: 7.885166 ms (FindLiveObjects: 0.181833 ms CreateObjectMapping: 0.117667 ms MarkObjects: 5.895333 ms  DeleteObjects: 1.689834 ms)

Unloading 0 Unused Serialized files (Serialized files now loaded: 0)
Unloading 0 unused Assets / (0 B). Loaded Objects now: 7141.
Memory consumption went from 269.1 MB to 269.1 MB.
Total: 5.724875 ms (FindLiveObjects: 0.173292 ms CreateObjectMapping: 0.092041 ms MarkObjects: 5.450917 ms  DeleteObjects: 0.007833 ms)

Unloading 1 Unused Serialized files (Serialized files now loaded: 0)
Unloading 177 unused Assets / (146.8 MB). Loaded Objects now: 7141.
Memory consumption went from 412.7 MB to 265.9 MB.
Total: 19.647417 ms (FindLiveObjects: 0.172416 ms CreateObjectMapping: 0.098042 ms MarkObjects: 6.407958 ms  DeleteObjects: 12.968417 ms)

Compiling shader "Hidden/Universal Render Pipeline/Sampling"
  Pass "BoxDownsample" (vp)
    Target graphics API: gles3
    Full variant space:         1
    After settings filtering:   1
    After built-in stripping:   1
    After scriptable stripping: 1
    Processed in 0.55 seconds
  Pass BoxDownsample (vp, gles3) finished in 0.00 seconds. Local cache hits 1 (0.00s CPU time), remote cache hits 0 (0.00s CPU time), compiled 0 variants (0.00s CPU time), skipped 0 variants.
    Prepared data for serialisation in 0.00s
Serialized binary data for shader Hidden/Universal Render Pipeline/Sampling in 0.00s
    gles3 (total internal programs: 1, unique: 1)
Compiling shader "Hidden/Universal Render Pipeline/Stop NaN"
  Pass "Stop NaN" (vp)
    Target graphics API: gles3
    Full variant space:         1
    After settings filtering:   1
    After built-in stripping:   1
    After scriptable stripping: 1
    Processed in 0.00 seconds
  Pass Stop NaN (vp, gles3) finished in 0.00 seconds. Local cache hits 1 (0.00s CPU time), remote cache hits 0 (0.00s CPU time), compiled 0 variants (0.00s CPU time), skipped 0 variants.
    Prepared data for serialisation in 0.00s
Serialized binary data for shader Hidden/Universal Render Pipeline/Stop NaN in 0.00s
    gles3 (total internal programs: 1, unique: 1)
Compiling shader "Hidden/CoreSRP/CoreCopy"
  Pass "Copy" (vp)
    Target graphics API: gles3
    Full variant space:         2
    After settings filtering:   2
    After built-in stripping:   2
    After scriptable stripping: 2
    Processed in 0.00 seconds
  Pass "CopyMS" (vp)
    Target graphics API: gles3
    Full variant space:         2
    After settings filtering:   2
    After built-in stripping:   2
    After scriptable stripping: 2
    Processed in 0.00 seconds
  Pass Copy (vp, gles3) finished in 0.00 seconds. Local cache hits 2 (0.00s CPU time), remote cache hits 0 (0.00s CPU time), compiled 0 variants (0.00s CPU time), skipped 0 variants.
    Prepared data for serialisation in 0.00s
  Pass CopyMS (vp, gles3) finished in 0.00 seconds. Local cache hits 2 (0.00s CPU time), remote cache hits 0 (0.00s CPU time), compiled 0 variants (0.00s CPU time), skipped 0 variants.
    Prepared data for serialisation in 0.00s
Serialized binary data for shader Hidden/CoreSRP/CoreCopy in 0.00s
    gles3 (total internal programs: 4, unique: 4)
Compiling shader "Hidden/Universal Render Pipeline/CameraMotionBlur"
  Pass "Camera Motion Blur - Low Quality" (vp)
    Target graphics API: gles3
    Full variant space:         2
    After settings filtering:   1
    After built-in stripping:   1
    After scriptable stripping: 1
    Processed in 0.00 seconds
  Pass "Camera Motion Blur - Medium Quality" (vp)
    Target graphics API: gles3
    Full variant space:         2
    After settings filtering:   1
    After built-in stripping:   1
    After scriptable stripping: 1
    Processed in 0.00 seconds
  Pass "Camera Motion Blur - High Quality" (vp)
    Target graphics API: gles3
    Full variant space:         2
    After settings filtering:   1
    After built-in stripping:   1
    After scriptable stripping: 1
    Processed in 0.00 seconds
  Pass "Camera And Object Motion Blur - Low Quality" (vp)
    Target graphics API: gles3
    Full variant space:         2
    After settings filtering:   1
    After built-in stripping:   1
    After scriptable stripping: 1
    Processed in 0.00 seconds
  Pass "Camera And Object Motion Blur - Medium Quality" (vp)
    Target graphics API: gles3
    Full variant space:         2
    After settings filtering:   1
    After built-in stripping:   1
    After scriptable stripping: 1
    Processed in 0.00 seconds
  Pass "Camera And Object Motion Blur - High Quality" (vp)
    Target graphics API: gles3
    Full variant space:         2
    After settings filtering:   1
    After built-in stripping:   1
    After scriptable stripping: 1
    Processed in 0.00 seconds
  Pass Camera Motion Blur - Low Quality (vp, gles3) finished in 0.00 seconds. Local cache hits 1 (0.00s CPU time), remote cache hits 0 (0.00s CPU time), compiled 0 variants (0.00s CPU time), skipped 0 variants.
    Prepared data for serialisation in 0.00s
  Pass Camera Motion Blur - Medium Quality (vp, gles3) finished in 0.00 seconds. Local cache hits 1 (0.00s CPU time), remote cache hits 0 (0.00s CPU time), compiled 0 variants (0.00s CPU time), skipped 0 variants.
    Prepared data for serialisation in 0.00s
  Pass Camera Motion Blur - High Quality (vp, gles3) finished in 0.00 seconds. Local cache hits 1 (0.00s CPU time), remote cache hits 0 (0.00s CPU time), compiled 0 variants (0.00s CPU time), skipped 0 variants.
    Prepared data for serialisation in 0.00s
  Pass Camera And Object Motion Blur - Low Quality (vp, gles3) finished in 0.00 seconds. Local cache hits 1 (0.00s CPU time), remote cache hits 0 (0.00s CPU time), compiled 0 variants (0.00s CPU time), skipped 0 variants.
    Prepared data for serialisation in 0.00s
  Pass Camera And Object Motion Blur - Medium Quality (vp, gles3) finished in 0.00 seconds. Local cache hits 1 (0.00s CPU time), remote cache hits 0 (0.00s CPU time), compiled 0 variants (0.00s CPU time), skipped 0 variants.
    Prepared data for serialisation in 0.00s
  Pass Camera And Object Motion Blur - High Quality (vp, gles3) finished in 0.00 seconds. Local cache hits 1 (0.00s CPU time), remote cache hits 0 (0.00s CPU time), compiled 0 variants (0.00s CPU time), skipped 0 variants.
    Prepared data for serialisation in 0.00s
Serialized binary data for shader Hidden/Universal Render Pipeline/CameraMotionBlur in 0.00s
    gles3 (total internal programs: 6, unique: 6)
Compiling shader "Hidden/Universal Render Pipeline/ClusterDeferred"
  Pass "Deferred Clustered Lights (Lit)" (vp)
  Pass "Deferred Clustered Lights (SimpleLit)" (vp)
  Pass "Fog" (vp)
    Prepared data for serialisation in 0.00s
    Prepared data for serialisation in 0.00s
    Prepared data for serialisation in 0.00s
Serialized binary data for shader Hidden/Universal Render Pipeline/ClusterDeferred in 0.00s
    gles3 (total internal programs: 0, unique: 0)
Compiling shader "Hidden/TerrainEngine/Details/UniversalPipeline/BillboardWavingDoublePass"
  Pass "ForwardLit" (vp)
    Target graphics API: gles3
    Full variant space:         491.520
    After settings filtering:   256
    After built-in stripping:   2
    After scriptable stripping: 2
    Processed in 0.00 seconds
  Pass "GBuffer" (vp)
  Pass "DepthOnly" (vp)
Launching external process: /Applications/Unity/Hub/Editor/6000.3.9f1/Unity.app/Contents/Helpers/UnityShaderCompiler
    Target graphics API: gles3
    Full variant space:         2
    After settings filtering:   2
    After built-in stripping:   1
    After scriptable stripping: 1
    Processed in 0.00 seconds
  Pass "DepthNormals" (vp)
    Target graphics API: gles3
    Full variant space:         2
    After settings filtering:   2
    After built-in stripping:   1
    After scriptable stripping: 1
    Processed in 0.00 seconds
Launched and connected shader compiler UnityShaderCompiler after 0.04 seconds
Launching external process: /Applications/Unity/Hub/Editor/6000.3.9f1/Unity.app/Contents/Helpers/UnityShaderCompiler
Launched and connected shader compiler UnityShaderCompiler after 0.04 seconds
  Pass ForwardLit (vp, gles3) finished in 0.31 seconds. Local cache hits 0 (0.00s CPU time), remote cache hits 0 (0.00s CPU time), compiled 2 variants (0.57s CPU time), skipped 0 variants.
    Prepared data for serialisation in 0.00s
    Prepared data for serialisation in 0.00s
  Pass DepthOnly (vp, gles3) finished in 0.31 seconds. Local cache hits 1 (0.00s CPU time), remote cache hits 0 (0.00s CPU time), compiled 0 variants (0.00s CPU time), skipped 0 variants.
    Prepared data for serialisation in 0.00s
  Pass DepthNormals (vp, gles3) finished in 0.31 seconds. Local cache hits 1 (0.00s CPU time), remote cache hits 0 (0.00s CPU time), compiled 0 variants (0.00s CPU time), skipped 0 variants.
    Prepared data for serialisation in 0.00s
Serialized binary data for shader Hidden/TerrainEngine/Details/UniversalPipeline/BillboardWavingDoublePass in 0.00s
    gles3 (total internal programs: 4, unique: 4)
Compiling shader "Hidden/Universal Render Pipeline/BokehDepthOfField"
  Pass "Bokeh Depth Of Field CoC" (vp)
    Target graphics API: gles3
    Full variant space:         2
    After settings filtering:   1
    After built-in stripping:   1
    After scriptable stripping: 1
    Processed in 0.00 seconds
  Pass "Bokeh Depth Of Field Prefilter" (vp)
    Target graphics API: gles3
    Full variant space:         2
    After settings filtering:   1
    After built-in stripping:   1
    After scriptable stripping: 1
    Processed in 0.00 seconds
  Pass "Bokeh Depth Of Field Blur" (vp)
    Target graphics API: gles3
    Full variant space:         2
Launching external process: /Applications/Unity/Hub/Editor/6000.3.9f1/Unity.app/Contents/Helpers/UnityShaderCompiler
    After settings filtering:   1
    After built-in stripping:   1
    After scriptable stripping: 1
    Processed in 0.00 seconds
  Pass "Bokeh Depth Of Field Post Blur" (vp)
    Target graphics API: gles3
    Full variant space:         2
    After settings filtering:   1
    After built-in stripping:   1
    After scriptable stripping: 1
    Processed in 0.00 seconds
  Pass "Bokeh Depth Of Field Composite" (vp)
    Target graphics API: gles3
    Full variant space:         4
    After settings filtering:   1
    After built-in stripping:   1
    After scriptable stripping: 1
    Processed in 0.00 seconds
  Pass "Bokeh Depth Of Field CoC" (vp)
    Target graphics API: gles3
    Full variant space:         2
    After settings filtering:   1
    After built-in stripping:   1
    After scriptable stripping: 1
    Processed in 0.00 seconds
  Pass "Bokeh Depth Of Field Prefilter" (vp)
    Target graphics API: gles3
    Full variant space:         2
    After settings filtering:   1
    After built-in stripping:   1
    After scriptable stripping: 1
    Processed in 0.00 seconds
  Pass "Bokeh Depth Of Field Blur" (vp)
    Target graphics API: gles3
    Full variant space:         2
    After settings filtering:   1
    After built-in stripping:   1
    After scriptable stripping: 1
    Processed in 0.00 seconds
  Pass "Bokeh Depth Of Field Post Blur" (vp)
    Target graphics API: gles3
    Full variant space:         2
    After settings filtering:   1
    After built-in stripping:   1
    After scriptable stripping: 1
    Processed in 0.00 seconds
  Pass "Bokeh Depth Of Field Composite" (vp)
    Target graphics API: gles3
    Full variant space:         4
    After settings filtering:   1
    After built-in stripping:   1
    After scriptable stripping: 1
    Processed in 0.00 seconds
Launched and connected shader compiler UnityShaderCompiler after 0.03 seconds
Launching external process: /Applications/Unity/Hub/Editor/6000.3.9f1/Unity.app/Contents/Helpers/UnityShaderCompiler
  Pass Bokeh Depth Of Field CoC (vp, gles3) finished in 0.06 seconds. Local cache hits 0 (0.00s CPU time), remote cache hits 0 (0.00s CPU time), compiled 1 variants (0.06s CPU time), skipped 0 variants.
    Prepared data for serialisation in 0.00s
Launched and connected shader compiler UnityShaderCompiler after 0.04 seconds
Launching external process: /Applications/Unity/Hub/Editor/6000.3.9f1/Unity.app/Contents/Helpers/UnityShaderCompiler
  Pass Bokeh Depth Of Field Prefilter (vp, gles3) finished in 0.12 seconds. Local cache hits 0 (0.00s CPU time), remote cache hits 0 (0.00s CPU time), compiled 1 variants (0.12s CPU time), skipped 0 variants.
    Prepared data for serialisation in 0.00s
  Pass Bokeh Depth Of Field Blur (vp, gles3) finished in 0.12 seconds. Local cache hits 0 (0.00s CPU time), remote cache hits 0 (0.00s CPU time), compiled 1 variants (0.08s CPU time), skipped 0 variants.
    Prepared data for serialisation in 0.00s
Launched and connected shader compiler UnityShaderCompiler after 0.04 seconds
Launching external process: /Applications/Unity/Hub/Editor/6000.3.9f1/Unity.app/Contents/Helpers/UnityShaderCompiler
  Pass Bokeh Depth Of Field Post Blur (vp, gles3) finished in 0.17 seconds. Local cache hits 0 (0.00s CPU time), remote cache hits 0 (0.00s CPU time), compiled 1 variants (0.17s CPU time), skipped 0 variants.
    Prepared data for serialisation in 0.00s
Launched and connected shader compiler UnityShaderCompiler after 0.04 seconds
Launching external process: /Applications/Unity/Hub/Editor/6000.3.9f1/Unity.app/Contents/Helpers/UnityShaderCompiler
  Pass Bokeh Depth Of Field Composite (vp, gles3) finished in 0.22 seconds. Local cache hits 0 (0.00s CPU time), remote cache hits 0 (0.00s CPU time), compiled 1 variants (0.22s CPU time), skipped 0 variants.
    Prepared data for serialisation in 0.00s
Launched and connected shader compiler UnityShaderCompiler after 0.04 seconds
  Pass Bokeh Depth Of Field CoC (vp, gles3) finished in 0.25 seconds. Local cache hits 0 (0.00s CPU time), remote cache hits 0 (0.00s CPU time), compiled 1 variants (0.25s CPU time), skipped 0 variants.
    Prepared data for serialisation in 0.00s
  Pass Bokeh Depth Of Field Prefilter (vp, gles3) finished in 0.30 seconds. Local cache hits 0 (0.00s CPU time), remote cache hits 0 (0.00s CPU time), compiled 1 variants (0.30s CPU time), skipped 0 variants.
    Prepared data for serialisation in 0.00s
  Pass Bokeh Depth Of Field Blur (vp, gles3) finished in 0.24 seconds. Local cache hits 0 (0.00s CPU time), remote cache hits 0 (0.00s CPU time), compiled 1 variants (0.09s CPU time), skipped 0 variants.
    Prepared data for serialisation in 0.00s
  Pass Bokeh Depth Of Field Post Blur (vp, gles3) finished in 0.21 seconds. Local cache hits 0 (0.00s CPU time), remote cache hits 0 (0.00s CPU time), compiled 1 variants (0.07s CPU time), skipped 0 variants.
    Prepared data for serialisation in 0.00s
  Pass Bokeh Depth Of Field Composite (vp, gles3) finished in 0.18 seconds. Local cache hits 0 (0.00s CPU time), remote cache hits 0 (0.00s CPU time), compiled 1 variants (0.07s CPU time), skipped 0 variants.
    Prepared data for serialisation in 0.00s
Serialized binary data for shader Hidden/Universal Render Pipeline/BokehDepthOfField in 0.00s
    gles3 (total internal programs: 10, unique: 10)
Compiling shader "Hidden/Core/FallbackError"
  Pass "" (vp)
    Target graphics API: gles3
    Full variant space:         3
    After settings filtering:   3
    After built-in stripping:   1
    After scriptable stripping: 1
    Processed in 0.00 seconds
  Pass  (vp, gles3) finished in 0.00 seconds. Local cache hits 1 (0.00s CPU time), remote cache hits 0 (0.00s CPU time), compiled 0 variants (0.00s CPU time), skipped 0 variants.
    Prepared data for serialisation in 0.00s
Serialized binary data for shader Hidden/Core/FallbackError in 0.00s
    gles3 (total internal programs: 1, unique: 1)
Compiling shader "Hidden/Universal Render Pipeline/XR/XROcclusionMesh"
  Pass "" (vp)
    Target graphics API: gles3
    Full variant space:         2
    After settings filtering:   1
    After built-in stripping:   1
    After scriptable stripping: 0
    Processed in 0.00 seconds
Serialized binary data for shader Hidden/Universal Render Pipeline/XR/XROcclusionMesh in 0.00s
    gles3 (total internal programs: 0, unique: 0)
Compiling shader "Hidden/Universal Render Pipeline/Edge Adaptive Spatial Upsampling"
  Pass "EASU" (vp)
    Target graphics API: gles3
    Full variant space:         2
    After settings filtering:   1
    After built-in stripping:   1
    After scriptable stripping: 1
    Processed in 0.00 seconds
  Pass EASU (vp, gles3) finished in 0.00 seconds. Local cache hits 1 (0.00s CPU time), remote cache hits 0 (0.00s CPU time), compiled 0 variants (0.00s CPU time), skipped 0 variants.
    Prepared data for serialisation in 0.00s
Serialized binary data for shader Hidden/Universal Render Pipeline/Edge Adaptive Spatial Upsampling in 0.00s
    gles3 (total internal programs: 1, unique: 1)
Compiling shader "Hidden/Universal/HDRDebugView"
  Pass "" (vp)
    Target graphics API: gles3
    Full variant space:         4
    After settings filtering:   1
    After built-in stripping:   1
    After scriptable stripping: 1
    Processed in 0.00 seconds
  Pass "" (vp)
    Target graphics API: gles3
    Full variant space:         4
    After settings filtering:   1
    After built-in stripping:   1
    After scriptable stripping: 1
    Processed in 0.00 seconds
  Pass  (vp, gles3) finished in 0.00 seconds. Local cache hits 1 (0.00s CPU time), remote cache hits 0 (0.00s CPU time), compiled 0 variants (0.00s CPU time), skipped 0 variants.
    Prepared data for serialisation in 0.00s
  Pass  (vp, gles3) finished in 0.00 seconds. Local cache hits 1 (0.00s CPU time), remote cache hits 0 (0.00s CPU time), compiled 0 variants (0.00s CPU time), skipped 0 variants.
    Prepared data for serialisation in 0.00s
Serialized binary data for shader Hidden/Universal/HDRDebugView in 0.00s
    gles3 (total internal programs: 2, unique: 2)
Compiling shader "Hidden/Universal Render Pipeline/GaussianDepthOfField"
  Pass "Gaussian Depth Of Field CoC" (vp)
    Target graphics API: gles3
    Full variant space:         1
    After settings filtering:   1
    After built-in stripping:   1
    After scriptable stripping: 1
    Processed in 0.00 seconds
  Pass "Gaussian Depth Of Field Prefilter" (vp)
    Target graphics API: gles3
    Full variant space:         4
    After settings filtering:   2
    After built-in stripping:   2
    After scriptable stripping: 2
    Processed in 0.00 seconds
  Pass "Gaussian Depth Of Field Blur Horizontal" (vp)
    Target graphics API: gles3
    Full variant space:         2
    After settings filtering:   1
    After built-in stripping:   1
    After scriptable stripping: 1
    Processed in 0.00 seconds
  Pass "Gaussian Depth Of Field Blur Vertical" (vp)
    Target graphics API: gles3
    Full variant space:         2
    After settings filtering:   1
    After built-in stripping:   1
    After scriptable stripping: 1
    Processed in 0.00 seconds
  Pass "Gaussian Depth Of Field Composite" (vp)
    Target graphics API: gles3
    Full variant space:         4
    After settings filtering:   2
    After built-in stripping:   2
    After scriptable stripping: 2
    Processed in 0.00 seconds
  Pass Gaussian Depth Of Field CoC (vp, gles3) finished in 0.00 seconds. Local cache hits 1 (0.00s CPU time), remote cache hits 0 (0.00s CPU time), compiled 0 variants (0.00s CPU time), skipped 0 variants.
    Prepared data for serialisation in 0.00s
  Pass Gaussian Depth Of Field Prefilter (vp, gles3) finished in 0.00 seconds. Local cache hits 2 (0.00s CPU time), remote cache hits 0 (0.00s CPU time), compiled 0 variants (0.00s CPU time), skipped 0 variants.
    Prepared data for serialisation in 0.00s
  Pass Gaussian Depth Of Field Blur Horizontal (vp, gles3) finished in 0.00 seconds. Local cache hits 1 (0.00s CPU time), remote cache hits 0 (0.00s CPU time), compiled 0 variants (0.00s CPU time), skipped 0 variants.
    Prepared data for serialisation in 0.00s
  Pass Gaussian Depth Of Field Blur Vertical (vp, gles3) finished in 0.00 seconds. Local cache hits 1 (0.00s CPU time), remote cache hits 0 (0.00s CPU time), compiled 0 variants (0.00s CPU time), skipped 0 variants.
    Prepared data for serialisation in 0.00s
  Pass Gaussian Depth Of Field Composite (vp, gles3) finished in 0.00 seconds. Local cache hits 2 (0.00s CPU time), remote cache hits 0 (0.00s CPU time), compiled 0 variants (0.00s CPU time), skipped 0 variants.
    Prepared data for serialisation in 0.00s
Serialized binary data for shader Hidden/Universal Render Pipeline/GaussianDepthOfField in 0.00s
    gles3 (total internal programs: 7, unique: 7)
Compiling shader "Hidden/Universal Render Pipeline/Bloom"
  Pass "Bloom Prefilter" (vp)
    Target graphics API: gles3
    Full variant space:         4
    After settings filtering:   2
    After built-in stripping:   2
    After scriptable stripping: 2
    Processed in 0.00 seconds
  Pass "Bloom Blur Horizontal" (vp)
    Target graphics API: gles3
    Full variant space:         1
    After settings filtering:   1
    After built-in stripping:   1
    After scriptable stripping: 1
    Processed in 0.00 seconds
  Pass "Bloom Blur Vertical" (vp)
    Target graphics API: gles3
    Full variant space:         1
    After settings filtering:   1
    After built-in stripping:   1
    After scriptable stripping: 1
    Processed in 0.00 seconds
  Pass "Bloom Upsample" (vp)
    Target graphics API: gles3
    Full variant space:         2
    After settings filtering:   2
    After built-in stripping:   2
    After scriptable stripping: 2
    Processed in 0.00 seconds
  Pass "Bloom Kawase" (vp)
    Target graphics API: gles3
    Full variant space:         1
    After settings filtering:   1
    After built-in stripping:   1
    After scriptable stripping: 1
    Processed in 0.00 seconds
  Pass "Bloom Dual Downsample" (vp)
    Target graphics API: gles3
    Full variant space:         1
    After settings filtering:   1
    After built-in stripping:   1
    After scriptable stripping: 1
    Processed in 0.00 seconds
  Pass "Bloom Dual Upsample" (vp)
    Target graphics API: gles3
    Full variant space:         1
    After settings filtering:   1
    After built-in stripping:   1
    After scriptable stripping: 1
    Processed in 0.00 seconds
  Pass Bloom Prefilter (vp, gles3) finished in 0.00 seconds. Local cache hits 2 (0.00s CPU time), remote cache hits 0 (0.00s CPU time), compiled 0 variants (0.00s CPU time), skipped 0 variants.
    Prepared data for serialisation in 0.00s
  Pass Bloom Blur Horizontal (vp, gles3) finished in 0.00 seconds. Local cache hits 1 (0.00s CPU time), remote cache hits 0 (0.00s CPU time), compiled 0 variants (0.00s CPU time), skipped 0 variants.
    Prepared data for serialisation in 0.00s
  Pass Bloom Blur Vertical (vp, gles3) finished in 0.00 seconds. Local cache hits 1 (0.00s CPU time), remote cache hits 0 (0.00s CPU time), compiled 0 variants (0.00s CPU time), skipped 0 variants.
    Prepared data for serialisation in 0.00s
  Pass Bloom Upsample (vp, gles3) finished in 0.00 seconds. Local cache hits 2 (0.00s CPU time), remote cache hits 0 (0.00s CPU time), compiled 0 variants (0.00s CPU time), skipped 0 variants.
    Prepared data for serialisation in 0.00s
  Pass Bloom Kawase (vp, gles3) finished in 0.00 seconds. Local cache hits 1 (0.00s CPU time), remote cache hits 0 (0.00s CPU time), compiled 0 variants (0.00s CPU time), skipped 0 variants.
    Prepared data for serialisation in 0.00s
  Pass Bloom Dual Downsample (vp, gles3) finished in 0.00 seconds. Local cache hits 1 (0.00s CPU time), remote cache hits 0 (0.00s CPU time), compiled 0 variants (0.00s CPU time), skipped 0 variants.
    Prepared data for serialisation in 0.00s
  Pass Bloom Dual Upsample (vp, gles3) finished in 0.00 seconds. Local cache hits 1 (0.00s CPU time), remote cache hits 0 (0.00s CPU time), compiled 0 variants (0.00s CPU time), skipped 0 variants.
    Prepared data for serialisation in 0.00s
Serialized binary data for shader Hidden/Universal Render Pipeline/Bloom in 0.00s
    gles3 (total internal programs: 9, unique: 9)
Compiling shader "Hidden/Core/VrsVisualization"
  Pass "VrsVisualization" (vp)
    Prepared data for serialisation in 0.00s
Serialized binary data for shader Hidden/Core/VrsVisualization in 0.00s
    gles3 (total internal programs: 0, unique: 0)
Compiling shader "Hidden/Universal Render Pipeline/SubpixelMorphologicalAntialiasing"
  Pass "" (vp)
    Target graphics API: gles3
    Full variant space:         3
    After settings filtering:   3
    After built-in stripping:   3
    After scriptable stripping: 3
    Processed in 0.00 seconds
  Pass "" (vp)
    Target graphics API: gles3
    Full variant space:         3
    After settings filtering:   3
    After built-in stripping:   3
    After scriptable stripping: 3
    Processed in 0.00 seconds
  Pass "" (vp)
    Target graphics API: gles3
    Full variant space:         3
    After settings filtering:   3
    After built-in stripping:   3
    After scriptable stripping: 3
    Processed in 0.00 seconds
  Pass  (vp, gles3) finished in 0.00 seconds. Local cache hits 3 (0.00s CPU time), remote cache hits 0 (0.00s CPU time), compiled 0 variants (0.00s CPU time), skipped 0 variants.
    Prepared data for serialisation in 0.00s
  Pass  (vp, gles3) finished in 0.00 seconds. Local cache hits 3 (0.00s CPU time), remote cache hits 0 (0.00s CPU time), compiled 0 variants (0.00s CPU time), skipped 0 variants.
    Prepared data for serialisation in 0.00s
  Pass  (vp, gles3) finished in 0.00 seconds. Local cache hits 3 (0.00s CPU time), remote cache hits 0 (0.00s CPU time), compiled 0 variants (0.00s CPU time), skipped 0 variants.
    Prepared data for serialisation in 0.00s
Serialized binary data for shader Hidden/Universal Render Pipeline/SubpixelMorphologicalAntialiasing in 0.00s
    gles3 (total internal programs: 9, unique: 9)
Compiling shader "Hidden/Universal Render Pipeline/LutBuilderLdr"
  Pass "LutBuilderLdr" (vp)
    Target graphics API: gles3
    Full variant space:         1
    After settings filtering:   1
    After built-in stripping:   1
    After scriptable stripping: 1
    Processed in 0.00 seconds
  Pass LutBuilderLdr (vp, gles3) finished in 0.00 seconds. Local cache hits 1 (0.00s CPU time), remote cache hits 0 (0.00s CPU time), compiled 0 variants (0.00s CPU time), skipped 0 variants.
    Prepared data for serialisation in 0.00s
Serialized binary data for shader Hidden/Universal Render Pipeline/LutBuilderLdr in 0.00s
    gles3 (total internal programs: 1, unique: 1)
Compiling shader "Hidden/Universal Render Pipeline/LensFlareDataDriven"
  Pass "LensFlareAdditive" (vp)
    Target graphics API: gles3
    Full variant space:         8
    After settings filtering:   8
    After built-in stripping:   8
    After scriptable stripping: 8
    Processed in 0.00 seconds
  Pass "LensFlareScreen" (vp)
    Target graphics API: gles3
    Full variant space:         8
    After settings filtering:   8
    After built-in stripping:   8
    After scriptable stripping: 8
    Processed in 0.00 seconds
  Pass "LensFlarePremultiply" (vp)
    Target graphics API: gles3
    Full variant space:         8
    After settings filtering:   8
    After built-in stripping:   8
    After scriptable stripping: 8
    Processed in 0.00 seconds
  Pass "LensFlareLerp" (vp)
    Target graphics API: gles3
    Full variant space:         8
    After settings filtering:   8
    After built-in stripping:   8
    After scriptable stripping: 8
    Processed in 0.00 seconds
  Pass "LensFlareOcclusion" (vp)
    Target graphics API: gles3
    Full variant space:         1
    After settings filtering:   1
    After built-in stripping:   1
    After scriptable stripping: 1
    Processed in 0.00 seconds
  Pass LensFlareAdditive (vp, gles3) finished in 0.00 seconds. Local cache hits 8 (0.00s CPU time), remote cache hits 0 (0.00s CPU time), compiled 0 variants (0.00s CPU time), skipped 0 variants.
    Prepared data for serialisation in 0.00s
  Pass LensFlareScreen (vp, gles3) finished in 0.00 seconds. Local cache hits 8 (0.00s CPU time), remote cache hits 0 (0.00s CPU time), compiled 0 variants (0.00s CPU time), skipped 0 variants.
    Prepared data for serialisation in 0.00s
  Pass LensFlarePremultiply (vp, gles3) finished in 0.00 seconds. Local cache hits 8 (0.00s CPU time), remote cache hits 0 (0.00s CPU time), compiled 0 variants (0.00s CPU time), skipped 0 variants.
    Prepared data for serialisation in 0.00s
  Pass LensFlareLerp (vp, gles3) finished in 0.00 seconds. Local cache hits 8 (0.00s CPU time), remote cache hits 0 (0.00s CPU time), compiled 0 variants (0.00s CPU time), skipped 0 variants.
    Prepared data for serialisation in 0.00s
  Pass LensFlareOcclusion (vp, gles3) finished in 0.00 seconds. Local cache hits 1 (0.00s CPU time), remote cache hits 0 (0.00s CPU time), compiled 0 variants (0.00s CPU time), skipped 0 variants.
    Prepared data for serialisation in 0.00s
Serialized binary data for shader Hidden/Universal Render Pipeline/LensFlareDataDriven in 0.00s
    gles3 (total internal programs: 33, unique: 17)
Compiling shader "Hidden/Universal Render Pipeline/LensFlareScreenSpace"
  Pass "LensFlareScreenSpac Prefilter" (vp)
    Target graphics API: gles3
    Full variant space:         1
    After settings filtering:   1
    After built-in stripping:   1
    After scriptable stripping: 1
    Processed in 0.00 seconds
  Pass "LensFlareScreenSpace Downsample" (vp)
    Target graphics API: gles3
    Full variant space:         1
    After settings filtering:   1
    After built-in stripping:   1
    After scriptable stripping: 1
    Processed in 0.00 seconds
  Pass "LensFlareScreenSpace Upsample" (vp)
    Target graphics API: gles3
    Full variant space:         1
    After settings filtering:   1
    After built-in stripping:   1
    After scriptable stripping: 1
    Processed in 0.00 seconds
  Pass "LensFlareScreenSpace Composition" (vp)
    Target graphics API: gles3
    Full variant space:         1
    After settings filtering:   1
    After built-in stripping:   1
    After scriptable stripping: 1
    Processed in 0.00 seconds
  Pass "LensFlareScreenSpace Write to BloomTexture" (vp)
    Target graphics API: gles3
    Full variant space:         1
    After settings filtering:   1
    After built-in stripping:   1
    After scriptable stripping: 1
    Processed in 0.00 seconds
  Pass LensFlareScreenSpac Prefilter (vp, gles3) finished in 0.00 seconds. Local cache hits 1 (0.00s CPU time), remote cache hits 0 (0.00s CPU time), compiled 0 variants (0.00s CPU time), skipped 0 variants.
    Prepared data for serialisation in 0.00s
  Pass LensFlareScreenSpace Downsample (vp, gles3) finished in 0.00 seconds. Local cache hits 1 (0.00s CPU time), remote cache hits 0 (0.00s CPU time), compiled 0 variants (0.00s CPU time), skipped 0 variants.
    Prepared data for serialisation in 0.00s
  Pass LensFlareScreenSpace Upsample (vp, gles3) finished in 0.00 seconds. Local cache hits 1 (0.00s CPU time), remote cache hits 0 (0.00s CPU time), compiled 0 variants (0.00s CPU time), skipped 0 variants.
    Prepared data for serialisation in 0.00s
  Pass LensFlareScreenSpace Composition (vp, gles3) finished in 0.00 seconds. Local cache hits 1 (0.00s CPU time), remote cache hits 0 (0.00s CPU time), compiled 0 variants (0.00s CPU time), skipped 0 variants.
    Prepared data for serialisation in 0.00s
  Pass LensFlareScreenSpace Write to BloomTexture (vp, gles3) finished in 0.00 seconds. Local cache hits 1 (0.00s CPU time), remote cache hits 0 (0.00s CPU time), compiled 0 variants (0.00s CPU time), skipped 0 variants.
    Prepared data for serialisation in 0.00s
Serialized binary data for shader Hidden/Universal Render Pipeline/LensFlareScreenSpace in 0.00s
    gles3 (total internal programs: 5, unique: 5)
Compiling shader "Hidden/Universal Render Pipeline/StencilDitherMaskSeed"
  Pass "StencilDitherMaskSeed" (vp)
    Target graphics API: gles3
    Full variant space:         1
    After settings filtering:   1
    After built-in stripping:   1
    After scriptable stripping: 1
    Processed in 0.00 seconds
  Pass StencilDitherMaskSeed (vp, gles3) finished in 0.00 seconds. Local cache hits 1 (0.00s CPU time), remote cache hits 0 (0.00s CPU time), compiled 0 variants (0.00s CPU time), skipped 0 variants.
    Prepared data for serialisation in 0.00s
Serialized binary data for shader Hidden/Universal Render Pipeline/StencilDitherMaskSeed in 0.00s
    gles3 (total internal programs: 1, unique: 1)
Compiling shader "Hidden/Universal/CoreBlit"
  Pass "Nearest" (vp)
    Target graphics API: gles3
    Full variant space:         1
    After settings filtering:   1
    After built-in stripping:   1
    After scriptable stripping: 1
    Processed in 0.00 seconds
  Pass "Bilinear" (vp)
    Target graphics API: gles3
    Full variant space:         1
    After settings filtering:   1
    After built-in stripping:   1
    After scriptable stripping: 1
    Processed in 0.00 seconds
  Pass "NearestQuad" (vp)
    Target graphics API: gles3
    Full variant space:         1
    After settings filtering:   1
    After built-in stripping:   1
    After scriptable stripping: 1
    Processed in 0.00 seconds
  Pass "BilinearQuad" (vp)
    Target graphics API: gles3
    Full variant space:         1
    After settings filtering:   1
    After built-in stripping:   1
    After scriptable stripping: 1
    Processed in 0.00 seconds
  Pass "NearestQuadPadding" (vp)
    Target graphics API: gles3
    Full variant space:         1
    After settings filtering:   1
    After built-in stripping:   1
    After scriptable stripping: 1
    Processed in 0.00 seconds
  Pass "BilinearQuadPadding" (vp)
    Target graphics API: gles3
    Full variant space:         1
    After settings filtering:   1
    After built-in stripping:   1
    After scriptable stripping: 1
    Processed in 0.00 seconds
  Pass "NearestQuadPaddingRepeat" (vp)
    Target graphics API: gles3
    Full variant space:         1
    After settings filtering:   1
    After built-in stripping:   1
    After scriptable stripping: 1
    Processed in 0.00 seconds
  Pass "BilinearQuadPaddingRepeat" (vp)
    Target graphics API: gles3
    Full variant space:         1
    After settings filtering:   1
    After built-in stripping:   1
    After scriptable stripping: 1
    Processed in 0.00 seconds
  Pass "BilinearQuadPaddingOctahedral" (vp)
    Target graphics API: gles3
    Full variant space:         1
    After settings filtering:   1
    After built-in stripping:   1
    After scriptable stripping: 1
    Processed in 0.00 seconds
  Pass "NearestQuadPaddingAlphaBlend" (vp)
    Target graphics API: gles3
    Full variant space:         1
    After settings filtering:   1
    After built-in stripping:   1
    After scriptable stripping: 1
    Processed in 0.00 seconds
  Pass "BilinearQuadPaddingAlphaBlend" (vp)
    Target graphics API: gles3
    Full variant space:         1
    After settings filtering:   1
    After built-in stripping:   1
    After scriptable stripping: 1
    Processed in 0.00 seconds
  Pass "NearestQuadPaddingAlphaBlendRepeat" (vp)
    Target graphics API: gles3
    Full variant space:         1
    After settings filtering:   1
    After built-in stripping:   1
    After scriptable stripping: 1
    Processed in 0.00 seconds
  Pass "BilinearQuadPaddingAlphaBlendRepeat" (vp)
    Target graphics API: gles3
    Full variant space:         1
    After settings filtering:   1
    After built-in stripping:   1
    After scriptable stripping: 1
    Processed in 0.00 seconds
  Pass "BilinearQuadPaddingAlphaBlendOctahedral" (vp)
    Target graphics API: gles3
    Full variant space:         1
    After settings filtering:   1
    After built-in stripping:   1
    After scriptable stripping: 1
    Processed in 0.00 seconds
  Pass "CubeToOctahedral" (vp)
    Target graphics API: gles3
    Full variant space:         1
    After settings filtering:   1
    After built-in stripping:   1
    After scriptable stripping: 1
    Processed in 0.00 seconds
  Pass "CubeToOctahedralLuminance" (vp)
    Target graphics API: gles3
    Full variant space:         1
    After settings filtering:   1
    After built-in stripping:   1
    After scriptable stripping: 1
    Processed in 0.00 seconds
  Pass "CubeToOctahedralAlpha" (vp)
    Target graphics API: gles3
    Full variant space:         1
    After settings filtering:   1
    After built-in stripping:   1
    After scriptable stripping: 1
    Processed in 0.00 seconds
  Pass "CubeToOctahedralRed" (vp)
    Target graphics API: gles3
    Full variant space:         1
    After settings filtering:   1
    After built-in stripping:   1
    After scriptable stripping: 1
    Processed in 0.00 seconds
  Pass "BilinearQuadLuminance" (vp)
    Target graphics API: gles3
    Full variant space:         1
    After settings filtering:   1
    After built-in stripping:   1
    After scriptable stripping: 1
    Processed in 0.00 seconds
  Pass "BilinearQuadAlpha" (vp)
    Target graphics API: gles3
    Full variant space:         1
    After settings filtering:   1
    After built-in stripping:   1
    After scriptable stripping: 1
    Processed in 0.00 seconds
  Pass "BilinearQuadRed" (vp)
    Target graphics API: gles3
    Full variant space:         1
    After settings filtering:   1
    After built-in stripping:   1
    After scriptable stripping: 1
    Processed in 0.00 seconds
  Pass "NearestCubeToOctahedralPadding" (vp)
    Target graphics API: gles3
    Full variant space:         2
    After settings filtering:   2
    After built-in stripping:   2
    After scriptable stripping: 2
    Processed in 0.00 seconds
  Pass "BilinearCubeToOctahedralPadding" (vp)
    Target graphics API: gles3
    Full variant space:         2
    After settings filtering:   2
    After built-in stripping:   2
    After scriptable stripping: 2
    Processed in 0.00 seconds
  Pass "BilinearDebugDraw" (vp)
    Target graphics API: gles3
    Full variant space:         4
    After settings filtering:   2
    After built-in stripping:   2
    After scriptable stripping: 2
    Processed in 0.00 seconds
  Pass "NearestDebugDraw" (vp)
    Target graphics API: gles3
    Full variant space:         4
    After settings filtering:   2
    After built-in stripping:   2
    After scriptable stripping: 2
    Processed in 0.00 seconds
  Pass Nearest (vp, gles3) finished in 0.01 seconds. Local cache hits 1 (0.00s CPU time), remote cache hits 0 (0.00s CPU time), compiled 0 variants (0.00s CPU time), skipped 0 variants.
    Prepared data for serialisation in 0.00s
  Pass Bilinear (vp, gles3) finished in 0.01 seconds. Local cache hits 1 (0.00s CPU time), remote cache hits 0 (0.00s CPU time), compiled 0 variants (0.00s CPU time), skipped 0 variants.
    Prepared data for serialisation in 0.00s
  Pass NearestQuad (vp, gles3) finished in 0.01 seconds. Local cache hits 1 (0.00s CPU time), remote cache hits 0 (0.00s CPU time), compiled 0 variants (0.00s CPU time), skipped 0 variants.
    Prepared data for serialisation in 0.00s
  Pass BilinearQuad (vp, gles3) finished in 0.01 seconds. Local cache hits 1 (0.00s CPU time), remote cache hits 0 (0.00s CPU time), compiled 0 variants (0.00s CPU time), skipped 0 variants.
    Prepared data for serialisation in 0.00s
  Pass NearestQuadPadding (vp, gles3) finished in 0.01 seconds. Local cache hits 1 (0.00s CPU time), remote cache hits 0 (0.00s CPU time), compiled 0 variants (0.00s CPU time), skipped 0 variants.
    Prepared data for serialisation in 0.00s
  Pass BilinearQuadPadding (vp, gles3) finished in 0.00 seconds. Local cache hits 1 (0.00s CPU time), remote cache hits 0 (0.00s CPU time), compiled 0 variants (0.00s CPU time), skipped 0 variants.
    Prepared data for serialisation in 0.00s
  Pass NearestQuadPaddingRepeat (vp, gles3) finished in 0.00 seconds. Local cache hits 1 (0.00s CPU time), remote cache hits 0 (0.00s CPU time), compiled 0 variants (0.00s CPU time), skipped 0 variants.
    Prepared data for serialisation in 0.00s
  Pass BilinearQuadPaddingRepeat (vp, gles3) finished in 0.00 seconds. Local cache hits 1 (0.00s CPU time), remote cache hits 0 (0.00s CPU time), compiled 0 variants (0.00s CPU time), skipped 0 variants.
    Prepared data for serialisation in 0.00s
  Pass BilinearQuadPaddingOctahedral (vp, gles3) finished in 0.00 seconds. Local cache hits 1 (0.00s CPU time), remote cache hits 0 (0.00s CPU time), compiled 0 variants (0.00s CPU time), skipped 0 variants.
    Prepared data for serialisation in 0.00s
  Pass NearestQuadPaddingAlphaBlend (vp, gles3) finished in 0.00 seconds. Local cache hits 1 (0.00s CPU time), remote cache hits 0 (0.00s CPU time), compiled 0 variants (0.00s CPU time), skipped 0 variants.
    Prepared data for serialisation in 0.00s
  Pass BilinearQuadPaddingAlphaBlend (vp, gles3) finished in 0.00 seconds. Local cache hits 1 (0.00s CPU time), remote cache hits 0 (0.00s CPU time), compiled 0 variants (0.00s CPU time), skipped 0 variants.
    Prepared data for serialisation in 0.00s
  Pass NearestQuadPaddingAlphaBlendRepeat (vp, gles3) finished in 0.00 seconds. Local cache hits 1 (0.00s CPU time), remote cache hits 0 (0.00s CPU time), compiled 0 variants (0.00s CPU time), skipped 0 variants.
    Prepared data for serialisation in 0.00s
  Pass BilinearQuadPaddingAlphaBlendRepeat (vp, gles3) finished in 0.00 seconds. Local cache hits 1 (0.00s CPU time), remote cache hits 0 (0.00s CPU time), compiled 0 variants (0.00s CPU time), skipped 0 variants.
    Prepared data for serialisation in 0.00s
  Pass BilinearQuadPaddingAlphaBlendOctahedral (vp, gles3) finished in 0.00 seconds. Local cache hits 1 (0.00s CPU time), remote cache hits 0 (0.00s CPU time), compiled 0 variants (0.00s CPU time), skipped 0 variants.
    Prepared data for serialisation in 0.00s
  Pass CubeToOctahedral (vp, gles3) finished in 0.00 seconds. Local cache hits 1 (0.00s CPU time), remote cache hits 0 (0.00s CPU time), compiled 0 variants (0.00s CPU time), skipped 0 variants.
    Prepared data for serialisation in 0.00s
  Pass CubeToOctahedralLuminance (vp, gles3) finished in 0.00 seconds. Local cache hits 1 (0.00s CPU time), remote cache hits 0 (0.00s CPU time), compiled 0 variants (0.00s CPU time), skipped 0 variants.
    Prepared data for serialisation in 0.00s
  Pass CubeToOctahedralAlpha (vp, gles3) finished in 0.00 seconds. Local cache hits 1 (0.00s CPU time), remote cache hits 0 (0.00s CPU time), compiled 0 variants (0.00s CPU time), skipped 0 variants.
    Prepared data for serialisation in 0.00s
  Pass CubeToOctahedralRed (vp, gles3) finished in 0.00 seconds. Local cache hits 1 (0.00s CPU time), remote cache hits 0 (0.00s CPU time), compiled 0 variants (0.00s CPU time), skipped 0 variants.
    Prepared data for serialisation in 0.00s
  Pass BilinearQuadLuminance (vp, gles3) finished in 0.00 seconds. Local cache hits 1 (0.00s CPU time), remote cache hits 0 (0.00s CPU time), compiled 0 variants (0.00s CPU time), skipped 0 variants.
    Prepared data for serialisation in 0.00s
  Pass BilinearQuadAlpha (vp, gles3) finished in 0.00 seconds. Local cache hits 1 (0.00s CPU time), remote cache hits 0 (0.00s CPU time), compiled 0 variants (0.00s CPU time), skipped 0 variants.
    Prepared data for serialisation in 0.00s
  Pass BilinearQuadRed (vp, gles3) finished in 0.00 seconds. Local cache hits 1 (0.00s CPU time), remote cache hits 0 (0.00s CPU time), compiled 0 variants (0.00s CPU time), skipped 0 variants.
    Prepared data for serialisation in 0.00s
  Pass NearestCubeToOctahedralPadding (vp, gles3) finished in 0.00 seconds. Local cache hits 2 (0.00s CPU time), remote cache hits 0 (0.00s CPU time), compiled 0 variants (0.00s CPU time), skipped 0 variants.
    Prepared data for serialisation in 0.00s
  Pass BilinearCubeToOctahedralPadding (vp, gles3) finished in 0.00 seconds. Local cache hits 2 (0.00s CPU time), remote cache hits 0 (0.00s CPU time), compiled 0 variants (0.00s CPU time), skipped 0 variants.
    Prepared data for serialisation in 0.00s
  Pass BilinearDebugDraw (vp, gles3) finished in 0.00 seconds. Local cache hits 2 (0.00s CPU time), remote cache hits 0 (0.00s CPU time), compiled 0 variants (0.00s CPU time), skipped 0 variants.
    Prepared data for serialisation in 0.00s
  Pass NearestDebugDraw (vp, gles3) finished in 0.00 seconds. Local cache hits 2 (0.00s CPU time), remote cache hits 0 (0.00s CPU time), compiled 0 variants (0.00s CPU time), skipped 0 variants.
    Prepared data for serialisation in 0.00s
Serialized binary data for shader Hidden/Universal/CoreBlit in 0.00s
    gles3 (total internal programs: 29, unique: 15)
Compiling shader "Hidden/Universal Render Pipeline/TemporalAA"
  Pass "TemporalAA - Accumulate - Quality Very Low" (vp)
    Target graphics API: gles3
    Full variant space:         2
    After settings filtering:   1
    After built-in stripping:   1
    After scriptable stripping: 1
    Processed in 0.00 seconds
  Pass "TemporalAA - Accumulate - Quality Low" (vp)
    Target graphics API: gles3
    Full variant space:         2
    After settings filtering:   1
    After built-in stripping:   1
    After scriptable stripping: 1
    Processed in 0.00 seconds
  Pass "TemporalAA - Accumulate - Quality Medium" (vp)
    Target graphics API: gles3
    Full variant space:         2
    After settings filtering:   1
    After built-in stripping:   1
    After scriptable stripping: 1
    Processed in 0.00 seconds
  Pass "TemporalAA - Accumulate - Quality High" (vp)
    Target graphics API: gles3
    Full variant space:         2
    After settings filtering:   1
    After built-in stripping:   1
    After scriptable stripping: 1
    Processed in 0.00 seconds
  Pass "TemporalAA - Accumulate - Quality Very High" (vp)
    Target graphics API: gles3
    Full variant space:         4
    After settings filtering:   2
    After built-in stripping:   2
    After scriptable stripping: 2
    Processed in 0.00 seconds
  Pass "TemporalAA - Copy History" (vp)
    Target graphics API: gles3
    Full variant space:         2
    After settings filtering:   1
    After built-in stripping:   1
    After scriptable stripping: 1
    Processed in 0.00 seconds
  Pass TemporalAA - Accumulate - Quality Very Low (vp, gles3) finished in 0.00 seconds. Local cache hits 1 (0.00s CPU time), remote cache hits 0 (0.00s CPU time), compiled 0 variants (0.00s CPU time), skipped 0 variants.
    Prepared data for serialisation in 0.00s
  Pass TemporalAA - Accumulate - Quality Low (vp, gles3) finished in 0.00 seconds. Local cache hits 1 (0.00s CPU time), remote cache hits 0 (0.00s CPU time), compiled 0 variants (0.00s CPU time), skipped 0 variants.
    Prepared data for serialisation in 0.00s
  Pass TemporalAA - Accumulate - Quality Medium (vp, gles3) finished in 0.00 seconds. Local cache hits 1 (0.00s CPU time), remote cache hits 0 (0.00s CPU time), compiled 0 variants (0.00s CPU time), skipped 0 variants.
    Prepared data for serialisation in 0.00s
  Pass TemporalAA - Accumulate - Quality High (vp, gles3) finished in 0.00 seconds. Local cache hits 1 (0.00s CPU time), remote cache hits 0 (0.00s CPU time), compiled 0 variants (0.00s CPU time), skipped 0 variants.
    Prepared data for serialisation in 0.00s
  Pass TemporalAA - Accumulate - Quality Very High (vp, gles3) finished in 0.00 seconds. Local cache hits 2 (0.00s CPU time), remote cache hits 0 (0.00s CPU time), compiled 0 variants (0.00s CPU time), skipped 0 variants.
    Prepared data for serialisation in 0.00s
  Pass TemporalAA - Copy History (vp, gles3) finished in 0.00 seconds. Local cache hits 1 (0.00s CPU time), remote cache hits 0 (0.00s CPU time), compiled 0 variants (0.00s CPU time), skipped 0 variants.
    Prepared data for serialisation in 0.00s
Serialized binary data for shader Hidden/Universal Render Pipeline/TemporalAA in 0.00s
    gles3 (total internal programs: 7, unique: 7)
Compiling shader "Hidden/Universal Render Pipeline/PaniniProjection"
  Pass "Panini Projection" (vp)
    Target graphics API: gles3
    Full variant space:         2
    After settings filtering:   2
    After built-in stripping:   2
    After scriptable stripping: 2
    Processed in 0.00 seconds
  Pass Panini Projection (vp, gles3) finished in 0.00 seconds. Local cache hits 2 (0.00s CPU time), remote cache hits 0 (0.00s CPU time), compiled 0 variants (0.00s CPU time), skipped 0 variants.
    Prepared data for serialisation in 0.00s
Serialized binary data for shader Hidden/Universal Render Pipeline/PaniniProjection in 0.00s
    gles3 (total internal programs: 2, unique: 2)
Compiling shader "Hidden/Universal/BlitHDROverlay"
  Pass "BilinearDebugDraw" (vp)
    Target graphics API: gles3
    Full variant space:         8
    After settings filtering:   1
    After built-in stripping:   1
    After scriptable stripping: 0
    Processed in 0.00 seconds
  Pass "NearestDebugDraw" (vp)
    Target graphics API: gles3
    Full variant space:         8
    After settings filtering:   1
    After built-in stripping:   1
    After scriptable stripping: 0
    Processed in 0.00 seconds
Serialized binary data for shader Hidden/Universal/BlitHDROverlay in 0.00s
    gles3 (total internal programs: 0, unique: 0)
Compiling shader "Hidden/Universal Render Pipeline/FinalPost"
  Pass "FinalPost" (vp)
    Target graphics API: gles3
    Full variant space:         2.560
    After settings filtering:   64
    After built-in stripping:   64
    After scriptable stripping: 48
    Processed in 0.00 seconds
  Pass "FinalPostXR" (vp)
    Target graphics API: gles3
    Full variant space:         2.560
    After settings filtering:   64
    After built-in stripping:   64
    After scriptable stripping: 0
    Processed in 0.00 seconds
  Pass "FinalPost" (vp)
    Target graphics API: gles3
    Full variant space:         2.560
    After settings filtering:   64
    After built-in stripping:   64
    After scriptable stripping: 48
    Processed in 0.00 seconds
  Pass "FinalPostXR" (vp)
    Target graphics API: gles3
    Full variant space:         2.560
    After settings filtering:   64
    After built-in stripping:   64
    After scriptable stripping: 0
    Processed in 0.00 seconds
  Pass FinalPost (vp, gles3) finished in 0.00 seconds. Local cache hits 48 (0.01s CPU time), remote cache hits 0 (0.00s CPU time), compiled 0 variants (0.00s CPU time), skipped 0 variants.
    Prepared data for serialisation in 0.00s
  Pass FinalPost (vp, gles3) finished in 0.00 seconds. Local cache hits 48 (0.01s CPU time), remote cache hits 0 (0.00s CPU time), compiled 0 variants (0.00s CPU time), skipped 0 variants.
    Prepared data for serialisation in 0.00s
Serialized binary data for shader Hidden/Universal Render Pipeline/FinalPost in 0.00s
    gles3 (total internal programs: 96, unique: 96)
Compiling shader "Hidden/Universal Render Pipeline/CameraMotionVectors"
  Pass "Camera Motion Vectors" (vp)
    Target graphics API: gles3
    Full variant space:         1
    After settings filtering:   1
    After built-in stripping:   1
    After scriptable stripping: 1
    Processed in 0.00 seconds
  Pass Camera Motion Vectors (vp, gles3) finished in 0.00 seconds. Local cache hits 1 (0.00s CPU time), remote cache hits 0 (0.00s CPU time), compiled 0 variants (0.00s CPU time), skipped 0 variants.
    Prepared data for serialisation in 0.00s
Serialized binary data for shader Hidden/Universal Render Pipeline/CameraMotionVectors in 0.00s
    gles3 (total internal programs: 1, unique: 1)
Compiling shader "Hidden/Universal Render Pipeline/Debug/DebugReplacement"
  Pass "Vertex Attributes" (vp)
    Target graphics API: gles3
    Full variant space:         2
    After settings filtering:   2
    After built-in stripping:   1
    After scriptable stripping: 1
    Processed in 0.00 seconds
  Pass Vertex Attributes (vp, gles3) finished in 0.00 seconds. Local cache hits 1 (0.00s CPU time), remote cache hits 0 (0.00s CPU time), compiled 0 variants (0.00s CPU time), skipped 0 variants.
    Prepared data for serialisation in 0.00s
Serialized binary data for shader Hidden/Universal Render Pipeline/Debug/DebugReplacement in 0.00s
    gles3 (total internal programs: 1, unique: 1)
Compiling shader "Hidden/Universal/CoreBlitColorAndDepth"
  Pass "ColorOnly" (vp)
    Target graphics API: gles3
    Full variant space:         4
    After settings filtering:   4
    After built-in stripping:   4
    After scriptable stripping: 4
    Processed in 0.00 seconds
  Pass "ColorAndDepth" (vp)
    Target graphics API: gles3
    Full variant space:         4
    After settings filtering:   4
    After built-in stripping:   4
    After scriptable stripping: 4
    Processed in 0.00 seconds
  Pass "DepthOnly" (vp)
    Target graphics API: gles3
    Full variant space:         4
    After settings filtering:   4
    After built-in stripping:   4
    After scriptable stripping: 4
    Processed in 0.00 seconds
  Pass ColorOnly (vp, gles3) finished in 0.00 seconds. Local cache hits 4 (0.00s CPU time), remote cache hits 0 (0.00s CPU time), compiled 0 variants (0.00s CPU time), skipped 0 variants.
    Prepared data for serialisation in 0.00s
  Pass ColorAndDepth (vp, gles3) finished in 0.00 seconds. Local cache hits 4 (0.00s CPU time), remote cache hits 0 (0.00s CPU time), compiled 0 variants (0.00s CPU time), skipped 0 variants.
    Prepared data for serialisation in 0.00s
  Pass DepthOnly (vp, gles3) finished in 0.00 seconds. Local cache hits 4 (0.00s CPU time), remote cache hits 0 (0.00s CPU time), compiled 0 variants (0.00s CPU time), skipped 0 variants.
    Prepared data for serialisation in 0.00s
Serialized binary data for shader Hidden/Universal/CoreBlitColorAndDepth in 0.00s
    gles3 (total internal programs: 12, unique: 12)
Compiling shader "Hidden/Universal Render Pipeline/XR/XRMirrorView"
  Pass "" (vp)
    Target graphics API: gles3
    Full variant space:         4
    After settings filtering:   2
    After built-in stripping:   2
    After scriptable stripping: 0
    Processed in 0.00 seconds
Serialized binary data for shader Hidden/Universal Render Pipeline/XR/XRMirrorView in 0.00s
    gles3 (total internal programs: 0, unique: 0)
Compiling shader "Hidden/Universal Render Pipeline/CopyDepth"
  Pass "CopyDepth" (vp)
    Target graphics API: gles3
    Full variant space:         8
    After settings filtering:   8
    After built-in stripping:   8
    After scriptable stripping: 8
    Processed in 0.00 seconds
  Pass CopyDepth (vp, gles3) finished in 0.00 seconds. Local cache hits 8 (0.00s CPU time), remote cache hits 0 (0.00s CPU time), compiled 0 variants (0.00s CPU time), skipped 0 variants.
    Prepared data for serialisation in 0.00s
Serialized binary data for shader Hidden/Universal Render Pipeline/CopyDepth in 0.00s
    gles3 (total internal programs: 8, unique: 8)
Compiling shader "Hidden/TerrainEngine/Details/UniversalPipeline/WavingDoublePass"
  Pass "ForwardLit" (vp)
    Target graphics API: gles3
    Full variant space:         35.389.440
    After settings filtering:   1.536
    After built-in stripping:   12
    After scriptable stripping: 4
    Processed in 0.00 seconds
  Pass "GBuffer" (vp)
  Pass "DepthOnly" (vp)
    Target graphics API: gles3
    Full variant space:         2
    After settings filtering:   2
    After built-in stripping:   1
    After scriptable stripping: 1
    Processed in 0.00 seconds
  Pass "DepthNormalsOnly" (vp)
    Target graphics API: gles3
    Full variant space:         8
    After settings filtering:   2
    After built-in stripping:   1
    After scriptable stripping: 1
    Processed in 0.00 seconds
  Pass ForwardLit (vp, gles3) finished in 0.35 seconds. Local cache hits 0 (0.00s CPU time), remote cache hits 0 (0.00s CPU time), compiled 4 variants (1.22s CPU time), skipped 0 variants.
    Prepared data for serialisation in 0.00s
    Prepared data for serialisation in 0.00s
  Pass DepthOnly (vp, gles3) finished in 0.35 seconds. Local cache hits 1 (0.00s CPU time), remote cache hits 0 (0.00s CPU time), compiled 0 variants (0.00s CPU time), skipped 0 variants.
    Prepared data for serialisation in 0.00s
  Pass DepthNormalsOnly (vp, gles3) finished in 0.35 seconds. Local cache hits 1 (0.00s CPU time), remote cache hits 0 (0.00s CPU time), compiled 0 variants (0.00s CPU time), skipped 0 variants.
    Prepared data for serialisation in 0.00s
Serialized binary data for shader Hidden/TerrainEngine/Details/UniversalPipeline/WavingDoublePass in 0.00s
    gles3 (total internal programs: 6, unique: 6)
Compiling shader "Hidden/Universal Render Pipeline/FallbackError"
  Pass "" (vp)
    Target graphics API: gles3
    Full variant space:         6
    After settings filtering:   6
    After built-in stripping:   1
    After scriptable stripping: 1
    Processed in 0.00 seconds
  Pass  (vp, gles3) finished in 0.00 seconds. Local cache hits 1 (0.00s CPU time), remote cache hits 0 (0.00s CPU time), compiled 0 variants (0.00s CPU time), skipped 0 variants.
    Prepared data for serialisation in 0.00s
Serialized binary data for shader Hidden/Universal Render Pipeline/FallbackError in 0.00s
    gles3 (total internal programs: 1, unique: 1)
Compiling shader "Hidden/Universal Render Pipeline/UberPost"
  Pass "UberPost" (vp)
    Target graphics API: gles3
    Full variant space:         46.080
    After settings filtering:   960
    After built-in stripping:   960
    After scriptable stripping: 432
    Processed in 0.00 seconds
  Pass "UberPostXR" (vp)
    Target graphics API: gles3
    Full variant space:         46.080
    After settings filtering:   960
    After built-in stripping:   960
    After scriptable stripping: 0
    Processed in 0.00 seconds
  Pass UberPost (vp, gles3) finished in 9.32 seconds. Local cache hits 0 (0.00s CPU time), remote cache hits 0 (0.00s CPU time), compiled 432 variants (74.07s CPU time), skipped 0 variants.
    Prepared data for serialisation in 0.01s
Serialized binary data for shader Hidden/Universal Render Pipeline/UberPost in 0.00s
    gles3 (total internal programs: 432, unique: 432)
Compressed shader 'Hidden/Universal Render Pipeline/UberPost' on gles3 from 5.53MB to 0.10MB
Compressed shader 'Hidden/Universal Render Pipeline/UberPost' in 0.02s
Compiling shader "Hidden/Universal Render Pipeline/Scaling Setup"
  Pass "ScalingSetup" (vp)
    Target graphics API: gles3
    Full variant space:         12
    After settings filtering:   6
    After built-in stripping:   6
    After scriptable stripping: 4
    Processed in 0.00 seconds
  Pass ScalingSetup (vp, gles3) finished in 0.00 seconds. Local cache hits 4 (0.00s CPU time), remote cache hits 0 (0.00s CPU time), compiled 0 variants (0.00s CPU time), skipped 0 variants.
    Prepared data for serialisation in 0.00s
Serialized binary data for shader Hidden/Universal Render Pipeline/Scaling Setup in 0.00s
    gles3 (total internal programs: 4, unique: 4)
Compiling shader "Hidden/Universal Render Pipeline/StencilDeferred"
  Pass "Stencil Volume" (vp)
  Pass "Deferred Punctual Light (Lit)" (vp)
  Pass "Deferred Punctual Light (SimpleLit)" (vp)
  Pass "Deferred Directional Light (Lit)" (vp)
  Pass "Deferred Directional Light (SimpleLit)" (vp)
  Pass "Fog" (vp)
  Pass "SSAOOnly" (vp)
    Prepared data for serialisation in 0.00s
    Prepared data for serialisation in 0.00s
    Prepared data for serialisation in 0.00s
    Prepared data for serialisation in 0.00s
    Prepared data for serialisation in 0.00s
    Prepared data for serialisation in 0.00s
    Prepared data for serialisation in 0.00s
Serialized binary data for shader Hidden/Universal Render Pipeline/StencilDeferred in 0.00s
    gles3 (total internal programs: 0, unique: 0)
Compiling shader "Hidden/Universal Render Pipeline/LutBuilderHdr"
  Pass "LutBuilderHdr" (vp)
    Target graphics API: gles3
    Full variant space:         6
    After settings filtering:   3
    After built-in stripping:   3
    After scriptable stripping: 3
    Processed in 0.00 seconds
  Pass LutBuilderHdr (vp, gles3) finished in 0.00 seconds. Local cache hits 3 (0.00s CPU time), remote cache hits 0 (0.00s CPU time), compiled 0 variants (0.00s CPU time), skipped 0 variants.
    Prepared data for serialisation in 0.00s
Serialized binary data for shader Hidden/Universal Render Pipeline/LutBuilderHdr in 0.00s
    gles3 (total internal programs: 3, unique: 3)
Compiling shader "Hidden/Universal Render Pipeline/DBufferClear"
  Pass "DBufferClear" (vp)
    Target graphics API: gles3
    Full variant space:         3
    After settings filtering:   1
    After built-in stripping:   1
    After scriptable stripping: 0
    Processed in 0.00 seconds
Serialized binary data for shader Hidden/Universal Render Pipeline/DBufferClear in 0.00s
    gles3 (total internal programs: 0, unique: 0)
Compiling shader "Hidden/TerrainEngine/Details/UniversalPipeline/Vertexlit"
  Pass "TerrainDetailVertex" (vp)
    Target graphics API: gles3
    Full variant space:         1.474.560
    After settings filtering:   256
    After built-in stripping:   4
    After scriptable stripping: 4
    Processed in 0.00 seconds
  Pass "TerrainDetailVertex - GBuffer" (vp)
    Target graphics API: gles3
    Full variant space:         15.360
    After settings filtering:   32
    After built-in stripping:   8
    After scriptable stripping: 4
    Processed in 0.00 seconds
  Pass "DepthOnly" (vp)
    Target graphics API: gles3
    Full variant space:         2
    After settings filtering:   2
    After built-in stripping:   1
    After scriptable stripping: 1
    Processed in 0.00 seconds
  Pass "DepthNormals" (vp)
    Target graphics API: gles3
    Full variant space:         2
    After settings filtering:   2
    After built-in stripping:   1
    After scriptable stripping: 1
    Processed in 0.00 seconds
  Pass TerrainDetailVertex (vp, gles3) finished in 0.16 seconds. Local cache hits 0 (0.00s CPU time), remote cache hits 0 (0.00s CPU time), compiled 4 variants (0.59s CPU time), skipped 0 variants.
    Prepared data for serialisation in 0.00s
  Pass TerrainDetailVertex - GBuffer (vp, gles3) finished in 0.16 seconds. Local cache hits 4 (0.00s CPU time), remote cache hits 0 (0.00s CPU time), compiled 0 variants (0.00s CPU time), skipped 0 variants.
    Prepared data for serialisation in 0.00s
  Pass DepthOnly (vp, gles3) finished in 0.16 seconds. Local cache hits 1 (0.00s CPU time), remote cache hits 0 (0.00s CPU time), compiled 0 variants (0.00s CPU time), skipped 0 variants.
    Prepared data for serialisation in 0.00s
  Pass DepthNormals (vp, gles3) finished in 0.16 seconds. Local cache hits 1 (0.00s CPU time), remote cache hits 0 (0.00s CPU time), compiled 0 variants (0.00s CPU time), skipped 0 variants.
    Prepared data for serialisation in 0.00s
Serialized binary data for shader Hidden/TerrainEngine/Details/UniversalPipeline/Vertexlit in 0.00s
    gles3 (total internal programs: 10, unique: 10)
Compiling shader "Hidden/Universal Render Pipeline/XR/XRMotionVector"
  Pass "XR Camera MotionVectors" (vp)
    Target graphics API: gles3
    Full variant space:         1
    After settings filtering:   1
    After built-in stripping:   1
    After scriptable stripping: 0
    Processed in 0.00 seconds
Serialized binary data for shader Hidden/Universal Render Pipeline/XR/XRMotionVector in 0.00s
    gles3 (total internal programs: 0, unique: 0)
Compiling compute shader "ProbeVolumeSamplingDebugPositionNormal"
    starting stripping...
    finished in 0.00 seconds. 1 of 1 variants left
    1 variants, starting compilation...
    finished in 0.00 seconds. Local cache hits 1, remote cache hits 0, compiled 0 variants
Compute shader "VrsTexture" is empty
Compiling shader "Skybox/Procedural"
  Pass "" (vp)
    Target graphics API: gles3
    Full variant space:         3
    After settings filtering:   3
    After built-in stripping:   3
    After scriptable stripping: 3
    Processed in 0.00 seconds
  Pass  (vp, gles3) finished in 0.00 seconds. Local cache hits 3 (0.00s CPU time), remote cache hits 0 (0.00s CPU time), compiled 0 variants (0.00s CPU time), skipped 0 variants.
    Prepared data for serialisation in 0.00s
Serialized binary data for shader Skybox/Procedural in 0.00s
    gles3 (total internal programs: 3, unique: 3)
Compiling shader "Legacy Shaders/VertexLit"
  Pass "" (vp)
    Target graphics API: gles3
    Full variant space:         12
    After settings filtering:   12
    After built-in stripping:   3
    After scriptable stripping: 3
    Processed in 0.00 seconds
  Pass "" (vp)
    Target graphics API: gles3
    Full variant space:         4
    After settings filtering:   4
    After built-in stripping:   1
    After scriptable stripping: 1
    Processed in 0.00 seconds
  Pass "ShadowCaster" (vp)
    Target graphics API: gles3
    Full variant space:         4
    After settings filtering:   4
    After built-in stripping:   2
    After scriptable stripping: 2
    Processed in 0.00 seconds
  Pass  (vp, gles3) finished in 0.00 seconds. Local cache hits 3 (0.00s CPU time), remote cache hits 0 (0.00s CPU time), compiled 0 variants (0.00s CPU time), skipped 0 variants.
    Prepared data for serialisation in 0.00s
  Pass  (vp, gles3) finished in 0.00 seconds. Local cache hits 1 (0.00s CPU time), remote cache hits 0 (0.00s CPU time), compiled 0 variants (0.00s CPU time), skipped 0 variants.
    Prepared data for serialisation in 0.00s
  Pass ShadowCaster (vp, gles3) finished in 0.00 seconds. Local cache hits 2 (0.00s CPU time), remote cache hits 0 (0.00s CPU time), compiled 0 variants (0.00s CPU time), skipped 0 variants.
    Prepared data for serialisation in 0.00s
Serialized binary data for shader Legacy Shaders/VertexLit in 0.00s
    gles3 (total internal programs: 6, unique: 6)
Compiling shader "Legacy Shaders/Diffuse"
  Pass "FORWARD" (vp)
    Target graphics API: gles3
    Full variant space:         664
    After settings filtering:   664
    After built-in stripping:   8
    After scriptable stripping: 8
    Processed in 0.00 seconds
  Pass "FORWARD" (vp)
    Target graphics API: gles3
    Full variant space:         20
    After settings filtering:   20
    After built-in stripping:   5
    After scriptable stripping: 5
    Processed in 0.00 seconds
  Pass "DEFERRED" (vp)
    Target graphics API: gles3
    Full variant space:         76
    After settings filtering:   76
    After built-in stripping:   4
    After scriptable stripping: 4
    Processed in 0.00 seconds
  Pass FORWARD (vp, gles3) finished in 0.00 seconds. Local cache hits 8 (0.00s CPU time), remote cache hits 0 (0.00s CPU time), compiled 0 variants (0.00s CPU time), skipped 0 variants.
    Prepared data for serialisation in 0.00s
  Pass FORWARD (vp, gles3) finished in 0.00 seconds. Local cache hits 5 (0.00s CPU time), remote cache hits 0 (0.00s CPU time), compiled 0 variants (0.00s CPU time), skipped 0 variants.
    Prepared data for serialisation in 0.00s
  Pass DEFERRED (vp, gles3) finished in 0.00 seconds. Local cache hits 4 (0.00s CPU time), remote cache hits 0 (0.00s CPU time), compiled 0 variants (0.00s CPU time), skipped 0 variants.
    Prepared data for serialisation in 0.00s
Serialized binary data for shader Legacy Shaders/Diffuse in 0.00s
    gles3 (total internal programs: 17, unique: 17)
Compiling shader "Hidden/Internal-StencilWrite"
  Pass "" (vp)
    Target graphics API: gles3
    Full variant space:         1
    After settings filtering:   1
    After built-in stripping:   1
    After scriptable stripping: 1
    Processed in 0.00 seconds
  Pass  (vp, gles3) finished in 0.00 seconds. Local cache hits 1 (0.00s CPU time), remote cache hits 0 (0.00s CPU time), compiled 0 variants (0.00s CPU time), skipped 0 variants.
    Prepared data for serialisation in 0.00s
Serialized binary data for shader Hidden/Internal-StencilWrite in 0.00s
    gles3 (total internal programs: 1, unique: 1)
Compiling shader "Hidden/Internal-DepthNormalsTexture"
  Pass "" (vp)
    Target graphics API: gles3
    Full variant space:         1
    After settings filtering:   1
    After built-in stripping:   1
    After scriptable stripping: 1
    Processed in 0.00 seconds
  Pass "" (vp)
    Target graphics API: gles3
    Full variant space:         1
    After settings filtering:   1
    After built-in stripping:   1
    After scriptable stripping: 1
    Processed in 0.00 seconds
  Pass "" (vp)
    Target graphics API: gles3
    Full variant space:         1
    After settings filtering:   1
    After built-in stripping:   1
    After scriptable stripping: 1
    Processed in 0.00 seconds
  Pass "" (vp)
    Target graphics API: gles3
    Full variant space:         1
    After settings filtering:   1
    After built-in stripping:   1
    After scriptable stripping: 1
    Processed in 0.00 seconds
  Pass "" (vp)
    Target graphics API: gles3
    Full variant space:         1
    After settings filtering:   1
    After built-in stripping:   1
    After scriptable stripping: 1
    Processed in 0.00 seconds
  Pass "" (vp)
    Target graphics API: gles3
    Full variant space:         1
    After settings filtering:   1
    After built-in stripping:   1
    After scriptable stripping: 1
    Processed in 0.00 seconds
  Pass "" (vp)
    Target graphics API: gles3
    Full variant space:         1
    After settings filtering:   1
    After built-in stripping:   1
    After scriptable stripping: 1
    Processed in 0.00 seconds
  Pass "" (vp)
    Target graphics API: gles3
    Full variant space:         1
    After settings filtering:   1
    After built-in stripping:   1
    After scriptable stripping: 1
    Processed in 0.00 seconds
  Pass "" (vp)
    Target graphics API: gles3
    Full variant space:         1
    After settings filtering:   1
    After built-in stripping:   1
    After scriptable stripping: 1
    Processed in 0.00 seconds
  Pass "" (vp)
    Target graphics API: gles3
    Full variant space:         1
    After settings filtering:   1
    After built-in stripping:   1
    After scriptable stripping: 1
    Processed in 0.00 seconds
  Pass  (vp, gles3) finished in 0.00 seconds. Local cache hits 1 (0.00s CPU time), remote cache hits 0 (0.00s CPU time), compiled 0 variants (0.00s CPU time), skipped 0 variants.
    Prepared data for serialisation in 0.00s
  Pass  (vp, gles3) finished in 0.00 seconds. Local cache hits 1 (0.00s CPU time), remote cache hits 0 (0.00s CPU time), compiled 0 variants (0.00s CPU time), skipped 0 variants.
    Prepared data for serialisation in 0.00s
  Pass  (vp, gles3) finished in 0.00 seconds. Local cache hits 1 (0.00s CPU time), remote cache hits 0 (0.00s CPU time), compiled 0 variants (0.00s CPU time), skipped 0 variants.
    Prepared data for serialisation in 0.00s
  Pass  (vp, gles3) finished in 0.00 seconds. Local cache hits 1 (0.00s CPU time), remote cache hits 0 (0.00s CPU time), compiled 0 variants (0.00s CPU time), skipped 0 variants.
    Prepared data for serialisation in 0.00s
  Pass  (vp, gles3) finished in 0.00 seconds. Local cache hits 1 (0.00s CPU time), remote cache hits 0 (0.00s CPU time), compiled 0 variants (0.00s CPU time), skipped 0 variants.
    Prepared data for serialisation in 0.00s
  Pass  (vp, gles3) finished in 0.00 seconds. Local cache hits 1 (0.00s CPU time), remote cache hits 0 (0.00s CPU time), compiled 0 variants (0.00s CPU time), skipped 0 variants.
    Prepared data for serialisation in 0.00s
  Pass  (vp, gles3) finished in 0.00 seconds. Local cache hits 1 (0.00s CPU time), remote cache hits 0 (0.00s CPU time), compiled 0 variants (0.00s CPU time), skipped 0 variants.
    Prepared data for serialisation in 0.00s
  Pass  (vp, gles3) finished in 0.00 seconds. Local cache hits 1 (0.00s CPU time), remote cache hits 0 (0.00s CPU time), compiled 0 variants (0.00s CPU time), skipped 0 variants.
    Prepared data for serialisation in 0.00s
  Pass  (vp, gles3) finished in 0.00 seconds. Local cache hits 1 (0.00s CPU time), remote cache hits 0 (0.00s CPU time), compiled 0 variants (0.00s CPU time), skipped 0 variants.
    Prepared data for serialisation in 0.00s
  Pass  (vp, gles3) finished in 0.00 seconds. Local cache hits 1 (0.00s CPU time), remote cache hits 0 (0.00s CPU time), compiled 0 variants (0.00s CPU time), skipped 0 variants.
    Prepared data for serialisation in 0.00s
Serialized binary data for shader Hidden/Internal-DepthNormalsTexture in 0.00s
    gles3 (total internal programs: 10, unique: 10)
Compiling shader "Hidden/Internal-ScreenSpaceShadows"
  Pass "" (vp)
    Target graphics API: gles3
    Full variant space:         4
    After settings filtering:   4
    After built-in stripping:   4
    After scriptable stripping: 4
    Processed in 0.00 seconds
  Pass "" (vp)
    Target graphics API: gles3
    Full variant space:         4
    After settings filtering:   4
    After built-in stripping:   4
    After scriptable stripping: 4
    Processed in 0.00 seconds
  Pass "" (vp)
    Target graphics API: gles3
    Full variant space:         4
    After settings filtering:   4
    After built-in stripping:   4
    After scriptable stripping: 4
    Processed in 0.00 seconds
  Pass "" (vp)
    Target graphics API: gles3
    Full variant space:         4
    After settings filtering:   4
    After built-in stripping:   4
    After scriptable stripping: 4
    Processed in 0.00 seconds
  Pass  (vp, gles3) finished in 0.00 seconds. Local cache hits 4 (0.00s CPU time), remote cache hits 0 (0.00s CPU time), compiled 0 variants (0.00s CPU time), skipped 0 variants.
    Prepared data for serialisation in 0.00s
  Pass  (vp, gles3) finished in 0.00 seconds. Local cache hits 4 (0.00s CPU time), remote cache hits 0 (0.00s CPU time), compiled 0 variants (0.00s CPU time), skipped 0 variants.
    Prepared data for serialisation in 0.00s
  Pass  (vp, gles3) finished in 0.00 seconds. Local cache hits 4 (0.00s CPU time), remote cache hits 0 (0.00s CPU time), compiled 0 variants (0.00s CPU time), skipped 0 variants.
    Prepared data for serialisation in 0.00s
  Pass  (vp, gles3) finished in 0.00 seconds. Local cache hits 4 (0.00s CPU time), remote cache hits 0 (0.00s CPU time), compiled 0 variants (0.00s CPU time), skipped 0 variants.
    Prepared data for serialisation in 0.00s
Serialized binary data for shader Hidden/Internal-ScreenSpaceShadows in 0.00s
    gles3 (total internal programs: 16, unique: 16)
Compiling shader "Hidden/Internal-CombineDepthNormals"
  Pass "" (vp)
    Target graphics API: gles3
    Full variant space:         1
    After settings filtering:   1
    After built-in stripping:   1
    After scriptable stripping: 1
    Processed in 0.00 seconds
  Pass  (vp, gles3) finished in 0.00 seconds. Local cache hits 1 (0.00s CPU time), remote cache hits 0 (0.00s CPU time), compiled 0 variants (0.00s CPU time), skipped 0 variants.
    Prepared data for serialisation in 0.00s
Serialized binary data for shader Hidden/Internal-CombineDepthNormals in 0.00s
    gles3 (total internal programs: 1, unique: 1)
Compiling shader "Hidden/BlitCopy"
  Pass "" (vp)
    Target graphics API: gles3
    Full variant space:         1
    After settings filtering:   1
    After built-in stripping:   1
    After scriptable stripping: 1
    Processed in 0.00 seconds
  Pass  (vp, gles3) finished in 0.00 seconds. Local cache hits 1 (0.00s CPU time), remote cache hits 0 (0.00s CPU time), compiled 0 variants (0.00s CPU time), skipped 0 variants.
    Prepared data for serialisation in 0.00s
Serialized binary data for shader Hidden/BlitCopy in 0.00s
    gles3 (total internal programs: 1, unique: 1)
Compiling shader "Hidden/BlitCopyDepth"
  Pass "" (vp)
    Target graphics API: gles3
    Full variant space:         1
    After settings filtering:   1
    After built-in stripping:   1
    After scriptable stripping: 1
    Processed in 0.00 seconds
  Pass  (vp, gles3) finished in 0.00 seconds. Local cache hits 1 (0.00s CPU time), remote cache hits 0 (0.00s CPU time), compiled 0 variants (0.00s CPU time), skipped 0 variants.
    Prepared data for serialisation in 0.00s
Serialized binary data for shader Hidden/BlitCopyDepth in 0.00s
    gles3 (total internal programs: 1, unique: 1)
Compiling shader "Hidden/ConvertTexture"
  Pass "" (vp)
    Target graphics API: gles3
    Full variant space:         1
    After settings filtering:   1
    After built-in stripping:   1
    After scriptable stripping: 1
    Processed in 0.00 seconds
  Pass  (vp, gles3) finished in 0.00 seconds. Local cache hits 1 (0.00s CPU time), remote cache hits 0 (0.00s CPU time), compiled 0 variants (0.00s CPU time), skipped 0 variants.
    Prepared data for serialisation in 0.00s
Serialized binary data for shader Hidden/ConvertTexture in 0.00s
    gles3 (total internal programs: 1, unique: 1)
Compiling shader "Hidden/Internal-DeferredShading"
  Pass "" (vp)
    Target graphics API: gles3
    Full variant space:         94
    After settings filtering:   94
    After built-in stripping:   26
    After scriptable stripping: 26
    Processed in 0.00 seconds
  Pass "" (vp)
    Target graphics API: gles3
    Full variant space:         1
    After settings filtering:   1
    After built-in stripping:   1
    After scriptable stripping: 1
    Processed in 0.00 seconds
  Pass  (vp, gles3) finished in 0.00 seconds. Local cache hits 26 (0.01s CPU time), remote cache hits 0 (0.00s CPU time), compiled 0 variants (0.00s CPU time), skipped 0 variants.
    Prepared data for serialisation in 0.00s
  Pass  (vp, gles3) finished in 0.00 seconds. Local cache hits 1 (0.00s CPU time), remote cache hits 0 (0.00s CPU time), compiled 0 variants (0.00s CPU time), skipped 0 variants.
    Prepared data for serialisation in 0.00s
Serialized binary data for shader Hidden/Internal-DeferredShading in 0.00s
    gles3 (total internal programs: 27, unique: 27)
Compiling shader "Hidden/Internal-DeferredReflections"
  Pass "" (vp)
    Target graphics API: gles3
    Full variant space:         1
    After settings filtering:   1
    After built-in stripping:   1
    After scriptable stripping: 1
    Processed in 0.00 seconds
  Pass "" (vp)
    Target graphics API: gles3
    Full variant space:         2
    After settings filtering:   2
    After built-in stripping:   2
    After scriptable stripping: 2
    Processed in 0.00 seconds
  Pass  (vp, gles3) finished in 0.00 seconds. Local cache hits 1 (0.00s CPU time), remote cache hits 0 (0.00s CPU time), compiled 0 variants (0.00s CPU time), skipped 0 variants.
    Prepared data for serialisation in 0.00s
  Pass  (vp, gles3) finished in 0.00 seconds. Local cache hits 2 (0.00s CPU time), remote cache hits 0 (0.00s CPU time), compiled 0 variants (0.00s CPU time), skipped 0 variants.
    Prepared data for serialisation in 0.00s
Serialized binary data for shader Hidden/Internal-DeferredReflections in 0.00s
    gles3 (total internal programs: 3, unique: 3)
Compiling shader "Hidden/Internal-MotionVectors"
  Pass "" (vp)
    Target graphics API: gles3
    Full variant space:         1
    After settings filtering:   1
    After built-in stripping:   1
    After scriptable stripping: 1
    Processed in 0.00 seconds
  Pass "" (vp)
    Target graphics API: gles3
    Full variant space:         1
    After settings filtering:   1
    After built-in stripping:   1
    After scriptable stripping: 1
    Processed in 0.00 seconds
  Pass "" (vp)
    Target graphics API: gles3
    Full variant space:         1
    After settings filtering:   1
    After built-in stripping:   1
    After scriptable stripping: 1
    Processed in 0.00 seconds
  Pass  (vp, gles3) finished in 0.00 seconds. Local cache hits 1 (0.00s CPU time), remote cache hits 0 (0.00s CPU time), compiled 0 variants (0.00s CPU time), skipped 0 variants.
    Prepared data for serialisation in 0.00s
  Pass  (vp, gles3) finished in 0.00 seconds. Local cache hits 1 (0.00s CPU time), remote cache hits 0 (0.00s CPU time), compiled 0 variants (0.00s CPU time), skipped 0 variants.
    Prepared data for serialisation in 0.00s
  Pass  (vp, gles3) finished in 0.00 seconds. Local cache hits 1 (0.00s CPU time), remote cache hits 0 (0.00s CPU time), compiled 0 variants (0.00s CPU time), skipped 0 variants.
    Prepared data for serialisation in 0.00s
Serialized binary data for shader Hidden/Internal-MotionVectors in 0.00s
    gles3 (total internal programs: 3, unique: 3)
Compiling shader "Hidden/Internal-Flare"
  Pass "" (vp)
    Target graphics API: gles3
    Full variant space:         1
    After settings filtering:   1
    After built-in stripping:   1
    After scriptable stripping: 1
    Processed in 0.00 seconds
  Pass  (vp, gles3) finished in 0.00 seconds. Local cache hits 1 (0.00s CPU time), remote cache hits 0 (0.00s CPU time), compiled 0 variants (0.00s CPU time), skipped 0 variants.
    Prepared data for serialisation in 0.00s
Serialized binary data for shader Hidden/Internal-Flare in 0.00s
    gles3 (total internal programs: 1, unique: 1)
Compiling shader "Hidden/Internal-Halo"
  Pass "" (vp)
    Target graphics API: gles3
    Full variant space:         4
    After settings filtering:   4
    After built-in stripping:   1
    After scriptable stripping: 1
    Processed in 0.00 seconds
  Pass  (vp, gles3) finished in 0.00 seconds. Local cache hits 1 (0.00s CPU time), remote cache hits 0 (0.00s CPU time), compiled 0 variants (0.00s CPU time), skipped 0 variants.
    Prepared data for serialisation in 0.00s
Serialized binary data for shader Hidden/Internal-Halo in 0.00s
    gles3 (total internal programs: 1, unique: 1)
Compiling shader "Hidden/BlitCopyWithDepth"
  Pass "" (vp)
    Target graphics API: gles3
    Full variant space:         1
    After settings filtering:   1
    After built-in stripping:   1
    After scriptable stripping: 1
    Processed in 0.00 seconds
  Pass  (vp, gles3) finished in 0.00 seconds. Local cache hits 1 (0.00s CPU time), remote cache hits 0 (0.00s CPU time), compiled 0 variants (0.00s CPU time), skipped 0 variants.
    Prepared data for serialisation in 0.00s
Serialized binary data for shader Hidden/BlitCopyWithDepth in 0.00s
    gles3 (total internal programs: 1, unique: 1)
Compiling shader "Hidden/BlitToDepth"
  Pass "" (vp)
    Target graphics API: gles3
    Full variant space:         1
    After settings filtering:   1
    After built-in stripping:   1
    After scriptable stripping: 1
    Processed in 0.00 seconds
  Pass  (vp, gles3) finished in 0.00 seconds. Local cache hits 1 (0.00s CPU time), remote cache hits 0 (0.00s CPU time), compiled 0 variants (0.00s CPU time), skipped 0 variants.
    Prepared data for serialisation in 0.00s
Serialized binary data for shader Hidden/BlitToDepth in 0.00s
    gles3 (total internal programs: 1, unique: 1)
Compiling shader "Hidden/BlitToDepth_MSAA"
  Pass "" (vp)
    Target graphics API: gles3
    Full variant space:         1
    After settings filtering:   1
    After built-in stripping:   1
    After scriptable stripping: 1
    Processed in 0.00 seconds
  Pass  (vp, gles3) finished in 0.00 seconds. Local cache hits 1 (0.00s CPU time), remote cache hits 0 (0.00s CPU time), compiled 0 variants (0.00s CPU time), skipped 0 variants.
    Prepared data for serialisation in 0.00s
Serialized binary data for shader Hidden/BlitToDepth_MSAA in 0.00s
    gles3 (total internal programs: 1, unique: 1)
Compiling shader "Hidden/BlitCopyHDRTonemap"
  Pass "" (vp)
    Target graphics API: gles3
    Full variant space:         1
    After settings filtering:   1
    After built-in stripping:   1
    After scriptable stripping: 1
    Processed in 0.00 seconds
  Pass  (vp, gles3) finished in 0.00 seconds. Local cache hits 1 (0.00s CPU time), remote cache hits 0 (0.00s CPU time), compiled 0 variants (0.00s CPU time), skipped 0 variants.
    Prepared data for serialisation in 0.00s
Serialized binary data for shader Hidden/BlitCopyHDRTonemap in 0.00s
    gles3 (total internal programs: 1, unique: 1)
Compiling shader "Hidden/Internal-DebugPattern"
  Pass "Target Color and DepthStencil" (vp)
    Target graphics API: gles3
    Full variant space:         1
    After settings filtering:   1
    After built-in stripping:   1
    After scriptable stripping: 1
    Processed in 0.00 seconds
  Pass "Target only Color" (vp)
    Target graphics API: gles3
    Full variant space:         1
    After settings filtering:   1
    After built-in stripping:   1
    After scriptable stripping: 1
    Processed in 0.00 seconds
  Pass "Target only DepthStencil" (vp)
    Target graphics API: gles3
    Full variant space:         1
    After settings filtering:   1
    After built-in stripping:   1
    After scriptable stripping: 1
    Processed in 0.00 seconds
  Pass Target Color and DepthStencil (vp, gles3) finished in 0.00 seconds. Local cache hits 1 (0.00s CPU time), remote cache hits 0 (0.00s CPU time), compiled 0 variants (0.00s CPU time), skipped 0 variants.
    Prepared data for serialisation in 0.00s
  Pass Target only Color (vp, gles3) finished in 0.00 seconds. Local cache hits 1 (0.00s CPU time), remote cache hits 0 (0.00s CPU time), compiled 0 variants (0.00s CPU time), skipped 0 variants.
    Prepared data for serialisation in 0.00s
  Pass Target only DepthStencil (vp, gles3) finished in 0.00 seconds. Local cache hits 1 (0.00s CPU time), remote cache hits 0 (0.00s CPU time), compiled 0 variants (0.00s CPU time), skipped 0 variants.
    Prepared data for serialisation in 0.00s
Serialized binary data for shader Hidden/Internal-DebugPattern in 0.00s
    gles3 (total internal programs: 3, unique: 3)
Compiling shader "Hidden/Internal-GUITextureClip"
  Pass "" (vp)
    Target graphics API: gles3
    Full variant space:         1
    After settings filtering:   1
    After built-in stripping:   1
    After scriptable stripping: 1
    Processed in 0.00 seconds
  Pass "" (vp)
    Target graphics API: gles3
    Full variant space:         1
    After settings filtering:   1
    After built-in stripping:   1
    After scriptable stripping: 1
    Processed in 0.00 seconds
  Pass  (vp, gles3) finished in 0.00 seconds. Local cache hits 1 (0.00s CPU time), remote cache hits 0 (0.00s CPU time), compiled 0 variants (0.00s CPU time), skipped 0 variants.
    Prepared data for serialisation in 0.00s
  Pass  (vp, gles3) finished in 0.00 seconds. Local cache hits 1 (0.00s CPU time), remote cache hits 0 (0.00s CPU time), compiled 0 variants (0.00s CPU time), skipped 0 variants.
    Prepared data for serialisation in 0.00s
Serialized binary data for shader Hidden/Internal-GUITextureClip in 0.00s
    gles3 (total internal programs: 2, unique: 1)
Compiling shader "Hidden/Internal-GUITextureClipText"
  Pass "" (vp)
    Target graphics API: gles3
    Full variant space:         1
    After settings filtering:   1
    After built-in stripping:   1
    After scriptable stripping: 1
    Processed in 0.00 seconds
  Pass "" (vp)
    Target graphics API: gles3
    Full variant space:         1
    After settings filtering:   1
    After built-in stripping:   1
    After scriptable stripping: 1
    Processed in 0.00 seconds
  Pass  (vp, gles3) finished in 0.00 seconds. Local cache hits 1 (0.00s CPU time), remote cache hits 0 (0.00s CPU time), compiled 0 variants (0.00s CPU time), skipped 0 variants.
    Prepared data for serialisation in 0.00s
  Pass  (vp, gles3) finished in 0.00 seconds. Local cache hits 1 (0.00s CPU time), remote cache hits 0 (0.00s CPU time), compiled 0 variants (0.00s CPU time), skipped 0 variants.
    Prepared data for serialisation in 0.00s
Serialized binary data for shader Hidden/Internal-GUITextureClipText in 0.00s
    gles3 (total internal programs: 2, unique: 1)
Compiling shader "Hidden/Internal-GUITexture"
  Pass "" (vp)
    Target graphics API: gles3
    Full variant space:         1
    After settings filtering:   1
    After built-in stripping:   1
    After scriptable stripping: 1
    Processed in 0.00 seconds
  Pass "" (vp)
    Target graphics API: gles3
    Full variant space:         1
    After settings filtering:   1
    After built-in stripping:   1
    After scriptable stripping: 1
    Processed in 0.00 seconds
  Pass  (vp, gles3) finished in 0.00 seconds. Local cache hits 1 (0.00s CPU time), remote cache hits 0 (0.00s CPU time), compiled 0 variants (0.00s CPU time), skipped 0 variants.
    Prepared data for serialisation in 0.00s
  Pass  (vp, gles3) finished in 0.00 seconds. Local cache hits 1 (0.00s CPU time), remote cache hits 0 (0.00s CPU time), compiled 0 variants (0.00s CPU time), skipped 0 variants.
    Prepared data for serialisation in 0.00s
Serialized binary data for shader Hidden/Internal-GUITexture in 0.00s
    gles3 (total internal programs: 2, unique: 1)
Compiling shader "Hidden/Internal-GUITextureBlit"
  Pass "" (vp)
    Target graphics API: gles3
    Full variant space:         1
    After settings filtering:   1
    After built-in stripping:   1
    After scriptable stripping: 1
    Processed in 0.00 seconds
  Pass "" (vp)
    Target graphics API: gles3
    Full variant space:         1
    After settings filtering:   1
    After built-in stripping:   1
    After scriptable stripping: 1
    Processed in 0.00 seconds
  Pass  (vp, gles3) finished in 0.00 seconds. Local cache hits 1 (0.00s CPU time), remote cache hits 0 (0.00s CPU time), compiled 0 variants (0.00s CPU time), skipped 0 variants.
    Prepared data for serialisation in 0.00s
  Pass  (vp, gles3) finished in 0.00 seconds. Local cache hits 1 (0.00s CPU time), remote cache hits 0 (0.00s CPU time), compiled 0 variants (0.00s CPU time), skipped 0 variants.
    Prepared data for serialisation in 0.00s
Serialized binary data for shader Hidden/Internal-GUITextureBlit in 0.00s
    gles3 (total internal programs: 2, unique: 1)
Compiling shader "Hidden/Internal-GUIRoundedRect"
  Pass "" (vp)
    Target graphics API: gles3
    Full variant space:         1
    After settings filtering:   1
    After built-in stripping:   1
    After scriptable stripping: 1
    Processed in 0.00 seconds
  Pass "" (vp)
    Target graphics API: gles3
    Full variant space:         1
    After settings filtering:   1
    After built-in stripping:   1
    After scriptable stripping: 1
    Processed in 0.00 seconds
  Pass  (vp, gles3) finished in 0.00 seconds. Local cache hits 1 (0.00s CPU time), remote cache hits 0 (0.00s CPU time), compiled 0 variants (0.00s CPU time), skipped 0 variants.
    Prepared data for serialisation in 0.00s
  Pass  (vp, gles3) finished in 0.00 seconds. Local cache hits 1 (0.00s CPU time), remote cache hits 0 (0.00s CPU time), compiled 0 variants (0.00s CPU time), skipped 0 variants.
    Prepared data for serialisation in 0.00s
Serialized binary data for shader Hidden/Internal-GUIRoundedRect in 0.00s
    gles3 (total internal programs: 2, unique: 1)
Compiling shader "Hidden/Internal-GUIRoundedRectWithColorPerBorder"
  Pass "" (vp)
    Target graphics API: gles3
    Full variant space:         1
    After settings filtering:   1
    After built-in stripping:   1
    After scriptable stripping: 1
    Processed in 0.00 seconds
  Pass "" (vp)
    Target graphics API: gles3
    Full variant space:         1
    After settings filtering:   1
    After built-in stripping:   1
    After scriptable stripping: 1
    Processed in 0.00 seconds
  Pass  (vp, gles3) finished in 0.00 seconds. Local cache hits 1 (0.00s CPU time), remote cache hits 0 (0.00s CPU time), compiled 0 variants (0.00s CPU time), skipped 0 variants.
    Prepared data for serialisation in 0.00s
  Pass  (vp, gles3) finished in 0.00 seconds. Local cache hits 1 (0.00s CPU time), remote cache hits 0 (0.00s CPU time), compiled 0 variants (0.00s CPU time), skipped 0 variants.
    Prepared data for serialisation in 0.00s
Serialized binary data for shader Hidden/Internal-GUIRoundedRectWithColorPerBorder in 0.00s
    gles3 (total internal programs: 2, unique: 1)
Compiling shader "Hidden/Internal-UIRDefault"
  Pass "" (vp)
    Target graphics API: gles3
    Full variant space:         40
    After settings filtering:   40
    After built-in stripping:   40
    After scriptable stripping: 40
    Processed in 0.00 seconds
  Pass  (vp, gles3) finished in 0.00 seconds. Local cache hits 40 (0.01s CPU time), remote cache hits 0 (0.00s CPU time), compiled 0 variants (0.00s CPU time), skipped 0 variants.
    Prepared data for serialisation in 0.00s
Serialized binary data for shader Hidden/Internal-UIRDefault in 0.00s
    gles3 (total internal programs: 40, unique: 40)
Compiling shader "Hidden/Internal-UIRAtlasBlitCopy"
  Pass "" (vp)
    Target graphics API: gles3
    Full variant space:         1
    After settings filtering:   1
    After built-in stripping:   1
    After scriptable stripping: 1
    Processed in 0.00 seconds
  Pass  (vp, gles3) finished in 0.00 seconds. Local cache hits 1 (0.00s CPU time), remote cache hits 0 (0.00s CPU time), compiled 0 variants (0.00s CPU time), skipped 0 variants.
    Prepared data for serialisation in 0.00s
Serialized binary data for shader Hidden/Internal-UIRAtlasBlitCopy in 0.00s
    gles3 (total internal programs: 1, unique: 1)
Compiling shader "Sprites/Default"
  Pass "" (vp)
    Target graphics API: gles3
    Full variant space:         8
    After settings filtering:   8
    After built-in stripping:   4
    After scriptable stripping: 4
    Processed in 0.00 seconds
  Pass  (vp, gles3) finished in 0.00 seconds. Local cache hits 4 (0.00s CPU time), remote cache hits 0 (0.00s CPU time), compiled 0 variants (0.00s CPU time), skipped 0 variants.
    Prepared data for serialisation in 0.00s
Serialized binary data for shader Sprites/Default in 0.00s
    gles3 (total internal programs: 4, unique: 4)
Compiling shader "Sprites/Mask"
  Pass "" (vp)
    Target graphics API: gles3
    Full variant space:         4
    After settings filtering:   4
    After built-in stripping:   4
    After scriptable stripping: 4
    Processed in 0.00 seconds
  Pass  (vp, gles3) finished in 0.00 seconds. Local cache hits 4 (0.00s CPU time), remote cache hits 0 (0.00s CPU time), compiled 0 variants (0.00s CPU time), skipped 0 variants.
    Prepared data for serialisation in 0.00s
Serialized binary data for shader Sprites/Mask in 0.00s
    gles3 (total internal programs: 4, unique: 4)
Compiling shader "UI/Default"
  Pass "Default" (vp)
    Target graphics API: gles3
    Full variant space:         4
    After settings filtering:   4
    After built-in stripping:   4
    After scriptable stripping: 4
    Processed in 0.00 seconds
  Pass Default (vp, gles3) finished in 0.00 seconds. Local cache hits 4 (0.00s CPU time), remote cache hits 0 (0.00s CPU time), compiled 0 variants (0.00s CPU time), skipped 0 variants.
    Prepared data for serialisation in 0.00s
Serialized binary data for shader UI/Default in 0.00s
    gles3 (total internal programs: 4, unique: 4)
Compiling shader "UI/DefaultETC1"
  Pass "Default" (vp)
    Target graphics API: gles3
    Full variant space:         4
    After settings filtering:   4
    After built-in stripping:   4
    After scriptable stripping: 4
    Processed in 0.00 seconds
  Pass Default (vp, gles3) finished in 0.00 seconds. Local cache hits 4 (0.00s CPU time), remote cache hits 0 (0.00s CPU time), compiled 0 variants (0.00s CPU time), skipped 0 variants.
    Prepared data for serialisation in 0.00s
Serialized binary data for shader UI/DefaultETC1 in 0.00s
    gles3 (total internal programs: 4, unique: 4)
Compiling shader "Hidden/CubeBlur"
  Pass "" (vp)
    Target graphics API: gles3
    Full variant space:         1
    After settings filtering:   1
    After built-in stripping:   1
    After scriptable stripping: 1
    Processed in 0.00 seconds
  Pass "" (vp)
    Target graphics API: gles3
    Full variant space:         1
    After settings filtering:   1
    After built-in stripping:   1
    After scriptable stripping: 1
    Processed in 0.00 seconds
  Pass  (vp, gles3) finished in 0.00 seconds. Local cache hits 1 (0.00s CPU time), remote cache hits 0 (0.00s CPU time), compiled 0 variants (0.00s CPU time), skipped 0 variants.
    Prepared data for serialisation in 0.00s
  Pass  (vp, gles3) finished in 0.00 seconds. Local cache hits 1 (0.00s CPU time), remote cache hits 0 (0.00s CPU time), compiled 0 variants (0.00s CPU time), skipped 0 variants.
    Prepared data for serialisation in 0.00s
Serialized binary data for shader Hidden/CubeBlur in 0.00s
    gles3 (total internal programs: 2, unique: 2)
Compiling shader "Hidden/CubeCopy"
  Pass "" (vp)
    Target graphics API: gles3
    Full variant space:         1
    After settings filtering:   1
    After built-in stripping:   1
    After scriptable stripping: 1
    Processed in 0.00 seconds
  Pass "" (vp)
    Target graphics API: gles3
    Full variant space:         1
    After settings filtering:   1
    After built-in stripping:   1
    After scriptable stripping: 1
    Processed in 0.00 seconds
  Pass  (vp, gles3) finished in 0.00 seconds. Local cache hits 1 (0.00s CPU time), remote cache hits 0 (0.00s CPU time), compiled 0 variants (0.00s CPU time), skipped 0 variants.
    Prepared data for serialisation in 0.00s
  Pass  (vp, gles3) finished in 0.00 seconds. Local cache hits 1 (0.00s CPU time), remote cache hits 0 (0.00s CPU time), compiled 0 variants (0.00s CPU time), skipped 0 variants.
    Prepared data for serialisation in 0.00s
Serialized binary data for shader Hidden/CubeCopy in 0.00s
    gles3 (total internal programs: 2, unique: 1)
Compiling shader "Hidden/CubeBlend"
  Pass "" (vp)
    Target graphics API: gles3
    Full variant space:         1
    After settings filtering:   1
    After built-in stripping:   1
    After scriptable stripping: 1
    Processed in 0.00 seconds
  Pass "" (vp)
    Target graphics API: gles3
    Full variant space:         1
    After settings filtering:   1
    After built-in stripping:   1
    After scriptable stripping: 1
    Processed in 0.00 seconds
  Pass  (vp, gles3) finished in 0.00 seconds. Local cache hits 1 (0.00s CPU time), remote cache hits 0 (0.00s CPU time), compiled 0 variants (0.00s CPU time), skipped 0 variants.
    Prepared data for serialisation in 0.00s
  Pass  (vp, gles3) finished in 0.00 seconds. Local cache hits 1 (0.00s CPU time), remote cache hits 0 (0.00s CPU time), compiled 0 variants (0.00s CPU time), skipped 0 variants.
    Prepared data for serialisation in 0.00s
Serialized binary data for shader Hidden/CubeBlend in 0.00s
    gles3 (total internal programs: 2, unique: 1)
Compiling shader "Hidden/VR/BlitTexArraySlice"
  Pass "" (vp)
    Target graphics API: gles3
    Full variant space:         1
    After settings filtering:   1
    After built-in stripping:   1
    After scriptable stripping: 1
    Processed in 0.00 seconds
  Pass  (vp, gles3) finished in 0.00 seconds. Local cache hits 1 (0.00s CPU time), remote cache hits 0 (0.00s CPU time), compiled 0 variants (0.00s CPU time), skipped 0 variants.
    Prepared data for serialisation in 0.00s
Serialized binary data for shader Hidden/VR/BlitTexArraySlice in 0.00s
    gles3 (total internal programs: 1, unique: 1)
Compiling shader "Hidden/Internal-ODSWorldTexture"
  Pass "" (vp)
    Target graphics API: gles3
    Full variant space:         1
    After settings filtering:   1
    After built-in stripping:   1
    After scriptable stripping: 1
    Processed in 0.00 seconds
  Pass "" (vp)
    Target graphics API: gles3
    Full variant space:         1
    After settings filtering:   1
    After built-in stripping:   1
    After scriptable stripping: 1
    Processed in 0.00 seconds
  Pass "" (vp)
    Target graphics API: gles3
    Full variant space:         1
    After settings filtering:   1
    After built-in stripping:   1
    After scriptable stripping: 1
    Processed in 0.00 seconds
  Pass "" (vp)
    Target graphics API: gles3
    Full variant space:         1
    After settings filtering:   1
    After built-in stripping:   1
    After scriptable stripping: 1
    Processed in 0.00 seconds
  Pass "" (vp)
    Target graphics API: gles3
    Full variant space:         1
    After settings filtering:   1
    After built-in stripping:   1
    After scriptable stripping: 1
    Processed in 0.00 seconds
  Pass "" (vp)
    Target graphics API: gles3
    Full variant space:         1
    After settings filtering:   1
    After built-in stripping:   1
    After scriptable stripping: 1
    Processed in 0.00 seconds
  Pass "" (vp)
    Target graphics API: gles3
    Full variant space:         1
    After settings filtering:   1
    After built-in stripping:   1
    After scriptable stripping: 1
    Processed in 0.00 seconds
  Pass "" (vp)
    Target graphics API: gles3
    Full variant space:         1
    After settings filtering:   1
    After built-in stripping:   1
    After scriptable stripping: 1
    Processed in 0.00 seconds
  Pass "" (vp)
    Target graphics API: gles3
    Full variant space:         1
    After settings filtering:   1
    After built-in stripping:   1
    After scriptable stripping: 1
    Processed in 0.00 seconds
  Pass "" (vp)
    Target graphics API: gles3
    Full variant space:         1
    After settings filtering:   1
    After built-in stripping:   1
    After scriptable stripping: 1
    Processed in 0.00 seconds
  Pass  (vp, gles3) finished in 0.00 seconds. Local cache hits 1 (0.00s CPU time), remote cache hits 0 (0.00s CPU time), compiled 0 variants (0.00s CPU time), skipped 0 variants.
    Prepared data for serialisation in 0.00s
  Pass  (vp, gles3) finished in 0.00 seconds. Local cache hits 1 (0.00s CPU time), remote cache hits 0 (0.00s CPU time), compiled 0 variants (0.00s CPU time), skipped 0 variants.
    Prepared data for serialisation in 0.00s
  Pass  (vp, gles3) finished in 0.00 seconds. Local cache hits 1 (0.00s CPU time), remote cache hits 0 (0.00s CPU time), compiled 0 variants (0.00s CPU time), skipped 0 variants.
    Prepared data for serialisation in 0.00s
  Pass  (vp, gles3) finished in 0.00 seconds. Local cache hits 1 (0.00s CPU time), remote cache hits 0 (0.00s CPU time), compiled 0 variants (0.00s CPU time), skipped 0 variants.
    Prepared data for serialisation in 0.00s
  Pass  (vp, gles3) finished in 0.00 seconds. Local cache hits 1 (0.00s CPU time), remote cache hits 0 (0.00s CPU time), compiled 0 variants (0.00s CPU time), skipped 0 variants.
    Prepared data for serialisation in 0.00s
  Pass  (vp, gles3) finished in 0.00 seconds. Local cache hits 1 (0.00s CPU time), remote cache hits 0 (0.00s CPU time), compiled 0 variants (0.00s CPU time), skipped 0 variants.
    Prepared data for serialisation in 0.00s
  Pass  (vp, gles3) finished in 0.00 seconds. Local cache hits 1 (0.00s CPU time), remote cache hits 0 (0.00s CPU time), compiled 0 variants (0.00s CPU time), skipped 0 variants.
    Prepared data for serialisation in 0.00s
  Pass  (vp, gles3) finished in 0.00 seconds. Local cache hits 1 (0.00s CPU time), remote cache hits 0 (0.00s CPU time), compiled 0 variants (0.00s CPU time), skipped 0 variants.
    Prepared data for serialisation in 0.00s
  Pass  (vp, gles3) finished in 0.00 seconds. Local cache hits 1 (0.00s CPU time), remote cache hits 0 (0.00s CPU time), compiled 0 variants (0.00s CPU time), skipped 0 variants.
    Prepared data for serialisation in 0.00s
  Pass  (vp, gles3) finished in 0.00 seconds. Local cache hits 1 (0.00s CPU time), remote cache hits 0 (0.00s CPU time), compiled 0 variants (0.00s CPU time), skipped 0 variants.
    Prepared data for serialisation in 0.00s
Serialized binary data for shader Hidden/Internal-ODSWorldTexture in 0.00s
    gles3 (total internal programs: 10, unique: 9)
Compiling shader "Hidden/Internal-CubemapToEquirect"
  Pass "" (vp)
    Target graphics API: gles3
    Full variant space:         1
    After settings filtering:   1
    After built-in stripping:   1
    After scriptable stripping: 1
    Processed in 0.00 seconds
  Pass  (vp, gles3) finished in 0.00 seconds. Local cache hits 1 (0.00s CPU time), remote cache hits 0 (0.00s CPU time), compiled 0 variants (0.00s CPU time), skipped 0 variants.
    Prepared data for serialisation in 0.00s
Serialized binary data for shader Hidden/Internal-CubemapToEquirect in 0.00s
    gles3 (total internal programs: 1, unique: 1)
Compiling shader "Hidden/VR/BlitFromTex2DToTexArraySlice"
  Pass "" (vp)
    Target graphics API: gles3
    Full variant space:         1
    After settings filtering:   1
    After built-in stripping:   1
    After scriptable stripping: 1
    Processed in 0.00 seconds
  Pass "" (vp)
    Target graphics API: gles3
    Full variant space:         1
    After settings filtering:   1
    After built-in stripping:   1
    After scriptable stripping: 1
    Processed in 0.00 seconds
  Pass  (vp, gles3) finished in 0.00 seconds. Local cache hits 1 (0.00s CPU time), remote cache hits 0 (0.00s CPU time), compiled 0 variants (0.00s CPU time), skipped 0 variants.
    Prepared data for serialisation in 0.00s
  Pass  (vp, gles3) finished in 0.00 seconds. Local cache hits 1 (0.00s CPU time), remote cache hits 0 (0.00s CPU time), compiled 0 variants (0.00s CPU time), skipped 0 variants.
    Prepared data for serialisation in 0.00s
Serialized binary data for shader Hidden/VR/BlitFromTex2DToTexArraySlice in 0.00s
    gles3 (total internal programs: 2, unique: 2)
Compiling shader "Hidden/VideoComposite"
  Pass "Default" (vp)
    Target graphics API: gles3
    Full variant space:         1
    After settings filtering:   1
    After built-in stripping:   1
    After scriptable stripping: 1
    Processed in 0.00 seconds
  Pass Default (vp, gles3) finished in 0.00 seconds. Local cache hits 1 (0.00s CPU time), remote cache hits 0 (0.00s CPU time), compiled 0 variants (0.00s CPU time), skipped 0 variants.
    Prepared data for serialisation in 0.00s
Serialized binary data for shader Hidden/VideoComposite in 0.00s
    gles3 (total internal programs: 1, unique: 1)
Compiling shader "Hidden/VideoDecode"
  Pass "YCbCr_To_RGB1" (vp)
    Target graphics API: gles3
    Full variant space:         2
    After settings filtering:   2
    After built-in stripping:   2
    After scriptable stripping: 2
    Processed in 0.00 seconds
  Pass "YCbCrA_To_RGBAFull" (vp)
    Target graphics API: gles3
    Full variant space:         2
    After settings filtering:   2
    After built-in stripping:   2
    After scriptable stripping: 2
    Processed in 0.00 seconds
  Pass "YCbCrA_To_RGBA" (vp)
    Target graphics API: gles3
    Full variant space:         2
    After settings filtering:   2
    After built-in stripping:   2
    After scriptable stripping: 2
    Processed in 0.00 seconds
  Pass "Flip_RGBA_To_RGBA" (vp)
    Target graphics API: gles3
    Full variant space:         2
    After settings filtering:   2
    After built-in stripping:   2
    After scriptable stripping: 2
    Processed in 0.00 seconds
  Pass "Flip_RGBASplit_To_RGBA" (vp)
    Target graphics API: gles3
    Full variant space:         2
    After settings filtering:   2
    After built-in stripping:   2
    After scriptable stripping: 2
    Processed in 0.00 seconds
  Pass "Flip_NV12_To_RGB1" (vp)
    Target graphics API: gles3
    Full variant space:         2
    After settings filtering:   2
    After built-in stripping:   2
    After scriptable stripping: 2
    Processed in 0.00 seconds
  Pass "Flip_NV12_To_RGBA" (vp)
    Target graphics API: gles3
    Full variant space:         2
    After settings filtering:   2
    After built-in stripping:   2
    After scriptable stripping: 2
    Processed in 0.00 seconds
  Pass "Flip_P010_To_RGB1" (vp)
    Target graphics API: gles3
    Full variant space:         1
    After settings filtering:   1
    After built-in stripping:   1
    After scriptable stripping: 1
    Processed in 0.00 seconds
  Pass YCbCr_To_RGB1 (vp, gles3) finished in 0.00 seconds. Local cache hits 2 (0.00s CPU time), remote cache hits 0 (0.00s CPU time), compiled 0 variants (0.00s CPU time), skipped 0 variants.
    Prepared data for serialisation in 0.00s
  Pass YCbCrA_To_RGBAFull (vp, gles3) finished in 0.00 seconds. Local cache hits 2 (0.00s CPU time), remote cache hits 0 (0.00s CPU time), compiled 0 variants (0.00s CPU time), skipped 0 variants.
    Prepared data for serialisation in 0.00s
  Pass YCbCrA_To_RGBA (vp, gles3) finished in 0.00 seconds. Local cache hits 2 (0.00s CPU time), remote cache hits 0 (0.00s CPU time), compiled 0 variants (0.00s CPU time), skipped 0 variants.
    Prepared data for serialisation in 0.00s
  Pass Flip_RGBA_To_RGBA (vp, gles3) finished in 0.00 seconds. Local cache hits 2 (0.00s CPU time), remote cache hits 0 (0.00s CPU time), compiled 0 variants (0.00s CPU time), skipped 0 variants.
    Prepared data for serialisation in 0.00s
  Pass Flip_RGBASplit_To_RGBA (vp, gles3) finished in 0.00 seconds. Local cache hits 2 (0.00s CPU time), remote cache hits 0 (0.00s CPU time), compiled 0 variants (0.00s CPU time), skipped 0 variants.
    Prepared data for serialisation in 0.00s
  Pass Flip_NV12_To_RGB1 (vp, gles3) finished in 0.00 seconds. Local cache hits 2 (0.00s CPU time), remote cache hits 0 (0.00s CPU time), compiled 0 variants (0.00s CPU time), skipped 0 variants.
    Prepared data for serialisation in 0.00s
  Pass Flip_NV12_To_RGBA (vp, gles3) finished in 0.00 seconds. Local cache hits 2 (0.00s CPU time), remote cache hits 0 (0.00s CPU time), compiled 0 variants (0.00s CPU time), skipped 0 variants.
    Prepared data for serialisation in 0.00s
  Pass Flip_P010_To_RGB1 (vp, gles3) finished in 0.00 seconds. Local cache hits 1 (0.00s CPU time), remote cache hits 0 (0.00s CPU time), compiled 0 variants (0.00s CPU time), skipped 0 variants.
    Prepared data for serialisation in 0.00s
Serialized binary data for shader Hidden/VideoDecode in 0.00s
    gles3 (total internal programs: 15, unique: 15)
Compiling shader "Hidden/VideoDecodeAndroid"
  Pass "RGBAExternal_To_RGBA" (vp)
    Target graphics API: gles3
    Full variant space:         2
    After settings filtering:   2
    After built-in stripping:   2
    After scriptable stripping: 2
    Processed in 0.00 seconds
  Pass "RGBASplitExternal_To_RGBA" (vp)
    Target graphics API: gles3
    Full variant space:         2
    After settings filtering:   2
    After built-in stripping:   2
    After scriptable stripping: 2
    Processed in 0.00 seconds
  Pass RGBAExternal_To_RGBA (vp, gles3) finished in 0.00 seconds. Local cache hits 2 (0.00s CPU time), remote cache hits 0 (0.00s CPU time), compiled 0 variants (0.00s CPU time), skipped 0 variants.
    Prepared data for serialisation in 0.00s
  Pass RGBASplitExternal_To_RGBA (vp, gles3) finished in 0.00 seconds. Local cache hits 2 (0.00s CPU time), remote cache hits 0 (0.00s CPU time), compiled 0 variants (0.00s CPU time), skipped 0 variants.
    Prepared data for serialisation in 0.00s
Serialized binary data for shader Hidden/VideoDecodeAndroid in 0.00s
    gles3 (total internal programs: 4, unique: 4)
Compiling shader "Hidden/TextCore/Distance Field SSD"
  Pass "" (vp)
    Target graphics API: gles3
    Full variant space:         1
    After settings filtering:   1
    After built-in stripping:   1
    After scriptable stripping: 1
    Processed in 0.00 seconds
  Pass  (vp, gles3) finished in 0.00 seconds. Local cache hits 1 (0.00s CPU time), remote cache hits 0 (0.00s CPU time), compiled 0 variants (0.00s CPU time), skipped 0 variants.
    Prepared data for serialisation in 0.00s
Serialized binary data for shader Hidden/TextCore/Distance Field SSD in 0.00s
    gles3 (total internal programs: 1, unique: 1)
Compiling shader "Hidden/Physics2D/SDF_CircleGeometry"
  Pass "" (vp)
    Target graphics API: gles3
    Full variant space:         2
    After settings filtering:   2
    After built-in stripping:   1
    After scriptable stripping: 1
    Processed in 0.00 seconds
  Pass  (vp, gles3) finished in 0.00 seconds. Local cache hits 1 (0.00s CPU time), remote cache hits 0 (0.00s CPU time), compiled 0 variants (0.00s CPU time), skipped 0 variants.
    Prepared data for serialisation in 0.00s
Serialized binary data for shader Hidden/Physics2D/SDF_CircleGeometry in 0.00s
    gles3 (total internal programs: 1, unique: 1)
Compiling shader "Hidden/Physics2D/SDF_CapsuleGeometry"
  Pass "" (vp)
    Target graphics API: gles3
    Full variant space:         2
    After settings filtering:   2
    After built-in stripping:   1
    After scriptable stripping: 1
    Processed in 0.00 seconds
  Pass  (vp, gles3) finished in 0.00 seconds. Local cache hits 1 (0.00s CPU time), remote cache hits 0 (0.00s CPU time), compiled 0 variants (0.00s CPU time), skipped 0 variants.
    Prepared data for serialisation in 0.00s
Serialized binary data for shader Hidden/Physics2D/SDF_CapsuleGeometry in 0.00s
    gles3 (total internal programs: 1, unique: 1)
Compiling shader "Hidden/Physics2D/SDF_PolygonGeometry"
  Pass "" (vp)
    Target graphics API: gles3
    Full variant space:         2
    After settings filtering:   2
    After built-in stripping:   1
    After scriptable stripping: 1
    Processed in 0.00 seconds
  Pass  (vp, gles3) finished in 0.00 seconds. Local cache hits 1 (0.00s CPU time), remote cache hits 0 (0.00s CPU time), compiled 0 variants (0.00s CPU time), skipped 0 variants.
    Prepared data for serialisation in 0.00s
Serialized binary data for shader Hidden/Physics2D/SDF_PolygonGeometry in 0.00s
    gles3 (total internal programs: 1, unique: 1)
Compiling shader "Hidden/Physics2D/SDF_Line"
  Pass "" (vp)
    Target graphics API: gles3
    Full variant space:         2
    After settings filtering:   2
    After built-in stripping:   1
    After scriptable stripping: 1
    Processed in 0.00 seconds
  Pass  (vp, gles3) finished in 0.00 seconds. Local cache hits 1 (0.00s CPU time), remote cache hits 0 (0.00s CPU time), compiled 0 variants (0.00s CPU time), skipped 0 variants.
    Prepared data for serialisation in 0.00s
Serialized binary data for shader Hidden/Physics2D/SDF_Line in 0.00s
    gles3 (total internal programs: 1, unique: 1)
Compiling shader "Hidden/Physics2D/SDF_Point"
  Pass "" (vp)
    Target graphics API: gles3
    Full variant space:         2
    After settings filtering:   2
    After built-in stripping:   1
    After scriptable stripping: 1
    Processed in 0.00 seconds
  Pass  (vp, gles3) finished in 0.00 seconds. Local cache hits 1 (0.00s CPU time), remote cache hits 0 (0.00s CPU time), compiled 0 variants (0.00s CPU time), skipped 0 variants.
    Prepared data for serialisation in 0.00s
Serialized binary data for shader Hidden/Physics2D/SDF_Point in 0.00s
    gles3 (total internal programs: 1, unique: 1)
DisplayProgressbar: Initializing
Android PostProcess task "Initializing" took 0.9976 ms
DisplayProgressbar: Check gradle project collisions
Android PostProcess task "Check gradle project collisions" took 0.1844 ms
DisplayProgressbar: Preparing banner
Android PostProcess task "Preparing banner" took 0.2782 ms
[40m[32minfo[39m[22m[49m: Microsoft.AspNetCore.Hosting.Diagnostics[1]
      Request starting HTTP/2 POST http://ilpp/UnityILPP.PostProcessing/Ping application/grpc -
[40m[32minfo[39m[22m[49m: Microsoft.AspNetCore.Routing.EndpointMiddleware[0]
      Executing endpoint 'gRPC - /UnityILPP.PostProcessing/Ping'
[40m[32minfo[39m[22m[49m: Microsoft.AspNetCore.Routing.EndpointMiddleware[1]
      Executed endpoint 'gRPC - /UnityILPP.PostProcessing/Ping'
[40m[32minfo[39m[22m[49m: Microsoft.AspNetCore.Hosting.Diagnostics[2]
      Request finished HTTP/2 POST http://ilpp/UnityILPP.PostProcessing/Ping application/grpc - - 200 - application/grpc 0.4961ms
Starting: /Applications/Unity/Hub/Editor/6000.3.9f1/Unity.app/Contents/Resources/BuildPipeline/bee_backend --ipc --dagfile="Library/Bee/Player52ad7c06.dag" --profile="Library/Bee/backend1.traceevents" Player
WorkingDir: /Users/akshaykadam/Documents/UnityApps/NeuroRehab Cognitive Therapy Portal
Rebuilding DAG because FileSignature timestamp changed: Library/Bee/Player52ad7c06-inputdata.json
*** Tundra requires additional run (0.05 seconds), 0 items updated, 0 evaluated
Starting: /Applications/Unity/Hub/Editor/6000.3.9f1/Unity.app/Contents/Resources/Scripting/netcorerun/netcorerun "/Applications/Unity/Hub/Editor/6000.3.9f1/PlaybackEngines/AndroidPlayer/AndroidPlayerBuildProgram.exe" "/Applications/Unity/Hub/Editor/6000.3.9f1/PlaybackEngines/AndroidPlayer/Bee:/Applications/Unity/Hub/Editor/6000.3.9f1/Unity.app/Contents/Resources/BuildPipeline" "Library/Bee/Player52ad7c06.dag.json" "Library/Bee/Player52ad7c06-inputdata.json" "Library/Bee/buildprogram0.traceevents"
WorkingDir: /Users/akshaykadam/Documents/UnityApps/NeuroRehab Cognitive Therapy Portal
ExitCode: 4 Duration: 0s130msDisplayProgressbar: Incremental Player Build

ExitCode: 0 Duration: 0s828ms
Starting: /Applications/Unity/Hub/Editor/6000.3.9f1/Unity.app/Contents/Resources/BuildPipeline/bee_backend --ipc --dagfile="Library/Bee/Player52ad7c06.dag" --dagfilejson="Library/Bee/Player52ad7c06.dag.json" --profile="Library/Bee/backend2.traceevents" Player
WorkingDir: /Users/akshaykadam/Documents/UnityApps/NeuroRehab Cognitive Therapy Portal
Finished compiling graph: 1480 nodes, 4063 flattened edges (4058 ToBuild, 5 ToUse), maximum node priority 2147483647
[           0s] Delete 2 artifact files that are no longer in use. (like /Users/akshaykadam/Documents/UnityApps/NeuroRehab Cognitive Therapy Portal/Library/Bee/Android/Prj/IL2CPP/Gradle/unityLibrary/src/main/assets/bin/Data/7708219773ee442bb8eb5e6e6a5eb5ee)
[  67/1289  0s] WriteText Library/Bee/artifacts/csharpactions/boot.config_x4e9.info
[  68/1289  0s] WriteText Library/Bee/artifacts/csharpactions/IntermediateFiles.txt_ri9j.info
[  69/1289  0s] CopyFiles Library/Bee/artifacts/Android/Gradle/unityLibrary/proguard-user.txt
[  71/1289  0s] WriteText Library/Bee/artifacts/csharpactions/unity_app_guid_1qh1.info
[ 191/1289  0s] CopyFiles /Users/akshaykadam/Documents/UnityApps/NeuroRehab Cognitive Therapy Portal/Library/Bee/Android/Prj/IL2CPP/Gradle/unityLibrary/src/main/assets/bin/Data/Resources/unity_builtin_extra
[ 194/1289  0s] CopyFiles /Users/akshaykadam/Documents/UnityApps/NeuroRehab Cognitive Therapy Portal/Library/Bee/Android/Prj/IL2CPP/Gradle/unityLibrary/src/main/assets/bin/Data/globalgamemanagers
[ 195/1289  0s] CopyFiles /Users/akshaykadam/Documents/UnityApps/NeuroRehab Cognitive Therapy Portal/Library/Bee/Android/Prj/IL2CPP/Gradle/unityLibrary/src/main/assets/bin/Data/f7f5e36797cf0c1408561665c67b179b
[ 196/1289  0s] CopyFiles /Users/akshaykadam/Documents/UnityApps/NeuroRehab Cognitive Therapy Portal/Library/Bee/Android/Prj/IL2CPP/Gradle/unityLibrary/src/main/assets/bin/Data/f6ce33b91f6ffe54cadacbf4bb112440
[ 197/1289  0s] CopyFiles /Users/akshaykadam/Documents/UnityApps/NeuroRehab Cognitive Therapy Portal/Library/Bee/Android/Prj/IL2CPP/Gradle/unityLibrary/src/main/assets/bin/Data/f6b1a0fe75d5009449cf55ae76220e2b
[ 198/1289  0s] CopyFiles /Users/akshaykadam/Documents/UnityApps/NeuroRehab Cognitive Therapy Portal/Library/Bee/Android/Prj/IL2CPP/Gradle/unityLibrary/src/main/assets/bin/Data/f22bcc84a5f4a1944b075a2c4ac71493
[ 199/1289  0s] CopyFiles /Users/akshaykadam/Documents/UnityApps/NeuroRehab Cognitive Therapy Portal/Library/Bee/Android/Prj/IL2CPP/Gradle/unityLibrary/src/main/assets/bin/Data/dc0f88987826e6e48b1fe9c7c2b53a53
[ 200/1289  0s] CopyFiles /Users/akshaykadam/Documents/UnityApps/NeuroRehab Cognitive Therapy Portal/Library/Bee/Android/Prj/IL2CPP/Gradle/unityLibrary/src/main/assets/bin/Data/daa46a58178a6ad41ae1ddc2dc7f856d
[ 201/1289  0s] CopyFiles /Users/akshaykadam/Documents/UnityApps/NeuroRehab Cognitive Therapy Portal/Library/Bee/Android/Prj/IL2CPP/Gradle/unityLibrary/src/main/assets/bin/Data/d8c744701b43c864b88e7f8144e19bc5
[ 202/1289  0s] CopyFiles /Users/akshaykadam/Documents/UnityApps/NeuroRehab Cognitive Therapy Portal/Library/Bee/Android/Prj/IL2CPP/Gradle/unityLibrary/src/main/assets/bin/Data/d49e78756811bfa4aafb8b6535417991
[ 203/1289  0s] CopyFiles /Users/akshaykadam/Documents/UnityApps/NeuroRehab Cognitive Therapy Portal/Library/Bee/Android/Prj/IL2CPP/Gradle/unityLibrary/src/main/assets/bin/Data/d47f009476100f545971a81ede14c750
[ 204/1289  0s] CopyFiles /Users/akshaykadam/Documents/UnityApps/NeuroRehab Cognitive Therapy Portal/Library/Bee/Android/Prj/IL2CPP/Gradle/unityLibrary/src/main/assets/bin/Data/d3770aaa3bbd8384aabab9ddd383e21e
[ 205/1289  0s] CopyFiles /Users/akshaykadam/Documents/UnityApps/NeuroRehab Cognitive Therapy Portal/Library/Bee/Android/Prj/IL2CPP/Gradle/unityLibrary/src/main/assets/bin/Data/cf6cbdd672089a84796e55a21fed1cbe
[ 206/1289  0s] CopyFiles /Users/akshaykadam/Documents/UnityApps/NeuroRehab Cognitive Therapy Portal/Library/Bee/Android/Prj/IL2CPP/Gradle/unityLibrary/src/main/assets/bin/Data/ce347ad101f41ee4ab5c3fbc0ea447db
[ 207/1289  0s] CopyFiles /Users/akshaykadam/Documents/UnityApps/NeuroRehab Cognitive Therapy Portal/Library/Bee/Android/Prj/IL2CPP/Gradle/unityLibrary/src/main/assets/bin/Data/ca3e294656861a64b8aeeb9f916da0a9
[ 208/1289  0s] CopyFiles /Users/akshaykadam/Documents/UnityApps/NeuroRehab Cognitive Therapy Portal/Library/Bee/Android/Prj/IL2CPP/Gradle/unityLibrary/src/main/assets/bin/Data/b346b2a2df1d290438be3287b6419408
[ 209/1289  0s] CopyFiles /Users/akshaykadam/Documents/UnityApps/NeuroRehab Cognitive Therapy Portal/Library/Bee/Android/Prj/IL2CPP/Gradle/unityLibrary/src/main/assets/bin/Data/b2da6b27df236b144b3516ed8e7d36ac
[ 210/1289  0s] CopyFiles /Users/akshaykadam/Documents/UnityApps/NeuroRehab Cognitive Therapy Portal/Library/Bee/Android/Prj/IL2CPP/Gradle/unityLibrary/src/main/assets/bin/Data/ae00bb75e0cd5b04b8fe7fb4ab662629
[ 211/1289  0s] CopyFiles /Users/akshaykadam/Documents/UnityApps/NeuroRehab Cognitive Therapy Portal/Library/Bee/Android/Prj/IL2CPP/Gradle/unityLibrary/src/main/assets/bin/Data/ad83bc56407925d44a77a5bd01cd6783
[ 212/1289  0s] CopyFiles /Users/akshaykadam/Documents/UnityApps/NeuroRehab Cognitive Therapy Portal/Library/Bee/Android/Prj/IL2CPP/Gradle/unityLibrary/src/main/assets/bin/Data/a87cfaef648f17c41b568e842e068c51
[ 213/1289  0s] CopyFiles /Users/akshaykadam/Documents/UnityApps/NeuroRehab Cognitive Therapy Portal/Library/Bee/Android/Prj/IL2CPP/Gradle/unityLibrary/src/main/assets/bin/Data/a674720496c1ed248a5b7ea3e22a11fd
[ 214/1289  0s] CopyFiles /Users/akshaykadam/Documents/UnityApps/NeuroRehab Cognitive Therapy Portal/Library/Bee/Android/Prj/IL2CPP/Gradle/unityLibrary/src/main/assets/bin/Data/a2148203dd960814ca5db0c293ceda35
[ 215/1289  0s] CopyFiles /Users/akshaykadam/Documents/UnityApps/NeuroRehab Cognitive Therapy Portal/Library/Bee/Android/Prj/IL2CPP/Gradle/unityLibrary/src/main/assets/bin/Data/988db55689193434fb0b3b89538f978f
[ 216/1289  0s] CopyFiles /Users/akshaykadam/Documents/UnityApps/NeuroRehab Cognitive Therapy Portal/Library/Bee/Android/Prj/IL2CPP/Gradle/unityLibrary/src/main/assets/bin/Data/94afea5f242d72547979595ba963f335
[ 217/1289  0s] CopyFiles /Users/akshaykadam/Documents/UnityApps/NeuroRehab Cognitive Therapy Portal/Library/Bee/Android/Prj/IL2CPP/Gradle/unityLibrary/src/main/assets/bin/Data/928d1ca04af80c84e8d5dabc18095d79
[ 218/1289  0s] CopyFiles /Users/akshaykadam/Documents/UnityApps/NeuroRehab Cognitive Therapy Portal/Library/Bee/Android/Prj/IL2CPP/Gradle/unityLibrary/src/main/assets/bin/Data/8778e6b26b51c6a4999b94d7cacd8b5d
[ 219/1289  0s] CopyFiles /Users/akshaykadam/Documents/UnityApps/NeuroRehab Cognitive Therapy Portal/Library/Bee/Android/Prj/IL2CPP/Gradle/unityLibrary/src/main/assets/bin/Data/7c78b588b2e1f7c4a86ca4a985cf6e4a
[ 220/1289  0s] CopyFiles /Users/akshaykadam/Documents/UnityApps/NeuroRehab Cognitive Therapy Portal/Library/Bee/Android/Prj/IL2CPP/Gradle/unityLibrary/src/main/assets/bin/Data/7a0568d5e3330b84687e307992be3030
[ 221/1289  0s] CopyFiles /Users/akshaykadam/Documents/UnityApps/NeuroRehab Cognitive Therapy Portal/Library/Bee/Android/Prj/IL2CPP/Gradle/unityLibrary/src/main/assets/bin/Data/77c185820dd1a464eac89cae3abccddf
[ 222/1289  0s] CopyFiles /Users/akshaykadam/Documents/UnityApps/NeuroRehab Cognitive Therapy Portal/Library/Bee/Android/Prj/IL2CPP/Gradle/unityLibrary/src/main/assets/bin/Data/74a5091d8707f334b9a5c31ef71a64ba
[ 223/1289  0s] CopyFiles /Users/akshaykadam/Documents/UnityApps/NeuroRehab Cognitive Therapy Portal/Library/Bee/Android/Prj/IL2CPP/Gradle/unityLibrary/src/main/assets/bin/Data/65efa40cb77b94c3d95586075e3e6dc3
[ 224/1289  0s] CopyFiles /Users/akshaykadam/Documents/UnityApps/NeuroRehab Cognitive Therapy Portal/Library/Bee/Android/Prj/IL2CPP/Gradle/unityLibrary/src/main/assets/bin/Data/5088d0220f0c4df439cf06c5c270eacb
[ 225/1289  0s] CopyFiles /Users/akshaykadam/Documents/UnityApps/NeuroRehab Cognitive Therapy Portal/Library/Bee/Android/Prj/IL2CPP/Gradle/unityLibrary/src/main/assets/bin/Data/48fb043c850cadc4a883b53785e14c6e
[ 226/1289  0s] CopyFiles /Users/akshaykadam/Documents/UnityApps/NeuroRehab Cognitive Therapy Portal/Library/Bee/Android/Prj/IL2CPP/Gradle/unityLibrary/src/main/assets/bin/Data/4480fc7c302f847ec836d8efd1d1c131
[ 227/1289  0s] CopyFiles /Users/akshaykadam/Documents/UnityApps/NeuroRehab Cognitive Therapy Portal/Library/Bee/Android/Prj/IL2CPP/Gradle/unityLibrary/src/main/assets/bin/Data/38a07789c9e87004dad98c2909f58369
[ 228/1289  0s] CopyFiles /Users/akshaykadam/Documents/UnityApps/NeuroRehab Cognitive Therapy Portal/Library/Bee/Android/Prj/IL2CPP/Gradle/unityLibrary/src/main/assets/bin/Data/326f7c58aed965d41bf7805a782d1e44
[ 229/1289  0s] CopyFiles /Users/akshaykadam/Documents/UnityApps/NeuroRehab Cognitive Therapy Portal/Library/Bee/Android/Prj/IL2CPP/Gradle/unityLibrary/src/main/assets/bin/Data/2d019437ff89b8d44949727731cd9357
[ 230/1289  0s] CopyFiles /Users/akshaykadam/Documents/UnityApps/NeuroRehab Cognitive Therapy Portal/Library/Bee/Android/Prj/IL2CPP/Gradle/unityLibrary/src/main/assets/bin/Data/1c87ab2ce8b8b304d98fbe9a734b1f74
[ 231/1289  0s] CopyFiles /Users/akshaykadam/Documents/UnityApps/NeuroRehab Cognitive Therapy Portal/Library/Bee/Android/Prj/IL2CPP/Gradle/unityLibrary/src/main/assets/bin/Data/127279d577f25ac4ea17dae3782e5074
[ 232/1289  0s] CopyFiles /Users/akshaykadam/Documents/UnityApps/NeuroRehab Cognitive Therapy Portal/Library/Bee/Android/Prj/IL2CPP/Gradle/unityLibrary/src/main/assets/bin/Data/10a25524b0986f9488b430e2829bbbe8
[ 233/1289  0s] CopyFiles /Users/akshaykadam/Documents/UnityApps/NeuroRehab Cognitive Therapy Portal/Library/Bee/Android/Prj/IL2CPP/Gradle/unityLibrary/src/main/assets/bin/Data/0000000000000000f000000000000000
[ 234/1289  0s] SplitFile Library/Bee/artifacts/Android/Split/sharedassets0.assets
[ 235/1289  0s] CopyFiles /Users/akshaykadam/Documents/UnityApps/NeuroRehab Cognitive Therapy Portal/Library/Bee/Android/Prj/IL2CPP/Gradle/unityLibrary/src/main/assets/bin/Data/sharedassets0.assets
[ 237/1289  0s] SplitFile Library/Bee/artifacts/Android/Split/level0
[ 238/1289  0s] CopyFiles /Users/akshaykadam/Documents/UnityApps/NeuroRehab Cognitive Therapy Portal/Library/Bee/Android/Prj/IL2CPP/Gradle/unityLibrary/src/main/assets/bin/Data/level0
[ 239/1289  0s] SplitFile Library/Bee/artifacts/Android/Split/globalgamemanagers.assets
[ 240/1289  0s] AddBootConfigGUID Library/Bee/artifacts/Android/boot.config
[ 241/1289  0s] CopyFiles /Users/akshaykadam/Documents/UnityApps/NeuroRehab Cognitive Therapy Portal/Library/Bee/Android/Prj/IL2CPP/Gradle/unityLibrary/src/main/assets/bin/Data/boot.config
[ 242/1289  0s] ActionGenerateProjectFiles Library/Bee/artifacts/Android/IntermediateFiles.txt (+47 others)
[ 243/1289  4s] UnityLinker /Users/akshaykadam/Documents/UnityApps/NeuroRehab Cognitive Therapy Portal/Library/Bee/artifacts/unitylinker_xy1a.traceevents
/Applications/Unity/Hub/Editor/6000.3.9f1/Unity.app/Contents/Resources/Scripting/il2cpp/build/deploy/UnityLinker --allowed-assembly=/Applications/Unity/Hub/Editor/6000.3.9f1/PlaybackEngines/AndroidPlayer/Variations/il2cpp/Managed/UnityEngine.AIModule.dll --allowed-assembly=/Applications/Unity/Hub/Editor/6000.3.9f1/PlaybackEngines/AndroidPlayer/Variations/il2cpp/Managed/UnityEngine.ARModule.dll --allowed-assembly=/Applications/Unity/Hub/Editor/6000.3.9f1/PlaybackEngines/AndroidPlayer/Variations/il2cpp/Managed/UnityEngine.AccessibilityModule.dll --allowed-assembly=/Applications/Unity/Hub/Editor/6000.3.9f1/PlaybackEngines/AndroidPlayer/Variations/il2cpp/Managed/UnityEngine.AdaptivePerformanceModule.dll --allowed-assembly=/Applications/Unity/Hub/Editor/6000.3.9f1/PlaybackEngines/AndroidPlayer/Variations/il2cpp/Managed/UnityEngine.AndroidJNIModule.dll --allowed-assembly=/Applications/Unity/Hub/Editor/6000.3.9f1/PlaybackEngines/AndroidPlayer/Variations/il2cpp/Managed/UnityEngine.AnimationModule.dll --allowed-assembly=/Applications/Unity/Hub/Editor/6000.3.9f1/PlaybackEngines/AndroidPlayer/Variations/il2cpp/Managed/UnityEngine.AssetBundleModule.dll --allowed-assembly=/Applications/Unity/Hub/Editor/6000.3.9f1/PlaybackEngines/AndroidPlayer/Variations/il2cpp/Managed/UnityEngine.AudioModule.dll --allowed-assembly=/Applications/Unity/Hub/Editor/6000.3.9f1/PlaybackEngines/AndroidPlayer/Variations/il2cpp/Managed/UnityEngine.ClothModule.dll --allowed-assembly=/Applications/Unity/Hub/Editor/6000.3.9f1/PlaybackEngines/AndroidPlayer/Variations/il2cpp/Managed/UnityEngine.ContentLoadModule.dll --allowed-assembly=/Applications/Unity/Hub/Editor/6000.3.9f1/PlaybackEngines/AndroidPlayer/Variations/il2cpp/Managed/UnityEngine.CoreModule.dll --allowed-assembly=/Applications/Unity/Hub/Editor/6000.3.9f1/PlaybackEngines/AndroidPlayer/Variations/il2cpp/Managed/UnityEngine.CrashReportingModule.dll --allowed-assembly=/Applications/Unity/Hub/Editor/6000.3.9f1/PlaybackEngines/AndroidPlayer/Variations/il2cpp/Managed/UnityEngine.DSPGraphModule.dll --allowed-assembly=/Applications/Unity/Hub/Editor/6000.3.9f1/PlaybackEngines/AndroidPlayer/Variations/il2cpp/Managed/UnityEngine.DirectorModule.dll --allowed-assembly=/Applications/Unity/Hub/Editor/6000.3.9f1/PlaybackEngines/AndroidPlayer/Variations/il2cpp/Managed/UnityEngine.GIModule.dll --allowed-assembly=/Applications/Unity/Hub/Editor/6000.3.9f1/PlaybackEngines/AndroidPlayer/Variations/il2cpp/Managed/UnityEngine.GameCenterModule.dll --allowed-assembly=/Applications/Unity/Hub/Editor/6000.3.9f1/PlaybackEngines/AndroidPlayer/Variations/il2cpp/Managed/UnityEngine.GraphicsStateCollectionSerializerModule.dll --allowed-assembly=/Applications/Unity/Hub/Editor/6000.3.9f1/PlaybackEngines/AndroidPlayer/Variations/il2cpp/Managed/UnityEngine.GridModule.dll --allowed-assembly=/Applications/Unity/Hub/Editor/6000.3.9f1/PlaybackEngines/AndroidPlayer/Variations/il2cpp/Managed/UnityEngine.HierarchyCoreModule.dll --allowed-assembly=/Applications/Unity/Hub/Editor/6000.3.9f1/PlaybackEngines/AndroidPlayer/Variations/il2cpp/Managed/UnityEngine.HierarchyModule.dll --allowed-assembly=/Applications/Unity/Hub/Editor/6000.3.9f1/PlaybackEngines/AndroidPlayer/Variations/il2cpp/Managed/UnityEngine.HotReloadModule.dll --allowed-assembly=/Applications/Unity/Hub/Editor/6000.3.9f1/PlaybackEngines/AndroidPlayer/Variations/il2cpp/Managed/UnityEngine.IMGUIModule.dll --allowed-assembly=/Applications/Unity/Hub/Editor/6000.3.9f1/PlaybackEngines/AndroidPlayer/Variations/il2cpp/Managed/UnityEngine.IdentifiersModule.dll --allowed-assembly=/Applications/Unity/Hub/Editor/6000.3.9f1/PlaybackEngines/AndroidPlayer/Variations/il2cpp/Managed/UnityEngine.ImageConversionModule.dll --allowed-assembly=/Applications/Unity/Hub/Editor/6000.3.9f1/PlaybackEngines/AndroidPlayer/Variations/il2cpp/Managed/UnityEngine.InputForUIModule.dll --allowed-assembly=/Applications/Unity/Hub/Editor/6000.3.9f1/PlaybackEngines/AndroidPlayer/Variations/il2cpp/Managed/UnityEngine.InputLegacyModule.dll --allowed-assembly=/Applications/Unity/Hub/Editor/6000.3.9f1/PlaybackEngines/AndroidPlayer/Variations/il2cpp/Managed/UnityEngine.InputModule.dll --allowed-assembly=/Applications/Unity/Hub/Editor/6000.3.9f1/PlaybackEngines/AndroidPlayer/Variations/il2cpp/Managed/UnityEngine.InsightsModule.dll --allowed-assembly=/Applications/Unity/Hub/Editor/6000.3.9f1/PlaybackEngines/AndroidPlayer/Variations/il2cpp/Managed/UnityEngine.JSONSerializeModule.dll --allowed-assembly=/Applications/Unity/Hub/Editor/6000.3.9f1/PlaybackEngines/AndroidPlayer/Variations/il2cpp/Managed/UnityEngine.LocalizationModule.dll --allowed-assembly=/Applications/Unity/Hub/Editor/6000.3.9f1/PlaybackEngines/AndroidPlayer/Variations/il2cpp/Managed/UnityEngine.MarshallingModule.dll --allowed-assembly=/Applications/Unity/Hub/Editor/6000.3.9f1/PlaybackEngines/AndroidPlayer/Variations/il2cpp/Managed/UnityEngine.MultiplayerModule.dll --allowed-assembly=/Applications/Unity/Hub/Editor/6000.3.9f1/PlaybackEngines/AndroidPlayer/Variations/il2cpp/Managed/UnityEngine.ParticleSystemModule.dll --allowed-assembly=/Applications/Unity/Hub/Editor/6000.3.9f1/PlaybackEngines/AndroidPlayer/Variations/il2cpp/Managed/UnityEngine.PerformanceReportingModule.dll --allowed-assembly=/Applications/Unity/Hub/Editor/6000.3.9f1/PlaybackEngines/AndroidPlayer/Variations/il2cpp/Managed/UnityEngine.Physics2DModule.dll --allowed-assembly=/Applications/Unity/Hub/Editor/6000.3.9f1/PlaybackEngines/AndroidPlayer/Variations/il2cpp/Managed/UnityEngine.PhysicsBackendPhysXModule.dll --allowed-assembly=/Applications/Unity/Hub/Editor/6000.3.9f1/PlaybackEngines/AndroidPlayer/Variations/il2cpp/Managed/UnityEngine.PhysicsModule.dll --allowed-assembly=/Applications/Unity/Hub/Editor/6000.3.9f1/PlaybackEngines/AndroidPlayer/Variations/il2cpp/Managed/UnityEngine.PropertiesModule.dll --allowed-assembly=/Applications/Unity/Hub/Editor/6000.3.9f1/PlaybackEngines/AndroidPlayer/Variations/il2cpp/Managed/UnityEngine.RenderAs2DModule.dll --allowed-assembly=/Applications/Unity/Hub/Editor/6000.3.9f1/PlaybackEngines/AndroidPlayer/Variations/il2cpp/Managed/UnityEngine.RuntimeInitializeOnLoadManagerInitializerModule.dll --allowed-assembly=/Applications/Unity/Hub/Editor/6000.3.9f1/PlaybackEngines/AndroidPlayer/Variations/il2cpp/Managed/UnityEngine.ScreenCaptureModule.dll --allowed-assembly=/Applications/Unity/Hub/Editor/6000.3.9f1/PlaybackEngines/AndroidPlayer/Variations/il2cpp/Managed/UnityEngine.ShaderRuntimeModule.dll --allowed-assembly=/Applications/Unity/Hub/Editor/6000.3.9f1/PlaybackEngines/AndroidPlayer/Variations/il2cpp/Managed/UnityEngine.ShaderVariantAnalyticsModule.dll --allowed-assembly=/Applications/Unity/Hub/Editor/6000.3.9f1/PlaybackEngines/AndroidPlayer/Variations/il2cpp/Managed/UnityEngine.SharedInternalsModule.dll --allowed-assembly=/Applications/Unity/Hub/Editor/6000.3.9f1/PlaybackEngines/AndroidPlayer/Variations/il2cpp/Managed/UnityEngine.SpriteMaskModule.dll --allowed-assembly=/Applications/Unity/Hub/Editor/6000.3.9f1/PlaybackEngines/AndroidPlayer/Variations/il2cpp/Managed/UnityEngine.SpriteShapeModule.dll --allowed-assembly=/Applications/Unity/Hub/Editor/6000.3.9f1/PlaybackEngines/AndroidPlayer/Variations/il2cpp/Managed/UnityEngine.StreamingModule.dll --allowed-assembly=/Applications/Unity/Hub/Editor/6000.3.9f1/PlaybackEngines/AndroidPlayer/Variations/il2cpp/Managed/UnityEngine.SubstanceModule.dll --allowed-assembly=/Applications/Unity/Hub/Editor/6000.3.9f1/PlaybackEngines/AndroidPlayer/Variations/il2cpp/Managed/UnityEngine.SubsystemsModule.dll --allowed-assembly=/Applications/Unity/Hub/Editor/6000.3.9f1/PlaybackEngines/AndroidPlayer/Variations/il2cpp/Managed/UnityEngine.TLSModule.dll --allowed-assembly=/Applications/Unity/Hub/Editor/6000.3.9f1/PlaybackEngines/AndroidPlayer/Variations/il2cpp/Managed/UnityEngine.TerrainModule.dll --allowed-assembly=/Applications/Unity/Hub/Editor/6000.3.9f1/PlaybackEngines/AndroidPlayer/Variations/il2cpp/Managed/UnityEngine.TerrainPhysicsModule.dll --allowed-assembly=/Applications/Unity/Hub/Editor/6000.3.9f1/PlaybackEngines/AndroidPlayer/Variations/il2cpp/Managed/UnityEngine.TextCoreFontEngineModule.dll --allowed-assembly=/Applications/Unity/Hub/Editor/6000.3.9f1/PlaybackEngines/AndroidPlayer/Variations/il2cpp/Managed/UnityEngine.TextCoreTextEngineModule.dll --allowed-assembly=/Applications/Unity/Hub/Editor/6000.3.9f1/PlaybackEngines/AndroidPlayer/Variations/il2cpp/Managed/UnityEngine.TextRenderingModule.dll --allowed-assembly=/Applications/Unity/Hub/Editor/6000.3.9f1/PlaybackEngines/AndroidPlayer/Variations/il2cpp/Managed/UnityEngine.TilemapModule.dll --allowed-assembly=/Applications/Unity/Hub/Editor/6000.3.9f1/PlaybackEngines/AndroidPlayer/Variations/il2cpp/Managed/UnityEngine.UIElementsModule.dll --allowed-assembly=/Applications/Unity/Hub/Editor/6000.3.9f1/PlaybackEngines/AndroidPlayer/Variations/il2cpp/Managed/UnityEngine.UIModule.dll --allowed-assembly=/Applications/Unity/Hub/Editor/6000.3.9f1/PlaybackEngines/AndroidPlayer/Variations/il2cpp/Managed/UnityEngine.UmbraModule.dll --allowed-assembly=/Applications/Unity/Hub/Editor/6000.3.9f1/PlaybackEngines/AndroidPlayer/Variations/il2cpp/Managed/UnityEngine.UnityAnalyticsCommonModule.dll --allowed-assembly=/Applications/Unity/Hub/Editor/6000.3.9f1/PlaybackEngines/AndroidPlayer/Variations/il2cpp/Managed/UnityEngine.UnityAnalyticsModule.dll --allowed-assembly=/Applications/Unity/Hub/Editor/6000.3.9f1/PlaybackEngines/AndroidPlayer/Variations/il2cpp/Managed/UnityEngine.UnityConnectModule.dll --allowed-assembly=/Applications/Unity/Hub/Editor/6000.3.9f1/PlaybackEngines/AndroidPlayer/Variations/il2cpp/Managed/UnityEngine.UnityConsentModule.dll --allowed-assembly=/Applications/Unity/Hub/Editor/6000.3.9f1/PlaybackEngines/AndroidPlayer/Variations/il2cpp/Managed/UnityEngine.UnityCurlModule.dll --allowed-assembly=/Applications/Unity/Hub/Editor/6000.3.9f1/PlaybackEngines/AndroidPlayer/Variations/il2cpp/Managed/UnityEngine.UnityWebRequestAssetBundleModule.dll --allowed-assembly=/Applications/Unity/Hub/Editor/6000.3.9f1/PlaybackEngines/AndroidPlayer/Variations/il2cpp/Managed/UnityEngine.UnityWebRequestAudioModule.dll --allowed-assembly=/Applications/Unity/Hub/Editor/6000.3.9f1/PlaybackEngines/AndroidPlayer/Variations/il2cpp/Managed/UnityEngine.UnityWebRequestModule.dll --allowed-assembly=/Applications/Unity/Hub/Editor/6000.3.9f1/PlaybackEngines/AndroidPlayer/Variations/il2cpp/Managed/UnityEngine.UnityWebRequestTextureModule.dll --allowed-assembly=/Applications/Unity/Hub/Editor/6000.3.9f1/PlaybackEngines/AndroidPlayer/Variations/il2cpp/Managed/UnityEngine.UnityWebRequestWWWModule.dll --allowed-assembly=/Applications/Unity/Hub/Editor/6000.3.9f1/PlaybackEngines/AndroidPlayer/Variations/il2cpp/Managed/UnityEngine.VFXModule.dll --allowed-assembly=/Applications/Unity/Hub/Editor/6000.3.9f1/PlaybackEngines/AndroidPlayer/Variations/il2cpp/Managed/UnityEngine.VRModule.dll --allowed-assembly=/Applications/Unity/Hub/Editor/6000.3.9f1/PlaybackEngines/AndroidPlayer/Variations/il2cpp/Managed/UnityEngine.VectorGraphicsModule.dll --allowed-assembly=/Applications/Unity/Hub/Editor/6000.3.9f1/PlaybackEngines/AndroidPlayer/Variations/il2cpp/Managed/UnityEngine.VehiclesModule.dll --allowed-assembly=/Applications/Unity/Hub/Editor/6000.3.9f1/PlaybackEngines/AndroidPlayer/Variations/il2cpp/Managed/UnityEngine.VideoModule.dll --allowed-assembly=/Applications/Unity/Hub/Editor/6000.3.9f1/PlaybackEngines/AndroidPlayer/Variations/il2cpp/Managed/UnityEngine.WindModule.dll --allowed-assembly=/Applications/Unity/Hub/Editor/6000.3.9f1/PlaybackEngines/AndroidPlayer/Variations/il2cpp/Managed/UnityEngine.XRModule.dll --allowed-assembly=/Applications/Unity/Hub/Editor/6000.3.9f1/PlaybackEngines/AndroidPlayer/Variations/il2cpp/Managed/UnityEngine.dll --allowed-assembly=/Users/akshaykadam/Documents/UnityApps/NeuroRehab Cognitive Therapy Portal/Library/Bee/PlayerScriptAssemblies/Assembly-CSharp.dll --allowed-assembly=/Users/akshaykadam/Documents/UnityApps/NeuroRehab Cognitive Therapy Portal/Library/Bee/PlayerScriptAssemblies/Unity.AI.Navigation.dll --allowed-assembly=/Users/akshaykadam/Documents/UnityApps/NeuroRehab Cognitive Therapy Portal/Library/Bee/PlayerScriptAssemblies/Unity.Burst.dll --allowed-assembly=/Users/akshaykadam/Documents/UnityApps/NeuroRehab Cognitive Therapy Portal/Library/Bee/PlayerScriptAssemblies/Unity.Collections.dll --allowed-assembly=/Users/akshaykadam/Documents/UnityApps/NeuroRehab Cognitive Therapy Portal/Library/Bee/PlayerScriptAssemblies/Unity.InputSystem.dll --allowed-assembly=/Users/akshaykadam/Documents/UnityApps/NeuroRehab Cognitive Therapy Portal/Library/Bee/PlayerScriptAssemblies/Unity.InputSystem.ForUI.dll --allowed-assembly=/Users/akshaykadam/Documents/UnityApps/NeuroRehab Cognitive Therapy Portal/Library/Bee/PlayerScriptAssemblies/Unity.InternalAPIEngineBridge.004.dll --allowed-assembly=/Users/akshaykadam/Documents/UnityApps/NeuroRehab Cognitive Therapy Portal/Library/Bee/PlayerScriptAssemblies/Unity.Mathematics.dll --allowed-assembly=/Users/akshaykadam/Documents/UnityApps/NeuroRehab Cognitive Therapy Portal/Library/Bee/PlayerScriptAssemblies/Unity.Multiplayer.Center.Common.dll --allowed-assembly=/Users/akshaykadam/Documents/UnityApps/NeuroRehab Cognitive Therapy Portal/Library/Bee/PlayerScriptAssemblies/Unity.RenderPipeline.Universal.ShaderLibrary.dll --allowed-assembly=/Users/akshaykadam/Documents/UnityApps/NeuroRehab Cognitive Therapy Portal/Library/Bee/PlayerScriptAssemblies/Unity.RenderPipelines.Core.Runtime.dll --allowed-assembly=/Users/akshaykadam/Documents/UnityApps/NeuroRehab Cognitive Therapy Portal/Library/Bee/PlayerScriptAssemblies/Unity.RenderPipelines.Core.Runtime.Shared.dll --allowed-assembly=/Users/akshaykadam/Documents/UnityApps/NeuroRehab Cognitive Therapy Portal/Library/Bee/PlayerScriptAssemblies/Unity.RenderPipelines.Core.ShaderLibrary.dll --allowed-assembly=/Users/akshaykadam/Documents/UnityApps/NeuroRehab Cognitive Therapy Portal/Library/Bee/PlayerScriptAssemblies/Unity.RenderPipelines.GPUDriven.Runtime.dll --allowed-assembly=/Users/akshaykadam/Documents/UnityApps/NeuroRehab Cognitive Therapy Portal/Library/Bee/PlayerScriptAssemblies/Unity.RenderPipelines.ShaderGraph.ShaderGraphLibrary.dll --allowed-assembly=/Users/akshaykadam/Documents/UnityApps/NeuroRehab Cognitive Therapy Portal/Library/Bee/PlayerScriptAssemblies/Unity.RenderPipelines.Universal.2D.Runtime.dll --allowed-assembly=/Users/akshaykadam/Documents/UnityApps/NeuroRehab Cognitive Therapy Portal/Library/Bee/PlayerScriptAssemblies/Unity.RenderPipelines.Universal.Config.Runtime.dll --allowed-assembly=/Users/akshaykadam/Documents/UnityApps/NeuroRehab Cognitive Therapy Portal/Library/Bee/PlayerScriptAssemblies/Unity.RenderPipelines.Universal.Runtime.dll --allowed-assembly=/Users/akshaykadam/Documents/UnityApps/NeuroRehab Cognitive Therapy Portal/Library/Bee/PlayerScriptAssemblies/Unity.RenderPipelines.Universal.Shaders.dll --allowed-assembly=/Users/akshaykadam/Documents/UnityApps/NeuroRehab Cognitive Therapy Portal/Library/Bee/PlayerScriptAssemblies/Unity.TextMeshPro.dll --allowed-assembly=/Users/akshaykadam/Documents/UnityApps/NeuroRehab Cognitive Therapy Portal/Library/Bee/PlayerScriptAssemblies/Unity.Timeline.dll --allowed-assembly=/Users/akshaykadam/Documents/UnityApps/NeuroRehab Cognitive Therapy Portal/Library/Bee/PlayerScriptAssemblies/Unity.UnifiedRayTracing.Runtime.dll --allowed-assembly=/Users/akshaykadam/Documents/UnityApps/NeuroRehab Cognitive Therapy Portal/Library/Bee/PlayerScriptAssemblies/Unity.VisualScripting.Core.dll --allowed-assembly=/Users/akshaykadam/Documents/UnityApps/NeuroRehab Cognitive Therapy Portal/Library/Bee/PlayerScriptAssemblies/Unity.VisualScripting.DocCodeExamples.dll --allowed-assembly=/Users/akshaykadam/Documents/UnityApps/NeuroRehab Cognitive Therapy Portal/Library/Bee/PlayerScriptAssemblies/Unity.VisualScripting.Flow.dll --allowed-assembly=/Users/akshaykadam/Documents/UnityApps/NeuroRehab Cognitive Therapy Portal/Library/Bee/PlayerScriptAssemblies/Unity.VisualScripting.State.dll --allowed-assembly=/Users/akshaykadam/Documents/UnityApps/NeuroRehab Cognitive Therapy Portal/Library/Bee/PlayerScriptAssemblies/UnityEngine.UI.dll --allowed-assembly=/Users/akshaykadam/Documents/UnityApps/NeuroRehab Cognitive Therapy Portal/Library/Bee/PlayerScriptAssemblies/UniWebView-CSharp.dll --allowed-assembly=/Users/akshaykadam/Documents/UnityApps/NeuroRehab Cognitive Therapy Portal/Library/PackageCache/com.unity.collections@aea9d3bd5e19/Unity.Collections.LowLevel.ILSupport/Unity.Collections.LowLevel.ILSupport.dll --allowed-assembly=/Users/akshaykadam/Documents/UnityApps/NeuroRehab Cognitive Therapy Portal/Library/PackageCache/com.unity.collections@aea9d3bd5e19/Unity.Collections.Tests/System.IO.Hashing/System.IO.Hashing.dll --allowed-assembly=/Users/akshaykadam/Documents/UnityApps/NeuroRehab Cognitive Therapy Portal/Library/PackageCache/com.unity.visualscripting@191c0d7e3b69/Runtime/VisualScripting.Flow/Dependencies/NCalc/Unity.VisualScripting.Antlr3.Runtime.dll --allowed-assembly=/Users/akshaykadam/Documents/UnityApps/NeuroRehab Cognitive Therapy Portal/Library/PackageCache/com.unity.burst@07790c2d06d9/Unity.Burst.Unsafe.dll --allowed-assembly=/Users/akshaykadam/Documents/UnityApps/NeuroRehab Cognitive Therapy Portal/Library/PackageCache/com.unity.collections@aea9d3bd5e19/Unity.Collections.Tests/System.Runtime.CompilerServices.Unsafe/System.Runtime.CompilerServices.Unsafe.dll --allowed-assembly=/Applications/Unity/Hub/Editor/6000.3.9f1/Unity.app/Contents/Resources/Scripting/MonoBleedingEdge/lib/mono/unityaot-linux/Accessibility.dll --allowed-assembly=/Applications/Unity/Hub/Editor/6000.3.9f1/Unity.app/Contents/Resources/Scripting/MonoBleedingEdge/lib/mono/unityaot-linux/Facades/Microsoft.Win32.Primitives.dll --allowed-assembly=/Applications/Unity/Hub/Editor/6000.3.9f1/Unity.app/Contents/Resources/Scripting/MonoBleedingEdge/lib/mono/unityaot-linux/Facades/Microsoft.Win32.Registry.AccessControl.dll --allowed-assembly=/Applications/Unity/Hub/Editor/6000.3.9f1/Unity.app/Contents/Resources/Scripting/MonoBleedingEdge/lib/mono/unityaot-linux/Facades/Microsoft.Win32.Registry.dll --allowed-assembly=/Applications/Unity/Hub/Editor/6000.3.9f1/Unity.app/Contents/Resources/Scripting/MonoBleedingEdge/lib/mono/unityaot-linux/Facades/System.AppContext.dll --allowed-assembly=/Applications/Unity/Hub/Editor/6000.3.9f1/Unity.app/Contents/Resources/Scripting/MonoBleedingEdge/lib/mono/unityaot-linux/Facades/System.Buffers.dll --allowed-assembly=/Applications/Unity/Hub/Editor/6000.3.9f1/Unity.app/Contents/Resources/Scripting/MonoBleedingEdge/lib/mono/unityaot-linux/Facades/System.Collections.Concurrent.dll --allowed-assembly=/Applications/Unity/Hub/Editor/6000.3.9f1/Unity.app/Contents/Resources/Scripting/MonoBleedingEdge/lib/mono/unityaot-linux/Facades/System.Collections.NonGeneric.dll --allowed-assembly=/Applications/Unity/Hub/Editor/6000.3.9f1/Unity.app/Contents/Resources/Scripting/MonoBleedingEdge/lib/mono/unityaot-linux/Facades/System.Collections.Specialized.dll --allowed-assembly=/Applications/Unity/Hub/Editor/6000.3.9f1/Unity.app/Contents/Resources/Scripting/MonoBleedingEdge/lib/mono/unityaot-linux/Facades/System.Collections.dll --allowed-assembly=/Applications/Unity/Hub/Editor/6000.3.9f1/Unity.app/Contents/Resources/Scripting/MonoBleedingEdge/lib/mono/unityaot-linux/Facades/System.ComponentModel.Annotations.dll --allowed-assembly=/Applications/Unity/Hub/Editor/6000.3.9f1/Unity.app/Contents/Resources/Scripting/MonoBleedingEdge/lib/mono/unityaot-linux/Facades/System.ComponentModel.EventBasedAsync.dll --allowed-assembly=/Applications/Unity/Hub/Editor/6000.3.9f1/Unity.app/Contents/Resources/Scripting/MonoBleedingEdge/lib/mono/unityaot-linux/Facades/System.ComponentModel.Primitives.dll --allowed-assembly=/Applications/Unity/Hub/Editor/6000.3.9f1/Unity.app/Contents/Resources/Scripting/MonoBleedingEdge/lib/mono/unityaot-linux/Facades/System.ComponentModel.TypeConverter.dll --allowed-assembly=/Applications/Unity/Hub/Editor/6000.3.9f1/Unity.app/Contents/Resources/Scripting/MonoBleedingEdge/lib/mono/unityaot-linux/Facades/System.ComponentModel.dll --allowed-assembly=/Applications/Unity/Hub/Editor/6000.3.9f1/Unity.app/Contents/Resources/Scripting/MonoBleedingEdge/lib/mono/unityaot-linux/Facades/System.Console.dll --allowed-assembly=/Applications/Unity/Hub/Editor/6000.3.9f1/Unity.app/Contents/Resources/Scripting/MonoBleedingEdge/lib/mono/unityaot-linux/Facades/System.Data.Common.dll --allowed-assembly=/Applications/Unity/Hub/Editor/6000.3.9f1/Unity.app/Contents/Resources/Scripting/MonoBleedingEdge/lib/mono/unityaot-linux/Facades/System.Data.SqlClient.dll --allowed-assembly=/Applications/Unity/Hub/Editor/6000.3.9f1/Unity.app/Contents/Resources/Scripting/MonoBleedingEdge/lib/mono/unityaot-linux/Facades/System.Diagnostics.Contracts.dll --allowed-assembly=/Applications/Unity/Hub/Editor/6000.3.9f1/Unity.app/Contents/Resources/Scripting/MonoBleedingEdge/lib/mono/unityaot-linux/Facades/System.Diagnostics.Debug.dll --allowed-assembly=/Applications/Unity/Hub/Editor/6000.3.9f1/Unity.app/Contents/Resources/Scripting/MonoBleedingEdge/lib/mono/unityaot-linux/Facades/System.Diagnostics.FileVersionInfo.dll --allowed-assembly=/Applications/Unity/Hub/Editor/6000.3.9f1/Unity.app/Contents/Resources/Scripting/MonoBleedingEdge/lib/mono/unityaot-linux/Facades/System.Diagnostics.Process.dll --allowed-assembly=/Applications/Unity/Hub/Editor/6000.3.9f1/Unity.app/Contents/Resources/Scripting/MonoBleedingEdge/lib/mono/unityaot-linux/Facades/System.Diagnostics.StackTrace.dll --allowed-assembly=/Applications/Unity/Hub/Editor/6000.3.9f1/Unity.app/Contents/Resources/Scripting/MonoBleedingEdge/lib/mono/unityaot-linux/Facades/System.Diagnostics.TextWriterTraceListener.dll --allowed-assembly=/Applications/Unity/Hub/Editor/6000.3.9f1/Unity.app/Contents/Resources/Scripting/MonoBleedingEdge/lib/mono/unityaot-linux/Facades/System.Diagnostics.Tools.dll --allowed-assembly=/Applications/Unity/Hub/Editor/6000.3.9f1/Unity.app/Contents/Resources/Scripting/MonoBleedingEdge/lib/mono/unityaot-linux/Facades/System.Diagnostics.TraceEvent.dll --allowed-assembly=/Applications/Unity/Hub/Editor/6000.3.9f1/Unity.app/Contents/Resources/Scripting/MonoBleedingEdge/lib/mono/unityaot-linux/Facades/System.Diagnostics.TraceSource.dll --allowed-assembly=/Applications/Unity/Hub/Editor/6000.3.9f1/Unity.app/Contents/Resources/Scripting/MonoBleedingEdge/lib/mono/unityaot-linux/Facades/System.Diagnostics.Tracing.dll --allowed-assembly=/Applications/Unity/Hub/Editor/6000.3.9f1/Unity.app/Contents/Resources/Scripting/MonoBleedingEdge/lib/mono/unityaot-linux/Facades/System.Drawing.Primitives.dll --allowed-assembly=/Applications/Unity/Hub/Editor/6000.3.9f1/Unity.app/Contents/Resources/Scripting/MonoBleedingEdge/lib/mono/unityaot-linux/Facades/System.Dynamic.Runtime.dll --allowed-assembly=/Applications/Unity/Hub/Editor/6000.3.9f1/Unity.app/Contents/Resources/Scripting/MonoBleedingEdge/lib/mono/unityaot-linux/Facades/System.Globalization.Calendars.dll --allowed-assembly=/Applications/Unity/Hub/Editor/6000.3.9f1/Unity.app/Contents/Resources/Scripting/MonoBleedingEdge/lib/mono/unityaot-linux/Facades/System.Globalization.Extensions.dll --allowed-assembly=/Applications/Unity/Hub/Editor/6000.3.9f1/Unity.app/Contents/Resources/Scripting/MonoBleedingEdge/lib/mono/unityaot-linux/Facades/System.Globalization.dll --allowed-assembly=/Applications/Unity/Hub/Editor/6000.3.9f1/Unity.app/Contents/Resources/Scripting/MonoBleedingEdge/lib/mono/unityaot-linux/Facades/System.IO.Compression.ZipFile.dll --allowed-assembly=/Applications/Unity/Hub/Editor/6000.3.9f1/Unity.app/Contents/Resources/Scripting/MonoBleedingEdge/lib/mono/unityaot-linux/Facades/System.IO.FileSystem.AccessControl.dll --allowed-assembly=/Applications/Unity/Hub/Editor/6000.3.9f1/Unity.app/Contents/Resources/Scripting/MonoBleedingEdge/lib/mono/unityaot-linux/Facades/System.IO.FileSystem.DriveInfo.dll --allowed-assembly=/Applications/Unity/Hub/Editor/6000.3.9f1/Unity.app/Contents/Resources/Scripting/MonoBleedingEdge/lib/mono/unityaot-linux/Facades/System.IO.FileSystem.Primitives.dll --allowed-assembly=/Applications/Unity/Hub/Editor/6000.3.9f1/Unity.app/Contents/Resources/Scripting/MonoBleedingEdge/lib/mono/unityaot-linux/Facades/System.IO.FileSystem.Watcher.dll --allowed-assembly=/Applications/Unity/Hub/Editor/6000.3.9f1/Unity.app/Contents/Resources/Scripting/MonoBleedingEdge/lib/mono/unityaot-linux/Facades/System.IO.FileSystem.dll --allowed-assembly=/Applications/Unity/Hub/Editor/6000.3.9f1/Unity.app/Contents/Resources/Scripting/MonoBleedingEdge/lib/mono/unityaot-linux/Facades/System.IO.IsolatedStorage.dll --allowed-assembly=/Applications/Unity/Hub/Editor/6000.3.9f1/Unity.app/Contents/Resources/Scripting/MonoBleedingEdge/lib/mono/unityaot-linux/Facades/System.IO.MemoryMappedFiles.dll --allowed-assembly=/Applications/Unity/Hub/Editor/6000.3.9f1/Unity.app/Contents/Resources/Scripting/MonoBleedingEdge/lib/mono/unityaot-linux/Facades/System.IO.Pipes.dll --allowed-assembly=/Applications/Unity/Hub/Editor/6000.3.9f1/Unity.app/Contents/Resources/Scripting/MonoBleedingEdge/lib/mono/unityaot-linux/Facades/System.IO.UnmanagedMemoryStream.dll --allowed-assembly=/Applications/Unity/Hub/Editor/6000.3.9f1/Unity.app/Contents/Resources/Scripting/MonoBleedingEdge/lib/mono/unityaot-linux/Facades/System.IO.dll --allowed-assembly=/Applications/Unity/Hub/Editor/6000.3.9f1/Unity.app/Contents/Resources/Scripting/MonoBleedingEdge/lib/mono/unityaot-linux/Facades/System.Linq.Expressions.dll --allowed-assembly=/Applications/Unity/Hub/Editor/6000.3.9f1/Unity.app/Contents/Resources/Scripting/MonoBleedingEdge/lib/mono/unityaot-linux/Facades/System.Linq.Parallel.dll --allowed-assembly=/Applications/Unity/Hub/Editor/6000.3.9f1/Unity.app/Contents/Resources/Scripting/MonoBleedingEdge/lib/mono/unityaot-linux/Facades/System.Linq.Queryable.dll --allowed-assembly=/Applications/Unity/Hub/Editor/6000.3.9f1/Unity.app/Contents/Resources/Scripting/MonoBleedingEdge/lib/mono/unityaot-linux/Facades/System.Linq.dll --allowed-assembly=/Applications/Unity/Hub/Editor/6000.3.9f1/Unity.app/Contents/Resources/Scripting/MonoBleedingEdge/lib/mono/unityaot-linux/Facades/System.Memory.dll --allowed-assembly=/Applications/Unity/Hub/Editor/6000.3.9f1/Unity.app/Contents/Resources/Scripting/MonoBleedingEdge/lib/mono/unityaot-linux/Facades/System.Net.AuthenticationManager.dll --allowed-assembly=/Applications/Unity/Hub/Editor/6000.3.9f1/Unity.app/Contents/Resources/Scripting/MonoBleedingEdge/lib/mono/unityaot-linux/Facades/System.Net.Cache.dll --allowed-assembly=/Applications/Unity/Hub/Editor/6000.3.9f1/Unity.app/Contents/Resources/Scripting/MonoBleedingEdge/lib/mono/unityaot-linux/Facades/System.Net.HttpListener.dll --allowed-assembly=/Applications/Unity/Hub/Editor/6000.3.9f1/Unity.app/Contents/Resources/Scripting/MonoBleedingEdge/lib/mono/unityaot-linux/Facades/System.Net.Mail.dll --allowed-assembly=/Applications/Unity/Hub/Editor/6000.3.9f1/Unity.app/Contents/Resources/Scripting/MonoBleedingEdge/lib/mono/unityaot-linux/Facades/System.Net.NameResolution.dll --allowed-assembly=/Applications/Unity/Hub/Editor/6000.3.9f1/Unity.app/Contents/Resources/Scripting/MonoBleedingEdge/lib/mono/unityaot-linux/Facades/System.Net.NetworkInformation.dll --allowed-assembly=/Applications/Unity/Hub/Editor/6000.3.9f1/Unity.app/Contents/Resources/Scripting/MonoBleedingEdge/lib/mono/unityaot-linux/Facades/System.Net.Ping.dll --allowed-assembly=/Applications/Unity/Hub/Editor/6000.3.9f1/Unity.app/Contents/Resources/Scripting/MonoBleedingEdge/lib/mono/unityaot-linux/Facades/System.Net.Primitives.dll --allowed-assembly=/Applications/Unity/Hub/Editor/6000.3.9f1/Unity.app/Contents/Resources/Scripting/MonoBleedingEdge/lib/mono/unityaot-linux/Facades/System.Net.Requests.dll --allowed-assembly=/Applications/Unity/Hub/Editor/6000.3.9f1/Unity.app/Contents/Resources/Scripting/MonoBleedingEdge/lib/mono/unityaot-linux/Facades/System.Net.Security.dll --allowed-assembly=/Applications/Unity/Hub/Editor/6000.3.9f1/Unity.app/Contents/Resources/Scripting/MonoBleedingEdge/lib/mono/unityaot-linux/Facades/System.Net.ServicePoint.dll --allowed-assembly=/Applications/Unity/Hub/Editor/6000.3.9f1/Unity.app/Contents/Resources/Scripting/MonoBleedingEdge/lib/mono/unityaot-linux/Facades/System.Net.Sockets.dll --allowed-assembly=/Applications/Unity/Hub/Editor/6000.3.9f1/Unity.app/Contents/Resources/Scripting/MonoBleedingEdge/lib/mono/unityaot-linux/Facades/System.Net.Utilities.dll --allowed-assembly=/Applications/Unity/Hub/Editor/6000.3.9f1/Unity.app/Contents/Resources/Scripting/MonoBleedingEdge/lib/mono/unityaot-linux/Facades/System.Net.WebHeaderCollection.dll --allowed-assembly=/Applications/Unity/Hub/Editor/6000.3.9f1/Unity.app/Contents/Resources/Scripting/MonoBleedingEdge/lib/mono/unityaot-linux/Facades/System.Net.WebSockets.Client.dll --allowed-assembly=/Applications/Unity/Hub/Editor/6000.3.9f1/Unity.app/Contents/Resources/Scripting/MonoBleedingEdge/lib/mono/unityaot-linux/Facades/System.Net.WebSockets.dll --allowed-assembly=/Applications/Unity/Hub/Editor/6000.3.9f1/Unity.app/Contents/Resources/Scripting/MonoBleedingEdge/lib/mono/unityaot-linux/Facades/System.ObjectModel.dll --allowed-assembly=/Applications/Unity/Hub/Editor/6000.3.9f1/Unity.app/Contents/Resources/Scripting/MonoBleedingEdge/lib/mono/unityaot-linux/Facades/System.Reflection.DispatchProxy.dll --allowed-assembly=/Applications/Unity/Hub/Editor/6000.3.9f1/Unity.app/Contents/Resources/Scripting/MonoBleedingEdge/lib/mono/unityaot-linux/Facades/System.Reflection.Emit.ILGeneration.dll --allowed-assembly=/Applications/Unity/Hub/Editor/6000.3.9f1/Unity.app/Contents/Resources/Scripting/MonoBleedingEdge/lib/mono/unityaot-linux/Facades/System.Reflection.Emit.Lightweight.dll --allowed-assembly=/Applications/Unity/Hub/Editor/6000.3.9f1/Unity.app/Contents/Resources/Scripting/MonoBleedingEdge/lib/mono/unityaot-linux/Facades/System.Reflection.Emit.dll --allowed-assembly=/Applications/Unity/Hub/Editor/6000.3.9f1/Unity.app/Contents/Resources/Scripting/MonoBleedingEdge/lib/mono/unityaot-linux/Facades/System.Reflection.Extensions.dll --allowed-assembly=/Applications/Unity/Hub/Editor/6000.3.9f1/Unity.app/Contents/Resources/Scripting/MonoBleedingEdge/lib/mono/unityaot-linux/Facades/System.Reflection.Primitives.dll --allowed-assembly=/Applications/Unity/Hub/Editor/6000.3.9f1/Unity.app/Contents/Resources/Scripting/MonoBleedingEdge/lib/mono/unityaot-linux/Facades/System.Reflection.TypeExtensions.dll --allowed-assembly=/Applications/Unity/Hub/Editor/6000.3.9f1/Unity.app/Contents/Resources/Scripting/MonoBleedingEdge/lib/mono/unityaot-linux/Facades/System.Reflection.dll --allowed-assembly=/Applications/Unity/Hub/Editor/6000.3.9f1/Unity.app/Contents/Resources/Scripting/MonoBleedingEdge/lib/mono/unityaot-linux/Facades/System.Resources.Reader.dll --allowed-assembly=/Applications/Unity/Hub/Editor/6000.3.9f1/Unity.app/Contents/Resources/Scripting/MonoBleedingEdge/lib/mono/unityaot-linux/Facades/System.Resources.ReaderWriter.dll --allowed-assembly=/Applications/Unity/Hub/Editor/6000.3.9f1/Unity.app/Contents/Resources/Scripting/MonoBleedingEdge/lib/mono/unityaot-linux/Facades/System.Resources.ResourceManager.dll --allowed-assembly=/Applications/Unity/Hub/Editor/6000.3.9f1/Unity.app/Contents/Resources/Scripting/MonoBleedingEdge/lib/mono/unityaot-linux/Facades/System.Resources.Writer.dll --allowed-assembly=/Applications/Unity/Hub/Editor/6000.3.9f1/Unity.app/Contents/Resources/Scripting/MonoBleedingEdge/lib/mono/unityaot-linux/Facades/System.Runtime.CompilerServices.VisualC.dll --allowed-assembly=/Applications/Unity/Hub/Editor/6000.3.9f1/Unity.app/Contents/Resources/Scripting/MonoBleedingEdge/lib/mono/unityaot-linux/Facades/System.Runtime.Extensions.dll --allowed-assembly=/Applications/Unity/Hub/Editor/6000.3.9f1/Unity.app/Contents/Resources/Scripting/MonoBleedingEdge/lib/mono/unityaot-linux/Facades/System.Runtime.Handles.dll --allowed-assembly=/Applications/Unity/Hub/Editor/6000.3.9f1/Unity.app/Contents/Resources/Scripting/MonoBleedingEdge/lib/mono/unityaot-linux/Facades/System.Runtime.InteropServices.RuntimeInformation.dll --allowed-assembly=/Applications/Unity/Hub/Editor/6000.3.9f1/Unity.app/Contents/Resources/Scripting/MonoBleedingEdge/lib/mono/unityaot-linux/Facades/System.Runtime.InteropServices.WindowsRuntime.dll --allowed-assembly=/Applications/Unity/Hub/Editor/6000.3.9f1/Unity.app/Contents/Resources/Scripting/MonoBleedingEdge/lib/mono/unityaot-linux/Facades/System.Runtime.InteropServices.dll --allowed-assembly=/Applications/Unity/Hub/Editor/6000.3.9f1/Unity.app/Contents/Resources/Scripting/MonoBleedingEdge/lib/mono/unityaot-linux/Facades/System.Runtime.Loader.dll --allowed-assembly=/Applications/Unity/Hub/Editor/6000.3.9f1/Unity.app/Contents/Resources/Scripting/MonoBleedingEdge/lib/mono/unityaot-linux/Facades/System.Runtime.Numerics.dll --allowed-assembly=/Applications/Unity/Hub/Editor/6000.3.9f1/Unity.app/Contents/Resources/Scripting/MonoBleedingEdge/lib/mono/unityaot-linux/Facades/System.Runtime.Serialization.Formatters.dll --allowed-assembly=/Applications/Unity/Hub/Editor/6000.3.9f1/Unity.app/Contents/Resources/Scripting/MonoBleedingEdge/lib/mono/unityaot-linux/Facades/System.Runtime.Serialization.Json.dll --allowed-assembly=/Applications/Unity/Hub/Editor/6000.3.9f1/Unity.app/Contents/Resources/Scripting/MonoBleedingEdge/lib/mono/unityaot-linux/Facades/System.Runtime.Serialization.Primitives.dll --allowed-assembly=/Applications/Unity/Hub/Editor/6000.3.9f1/Unity.app/Contents/Resources/Scripting/MonoBleedingEdge/lib/mono/unityaot-linux/Facades/System.Runtime.Serialization.Xml.dll --allowed-assembly=/Applications/Unity/Hub/Editor/6000.3.9f1/Unity.app/Contents/Resources/Scripting/MonoBleedingEdge/lib/mono/unityaot-linux/Facades/System.Runtime.dll --allowed-assembly=/Applications/Unity/Hub/Editor/6000.3.9f1/Unity.app/Contents/Resources/Scripting/MonoBleedingEdge/lib/mono/unityaot-linux/Facades/System.Security.AccessControl.dll --allowed-assembly=/Applications/Unity/Hub/Editor/6000.3.9f1/Unity.app/Contents/Resources/Scripting/MonoBleedingEdge/lib/mono/unityaot-linux/Facades/System.Security.Claims.dll --allowed-assembly=/Applications/Unity/Hub/Editor/6000.3.9f1/Unity.app/Contents/Resources/Scripting/MonoBleedingEdge/lib/mono/unityaot-linux/Facades/System.Security.Cryptography.Algorithms.dll --allowed-assembly=/Applications/Unity/Hub/Editor/6000.3.9f1/Unity.app/Contents/Resources/Scripting/MonoBleedingEdge/lib/mono/unityaot-linux/Facades/System.Security.Cryptography.Cng.dll --allowed-assembly=/Applications/Unity/Hub/Editor/6000.3.9f1/Unity.app/Contents/Resources/Scripting/MonoBleedingEdge/lib/mono/unityaot-linux/Facades/System.Security.Cryptography.Csp.dll --allowed-assembly=/Applications/Unity/Hub/Editor/6000.3.9f1/Unity.app/Contents/Resources/Scripting/MonoBleedingEdge/lib/mono/unityaot-linux/Facades/System.Security.Cryptography.DeriveBytes.dll --allowed-assembly=/Applications/Unity/Hub/Editor/6000.3.9f1/Unity.app/Contents/Resources/Scripting/MonoBleedingEdge/lib/mono/unityaot-linux/Facades/System.Security.Cryptography.Encoding.dll --allowed-assembly=/Applications/Unity/Hub/Editor/6000.3.9f1/Unity.app/Contents/Resources/Scripting/MonoBleedingEdge/lib/mono/unityaot-linux/Facades/System.Security.Cryptography.Encryption.Aes.dll --allowed-assembly=/Applications/Unity/Hub/Editor/6000.3.9f1/Unity.app/Contents/Resources/Scripting/MonoBleedingEdge/lib/mono/unityaot-linux/Facades/System.Security.Cryptography.Encryption.ECDiffieHellman.dll --allowed-assembly=/Applications/Unity/Hub/Editor/6000.3.9f1/Unity.app/Contents/Resources/Scripting/MonoBleedingEdge/lib/mono/unityaot-linux/Facades/System.Security.Cryptography.Encryption.ECDsa.dll --allowed-assembly=/Applications/Unity/Hub/Editor/6000.3.9f1/Unity.app/Contents/Resources/Scripting/MonoBleedingEdge/lib/mono/unityaot-linux/Facades/System.Security.Cryptography.Encryption.dll --allowed-assembly=/Applications/Unity/Hub/Editor/6000.3.9f1/Unity.app/Contents/Resources/Scripting/MonoBleedingEdge/lib/mono/unityaot-linux/Facades/System.Security.Cryptography.Hashing.Algorithms.dll --allowed-assembly=/Applications/Unity/Hub/Editor/6000.3.9f1/Unity.app/Contents/Resources/Scripting/MonoBleedingEdge/lib/mono/unityaot-linux/Facades/System.Security.Cryptography.Hashing.dll --allowed-assembly=/Applications/Unity/Hub/Editor/6000.3.9f1/Unity.app/Contents/Resources/Scripting/MonoBleedingEdge/lib/mono/unityaot-linux/Facades/System.Security.Cryptography.OpenSsl.dll --allowed-assembly=/Applications/Unity/Hub/Editor/6000.3.9f1/Unity.app/Contents/Resources/Scripting/MonoBleedingEdge/lib/mono/unityaot-linux/Facades/System.Security.Cryptography.Pkcs.dll --allowed-assembly=/Applications/Unity/Hub/Editor/6000.3.9f1/Unity.app/Contents/Resources/Scripting/MonoBleedingEdge/lib/mono/unityaot-linux/Facades/System.Security.Cryptography.Primitives.dll --allowed-assembly=/Applications/Unity/Hub/Editor/6000.3.9f1/Unity.app/Contents/Resources/Scripting/MonoBleedingEdge/lib/mono/unityaot-linux/Facades/System.Security.Cryptography.ProtectedData.dll --allowed-assembly=/Applications/Unity/Hub/Editor/6000.3.9f1/Unity.app/Contents/Resources/Scripting/MonoBleedingEdge/lib/mono/unityaot-linux/Facades/System.Security.Cryptography.RSA.dll --allowed-assembly=/Applications/Unity/Hub/Editor/6000.3.9f1/Unity.app/Contents/Resources/Scripting/MonoBleedingEdge/lib/mono/unityaot-linux/Facades/System.Security.Cryptography.RandomNumberGenerator.dll --allowed-assembly=/Applications/Unity/Hub/Editor/6000.3.9f1/Unity.app/Contents/Resources/Scripting/MonoBleedingEdge/lib/mono/unityaot-linux/Facades/System.Security.Cryptography.X509Certificates.dll --allowed-assembly=/Applications/Unity/Hub/Editor/6000.3.9f1/Unity.app/Contents/Resources/Scripting/MonoBleedingEdge/lib/mono/unityaot-linux/Facades/System.Security.Principal.Windows.dll --allowed-assembly=/Applications/Unity/Hub/Editor/6000.3.9f1/Unity.app/Contents/Resources/Scripting/MonoBleedingEdge/lib/mono/unityaot-linux/Facades/System.Security.Principal.dll --allowed-assembly=/Applications/Unity/Hub/Editor/6000.3.9f1/Unity.app/Contents/Resources/Scripting/MonoBleedingEdge/lib/mono/unityaot-linux/Facades/System.Security.SecureString.dll --allowed-assembly=/Applications/Unity/Hub/Editor/6000.3.9f1/Unity.app/Contents/Resources/Scripting/MonoBleedingEdge/lib/mono/unityaot-linux/Facades/System.ServiceModel.Duplex.dll --allowed-assembly=/Applications/Unity/Hub/Editor/6000.3.9f1/Unity.app/Contents/Resources/Scripting/MonoBleedingEdge/lib/mono/unityaot-linux/Facades/System.ServiceModel.Http.dll --allowed-assembly=/Applications/Unity/Hub/Editor/6000.3.9f1/Unity.app/Contents/Resources/Scripting/MonoBleedingEdge/lib/mono/unityaot-linux/Facades/System.ServiceModel.NetTcp.dll --allowed-assembly=/Applications/Unity/Hub/Editor/6000.3.9f1/Unity.app/Contents/Resources/Scripting/MonoBleedingEdge/lib/mono/unityaot-linux/Facades/System.ServiceModel.Primitives.dll --allowed-assembly=/Applications/Unity/Hub/Editor/6000.3.9f1/Unity.app/Contents/Resources/Scripting/MonoBleedingEdge/lib/mono/unityaot-linux/Facades/System.ServiceModel.Security.dll --allowed-assembly=/Applications/Unity/Hub/Editor/6000.3.9f1/Unity.app/Contents/Resources/Scripting/MonoBleedingEdge/lib/mono/unityaot-linux/Facades/System.ServiceProcess.ServiceController.dll --allowed-assembly=/Applications/Unity/Hub/Editor/6000.3.9f1/Unity.app/Contents/Resources/Scripting/MonoBleedingEdge/lib/mono/unityaot-linux/Facades/System.Text.Encoding.CodePages.dll --allowed-assembly=/Applications/Unity/Hub/Editor/6000.3.9f1/Unity.app/Contents/Resources/Scripting/MonoBleedingEdge/lib/mono/unityaot-linux/Facades/System.Text.Encoding.Extensions.dll --allowed-assembly=/Applications/Unity/Hub/Editor/6000.3.9f1/Unity.app/Contents/Resources/Scripting/MonoBleedingEdge/lib/mono/unityaot-linux/Facades/System.Text.Encoding.dll --allowed-assembly=/Applications/Unity/Hub/Editor/6000.3.9f1/Unity.app/Contents/Resources/Scripting/MonoBleedingEdge/lib/mono/unityaot-linux/Facades/System.Text.RegularExpressions.dll --allowed-assembly=/Applications/Unity/Hub/Editor/6000.3.9f1/Unity.app/Contents/Resources/Scripting/MonoBleedingEdge/lib/mono/unityaot-linux/Facades/System.Threading.AccessControl.dll --allowed-assembly=/Applications/Unity/Hub/Editor/6000.3.9f1/Unity.app/Contents/Resources/Scripting/MonoBleedingEdge/lib/mono/unityaot-linux/Facades/System.Threading.Overlapped.dll --allowed-assembly=/Applications/Unity/Hub/Editor/6000.3.9f1/Unity.app/Contents/Resources/Scripting/MonoBleedingEdge/lib/mono/unityaot-linux/Facades/System.Threading.Tasks.Extensions.dll --allowed-assembly=/Applications/Unity/Hub/Editor/6000.3.9f1/Unity.app/Contents/Resources/Scripting/MonoBleedingEdge/lib/mono/unityaot-linux/Facades/System.Threading.Tasks.Parallel.dll --allowed-assembly=/Applications/Unity/Hub/Editor/6000.3.9f1/Unity.app/Contents/Resources/Scripting/MonoBleedingEdge/lib/mono/unityaot-linux/Facades/System.Threading.Tasks.dll --allowed-assembly=/Applications/Unity/Hub/Editor/6000.3.9f1/Unity.app/Contents/Resources/Scripting/MonoBleedingEdge/lib/mono/unityaot-linux/Facades/System.Threading.Thread.dll --allowed-assembly=/Applications/Unity/Hub/Editor/6000.3.9f1/Unity.app/Contents/Resources/Scripting/MonoBleedingEdge/lib/mono/unityaot-linux/Facades/System.Threading.ThreadPool.dll --allowed-assembly=/Applications/Unity/Hub/Editor/6000.3.9f1/Unity.app/Contents/Resources/Scripting/MonoBleedingEdge/lib/mono/unityaot-linux/Facades/System.Threading.Timer.dll --allowed-assembly=/Applications/Unity/Hub/Editor/6000.3.9f1/Unity.app/Contents/Resources/Scripting/MonoBleedingEdge/lib/mono/unityaot-linux/Facades/System.Threading.dll --allowed-assembly=/Applications/Unity/Hub/Editor/6000.3.9f1/Unity.app/Contents/Resources/Scripting/MonoBleedingEdge/lib/mono/unityaot-linux/Facades/System.ValueTuple.dll --allowed-assembly=/Applications/Unity/Hub/Editor/6000.3.9f1/Unity.app/Contents/Resources/Scripting/MonoBleedingEdge/lib/mono/unityaot-linux/Facades/System.Xml.ReaderWriter.dll --allowed-assembly=/Applications/Unity/Hub/Editor/6000.3.9f1/Unity.app/Contents/Resources/Scripting/MonoBleedingEdge/lib/mono/unityaot-linux/Facades/System.Xml.XDocument.dll --allowed-assembly=/Applications/Unity/Hub/Editor/6000.3.9f1/Unity.app/Contents/Resources/Scripting/MonoBleedingEdge/lib/mono/unityaot-linux/Facades/System.Xml.XPath.XDocument.dll --allowed-assembly=/Applications/Unity/Hub/Editor/6000.3.9f1/Unity.app/Contents/Resources/Scripting/MonoBleedingEdge/lib/mono/unityaot-linux/Facades/System.Xml.XPath.XmlDocument.dll --allowed-assembly=/Applications/Unity/Hub/Editor/6000.3.9f1/Unity.app/Contents/Resources/Scripting/MonoBleedingEdge/lib/mono/unityaot-linux/Facades/System.Xml.XPath.dll --allowed-assembly=/Applications/Unity/Hub/Editor/6000.3.9f1/Unity.app/Contents/Resources/Scripting/MonoBleedingEdge/lib/mono/unityaot-linux/Facades/System.Xml.XmlDocument.dll --allowed-assembly=/Applications/Unity/Hub/Editor/6000.3.9f1/Unity.app/Contents/Resources/Scripting/MonoBleedingEdge/lib/mono/unityaot-linux/Facades/System.Xml.XmlSerializer.dll --allowed-assembly=/Applications/Unity/Hub/Editor/6000.3.9f1/Unity.app/Contents/Resources/Scripting/MonoBleedingEdge/lib/mono/unityaot-linux/Facades/System.Xml.Xsl.Primitives.dll --allowed-assembly=/Applications/Unity/Hub/Editor/6000.3.9f1/Unity.app/Contents/Resources/Scripting/MonoBleedingEdge/lib/mono/unityaot-linux/Facades/netstandard.dll --allowed-assembly=/Applications/Unity/Hub/Editor/6000.3.9f1/Unity.app/Contents/Resources/Scripting/MonoBleedingEdge/lib/mono/unityaot-linux/I18N.CJK.dll --allowed-assembly=/Applications/Unity/Hub/Editor/6000.3.9f1/Unity.app/Contents/Resources/Scripting/MonoBleedingEdge/lib/mono/unityaot-linux/I18N.MidEast.dll --allowed-assembly=/Applications/Unity/Hub/Editor/6000.3.9f1/Unity.app/Contents/Resources/Scripting/MonoBleedingEdge/lib/mono/unityaot-linux/I18N.Other.dll --allowed-assembly=/Applications/Unity/Hub/Editor/6000.3.9f1/Unity.app/Contents/Resources/Scripting/MonoBleedingEdge/lib/mono/unityaot-linux/I18N.Rare.dll --allowed-assembly=/Applications/Unity/Hub/Editor/6000.3.9f1/Unity.app/Contents/Resources/Scripting/MonoBleedingEdge/lib/mono/unityaot-linux/I18N.West.dll --allowed-assembly=/Applications/Unity/Hub/Editor/6000.3.9f1/Unity.app/Contents/Resources/Scripting/MonoBleedingEdge/lib/mono/unityaot-linux/I18N.dll --allowed-assembly=/Applications/Unity/Hub/Editor/6000.3.9f1/Unity.app/Contents/Resources/Scripting/MonoBleedingEdge/lib/mono/unityaot-linux/Microsoft.CSharp.dll --allowed-assembly=/Applications/Unity/Hub/Editor/6000.3.9f1/Unity.app/Contents/Resources/Scripting/MonoBleedingEdge/lib/mono/unityaot-linux/Mono.Data.Sqlite.dll --allowed-assembly=/Applications/Unity/Hub/Editor/6000.3.9f1/Unity.app/Contents/Resources/Scripting/MonoBleedingEdge/lib/mono/unityaot-linux/Mono.Data.Tds.dll --allowed-assembly=/Applications/Unity/Hub/Editor/6000.3.9f1/Unity.app/Contents/Resources/Scripting/MonoBleedingEdge/lib/mono/unityaot-linux/Mono.Security.dll --allowed-assembly=/Applications/Unity/Hub/Editor/6000.3.9f1/Unity.app/Contents/Resources/Scripting/MonoBleedingEdge/lib/mono/unityaot-linux/System.ComponentModel.Composition.dll --allowed-assembly=/Applications/Unity/Hub/Editor/6000.3.9f1/Unity.app/Contents/Resources/Scripting/MonoBleedingEdge/lib/mono/unityaot-linux/System.ComponentModel.DataAnnotations.dll --allowed-assembly=/Applications/Unity/Hub/Editor/6000.3.9f1/Unity.app/Contents/Resources/Scripting/MonoBleedingEdge/lib/mono/unityaot-linux/System.Configuration.Install.dll --allowed-assembly=/Applications/Unity/Hub/Editor/6000.3.9f1/Unity.app/Contents/Resources/Scripting/MonoBleedingEdge/lib/mono/unityaot-linux/System.Configuration.dll --allowed-assembly=/Applications/Unity/Hub/Editor/6000.3.9f1/Unity.app/Contents/Resources/Scripting/MonoBleedingEdge/lib/mono/unityaot-linux/System.Core.dll --allowed-assembly=/Applications/Unity/Hub/Editor/6000.3.9f1/Unity.app/Contents/Resources/Scripting/MonoBleedingEdge/lib/mono/unityaot-linux/System.Data.DataSetExtensions.dll --allowed-assembly=/Applications/Unity/Hub/Editor/6000.3.9f1/Unity.app/Contents/Resources/Scripting/MonoBleedingEdge/lib/mono/unityaot-linux/System.Data.Entity.dll --allowed-assembly=/Applications/Unity/Hub/Editor/6000.3.9f1/Unity.app/Contents/Resources/Scripting/MonoBleedingEdge/lib/mono/unityaot-linux/System.Data.Linq.dll --allowed-assembly=/Applications/Unity/Hub/Editor/6000.3.9f1/Unity.app/Contents/Resources/Scripting/MonoBleedingEdge/lib/mono/unityaot-linux/System.Data.OracleClient.dll --allowed-assembly=/Applications/Unity/Hub/Editor/6000.3.9f1/Unity.app/Contents/Resources/Scripting/MonoBleedingEdge/lib/mono/unityaot-linux/System.Data.Services.Client.dll --allowed-assembly=/Applications/Unity/Hub/Editor/6000.3.9f1/Unity.app/Contents/Resources/Scripting/MonoBleedingEdge/lib/mono/unityaot-linux/System.Data.Services.dll --allowed-assembly=/Applications/Unity/Hub/Editor/6000.3.9f1/Unity.app/Contents/Resources/Scripting/MonoBleedingEdge/lib/mono/unityaot-linux/System.Data.dll --allowed-assembly=/Applications/Unity/Hub/Editor/6000.3.9f1/Unity.app/Contents/Resources/Scripting/MonoBleedingEdge/lib/mono/unityaot-linux/System.Design.dll --allowed-assembly=/Applications/Unity/Hub/Editor/6000.3.9f1/Unity.app/Contents/Resources/Scripting/MonoBleedingEdge/lib/mono/unityaot-linux/System.DirectoryServices.Protocols.dll --allowed-assembly=/Applications/Unity/Hub/Editor/6000.3.9f1/Unity.app/Contents/Resources/Scripting/MonoBleedingEdge/lib/mono/unityaot-linux/System.DirectoryServices.dll --allowed-assembly=/Applications/Unity/Hub/Editor/6000.3.9f1/Unity.app/Contents/Resources/Scripting/MonoBleedingEdge/lib/mono/unityaot-linux/System.Drawing.Design.dll --allowed-assembly=/Applications/Unity/Hub/Editor/6000.3.9f1/Unity.app/Contents/Resources/Scripting/MonoBleedingEdge/lib/mono/unityaot-linux/System.Drawing.dll --allowed-assembly=/Applications/Unity/Hub/Editor/6000.3.9f1/Unity.app/Contents/Resources/Scripting/MonoBleedingEdge/lib/mono/unityaot-linux/System.EnterpriseServices.dll --allowed-assembly=/Applications/Unity/Hub/Editor/6000.3.9f1/Unity.app/Contents/Resources/Scripting/MonoBleedingEdge/lib/mono/unityaot-linux/System.IO.Compression.FileSystem.dll --allowed-assembly=/Applications/Unity/Hub/Editor/6000.3.9f1/Unity.app/Contents/Resources/Scripting/MonoBleedingEdge/lib/mono/unityaot-linux/System.IO.Compression.dll --allowed-assembly=/Applications/Unity/Hub/Editor/6000.3.9f1/Unity.app/Contents/Resources/Scripting/MonoBleedingEdge/lib/mono/unityaot-linux/System.IdentityModel.Selectors.dll --allowed-assembly=/Applications/Unity/Hub/Editor/6000.3.9f1/Unity.app/Contents/Resources/Scripting/MonoBleedingEdge/lib/mono/unityaot-linux/System.IdentityModel.dll --allowed-assembly=/Applications/Unity/Hub/Editor/6000.3.9f1/Unity.app/Contents/Resources/Scripting/MonoBleedingEdge/lib/mono/unityaot-linux/System.Json.dll --allowed-assembly=/Applications/Unity/Hub/Editor/6000.3.9f1/Unity.app/Contents/Resources/Scripting/MonoBleedingEdge/lib/mono/unityaot-linux/System.Management.dll --allowed-assembly=/Applications/Unity/Hub/Editor/6000.3.9f1/Unity.app/Contents/Resources/Scripting/MonoBleedingEdge/lib/mono/unityaot-linux/System.Messaging.dll --allowed-assembly=/Applications/Unity/Hub/Editor/6000.3.9f1/Unity.app/Contents/Resources/Scripting/MonoBleedingEdge/lib/mono/unityaot-linux/System.Net.Http.WebRequest.dll --allowed-assembly=/Applications/Unity/Hub/Editor/6000.3.9f1/Unity.app/Contents/Resources/Scripting/MonoBleedingEdge/lib/mono/unityaot-linux/System.Net.Http.dll --allowed-assembly=/Applications/Unity/Hub/Editor/6000.3.9f1/Unity.app/Contents/Resources/Scripting/MonoBleedingEdge/lib/mono/unityaot-linux/System.Net.dll --allowed-assembly=/Applications/Unity/Hub/Editor/6000.3.9f1/Unity.app/Contents/Resources/Scripting/MonoBleedingEdge/lib/mono/unityaot-linux/System.Numerics.Vectors.dll --allowed-assembly=/Applications/Unity/Hub/Editor/6000.3.9f1/Unity.app/Contents/Resources/Scripting/MonoBleedingEdge/lib/mono/unityaot-linux/System.Numerics.dll --allowed-assembly=/Applications/Unity/Hub/Editor/6000.3.9f1/Unity.app/Contents/Resources/Scripting/MonoBleedingEdge/lib/mono/unityaot-linux/System.Reflection.Context.dll --allowed-assembly=/Applications/Unity/Hub/Editor/6000.3.9f1/Unity.app/Contents/Resources/Scripting/MonoBleedingEdge/lib/mono/unityaot-linux/System.Runtime.Caching.dll --allowed-assembly=/Applications/Unity/Hub/Editor/6000.3.9f1/Unity.app/Contents/Resources/Scripting/MonoBleedingEdge/lib/mono/unityaot-linux/System.Runtime.DurableInstancing.dll --allowed-assembly=/Applications/Unity/Hub/Editor/6000.3.9f1/Unity.app/Contents/Resources/Scripting/MonoBleedingEdge/lib/mono/unityaot-linux/System.Runtime.Remoting.dll --allowed-assembly=/Applications/Unity/Hub/Editor/6000.3.9f1/Unity.app/Contents/Resources/Scripting/MonoBleedingEdge/lib/mono/unityaot-linux/System.Runtime.Serialization.Formatters.Soap.dll --allowed-assembly=/Applications/Unity/Hub/Editor/6000.3.9f1/Unity.app/Contents/Resources/Scripting/MonoBleedingEdge/lib/mono/unityaot-linux/System.Runtime.Serialization.dll --allowed-assembly=/Applications/Unity/Hub/Editor/6000.3.9f1/Unity.app/Contents/Resources/Scripting/MonoBleedingEdge/lib/mono/unityaot-linux/System.Security.dll --allowed-assembly=/Applications/Unity/Hub/Editor/6000.3.9f1/Unity.app/Contents/Resources/Scripting/MonoBleedingEdge/lib/mono/unityaot-linux/System.ServiceModel.Activation.dll --allowed-assembly=/Applications/Unity/Hub/Editor/6000.3.9f1/Unity.app/Contents/Resources/Scripting/MonoBleedingEdge/lib/mono/unityaot-linux/System.ServiceModel.Discovery.dll --allowed-assembly=/Applications/Unity/Hub/Editor/6000.3.9f1/Unity.app/Contents/Resources/Scripting/MonoBleedingEdge/lib/mono/unityaot-linux/System.ServiceModel.Internals.dll --allowed-assembly=/Applications/Unity/Hub/Editor/6000.3.9f1/Unity.app/Contents/Resources/Scripting/MonoBleedingEdge/lib/mono/unityaot-linux/System.ServiceModel.Routing.dll --allowed-assembly=/Applications/Unity/Hub/Editor/6000.3.9f1/Unity.app/Contents/Resources/Scripting/MonoBleedingEdge/lib/mono/unityaot-linux/System.ServiceModel.Web.dll --allowed-assembly=/Applications/Unity/Hub/Editor/6000.3.9f1/Unity.app/Contents/Resources/Scripting/MonoBleedingEdge/lib/mono/unityaot-linux/System.ServiceModel.dll --allowed-assembly=/Applications/Unity/Hub/Editor/6000.3.9f1/Unity.app/Contents/Resources/Scripting/MonoBleedingEdge/lib/mono/unityaot-linux/System.ServiceProcess.dll --allowed-assembly=/Applications/Unity/Hub/Editor/6000.3.9f1/Unity.app/Contents/Resources/Scripting/MonoBleedingEdge/lib/mono/unityaot-linux/System.Transactions.dll --allowed-assembly=/Applications/Unity/Hub/Editor/6000.3.9f1/Unity.app/Contents/Resources/Scripting/MonoBleedingEdge/lib/mono/unityaot-linux/System.Web.ApplicationServices.dll --allowed-assembly=/Applications/Unity/Hub/Editor/6000.3.9f1/Unity.app/Contents/Resources/Scripting/MonoBleedingEdge/lib/mono/unityaot-linux/System.Web.DynamicData.dll --allowed-assembly=/Applications/Unity/Hub/Editor/6000.3.9f1/Unity.app/Contents/Resources/Scripting/MonoBleedingEdge/lib/mono/unityaot-linux/System.Web.Extensions.Design.dll --allowed-assembly=/Applications/Unity/Hub/Editor/6000.3.9f1/Unity.app/Contents/Resources/Scripting/MonoBleedingEdge/lib/mono/unityaot-linux/System.Web.Extensions.dll --allowed-assembly=/Applications/Unity/Hub/Editor/6000.3.9f1/Unity.app/Contents/Resources/Scripting/MonoBleedingEdge/lib/mono/unityaot-linux/System.Web.RegularExpressions.dll --allowed-assembly=/Applications/Unity/Hub/Editor/6000.3.9f1/Unity.app/Contents/Resources/Scripting/MonoBleedingEdge/lib/mono/unityaot-linux/System.Web.Services.dll --allowed-assembly=/Applications/Unity/Hub/Editor/6000.3.9f1/Unity.app/Contents/Resources/Scripting/MonoBleedingEdge/lib/mono/unityaot-linux/System.Web.dll --allowed-assembly=/Applications/Unity/Hub/Editor/6000.3.9f1/Unity.app/Contents/Resources/Scripting/MonoBleedingEdge/lib/mono/unityaot-linux/System.Windows.Forms.DataVisualization.dll --allowed-assembly=/Applications/Unity/Hub/Editor/6000.3.9f1/Unity.app/Contents/Resources/Scripting/MonoBleedingEdge/lib/mono/unityaot-linux/System.Windows.Forms.dll --allowed-assembly=/Applications/Unity/Hub/Editor/6000.3.9f1/Unity.app/Contents/Resources/Scripting/MonoBleedingEdge/lib/mono/unityaot-linux/System.Windows.dll --allowed-assembly=/Applications/Unity/Hub/Editor/6000.3.9f1/Unity.app/Contents/Resources/Scripting/MonoBleedingEdge/lib/mono/unityaot-linux/System.Xaml.dll --allowed-assembly=/Applications/Unity/Hub/Editor/6000.3.9f1/Unity.app/Contents/Resources/Scripting/MonoBleedingEdge/lib/mono/unityaot-linux/System.Xml.Linq.dll --allowed-assembly=/Applications/Unity/Hub/Editor/6000.3.9f1/Unity.app/Contents/Resources/Scripting/MonoBleedingEdge/lib/mono/unityaot-linux/System.Xml.Serialization.dll --allowed-assembly=/Applications/Unity/Hub/Editor/6000.3.9f1/Unity.app/Contents/Resources/Scripting/MonoBleedingEdge/lib/mono/unityaot-linux/System.Xml.dll --allowed-assembly=/Applications/Unity/Hub/Editor/6000.3.9f1/Unity.app/Contents/Resources/Scripting/MonoBleedingEdge/lib/mono/unityaot-linux/System.dll --allowed-assembly=/Applications/Unity/Hub/Editor/6000.3.9f1/Unity.app/Contents/Resources/Scripting/MonoBleedingEdge/lib/mono/unityaot-linux/mscorlib.dll --out=Library/Bee/artifacts/Android/ManagedStripped --include-link-xml=/Users/akshaykadam/Documents/UnityApps/NeuroRehab Cognitive Therapy Portal/Library/Bee/artifacts/UnityLinkerInputs/MethodsToPreserve.xml --include-link-xml=/Users/akshaykadam/Documents/UnityApps/NeuroRehab Cognitive Therapy Portal/Library/Bee/artifacts/UnityLinkerInputs/TypesInScenes.xml --include-link-xml=/Users/akshaykadam/Documents/UnityApps/NeuroRehab Cognitive Therapy Portal/Library/Bee/artifacts/UnityLinkerInputs/SerializedTypes.xml --include-link-xml=/Users/akshaykadam/Documents/UnityApps/NeuroRehab Cognitive Therapy Portal/Library/InputSystem/AndroidLink.xml --include-link-xml=/Users/akshaykadam/Documents/UnityApps/NeuroRehab Cognitive Therapy Portal/Assets/UniWebView/link.xml --include-link-xml=/Applications/Unity/Hub/Editor/6000.3.9f1/PlaybackEngines/AndroidPlayer/Tools/AndroidNativeLink.xml --include-directory=/Users/akshaykadam/Documents/UnityApps/NeuroRehab Cognitive Therapy Portal/Library/Bee/PlayerScriptAssemblies --include-directory=/Applications/Unity/Hub/Editor/6000.3.9f1/PlaybackEngines/AndroidPlayer/Variations/il2cpp/Managed --include-directory=/Users/akshaykadam/Documents/UnityApps/NeuroRehab Cognitive Therapy Portal/Library/PackageCache/com.unity.collections@aea9d3bd5e19/Unity.Collections.LowLevel.ILSupport --include-directory=/Users/akshaykadam/Documents/UnityApps/NeuroRehab Cognitive Therapy Portal/Library/PackageCache/com.unity.collections@aea9d3bd5e19/Unity.Collections.Tests/System.IO.Hashing --include-directory=/Users/akshaykadam/Documents/UnityApps/NeuroRehab Cognitive Therapy Portal/Library/PackageCache/com.unity.visualscripting@191c0d7e3b69/Runtime/VisualScripting.Flow/Dependencies/NCalc --include-directory=/Users/akshaykadam/Documents/UnityApps/NeuroRehab Cognitive Therapy Portal/Library/PackageCache/com.unity.burst@07790c2d06d9 --include-directory=/Users/akshaykadam/Documents/UnityApps/NeuroRehab Cognitive Therapy Portal/Library/PackageCache/com.unity.collections@aea9d3bd5e19/Unity.Collections.Tests/System.Runtime.CompilerServices.Unsafe --include-directory=/Applications/Unity/Hub/Editor/6000.3.9f1/Unity.app/Contents/Resources/Scripting/MonoBleedingEdge/lib/mono/unityaot-linux --include-directory=/Applications/Unity/Hub/Editor/6000.3.9f1/Unity.app/Contents/Resources/Scripting/MonoBleedingEdge/lib/mono/unityaot-linux/Facades --profiler-report --profiler-output-file=/Users/akshaykadam/Documents/UnityApps/NeuroRehab Cognitive Therapy Portal/Library/Bee/artifacts/unitylinker_xy1a.traceevents --dotnetprofile=unityaot-linux --dotnetruntime=Il2Cpp --platform=Android --use-editor-options --enable-engine-module-stripping --engine-stripping-flag=EnableUnityConnect --engine-stripping-flag=EnableCrashReporting --engine-modules-asset-file=/Applications/Unity/Hub/Editor/6000.3.9f1/PlaybackEngines/AndroidPlayer/modules.asset --editor-data-file=/Users/akshaykadam/Documents/UnityApps/NeuroRehab Cognitive Therapy Portal/Library/Bee/artifacts/UnityLinkerInputs/EditorToUnityLinkerData.json --include-unity-root-assembly=/Users/akshaykadam/Documents/UnityApps/NeuroRehab Cognitive Therapy Portal/Library/Bee/PlayerScriptAssemblies/Assembly-CSharp.dll --include-unity-root-assembly=/Users/akshaykadam/Documents/UnityApps/NeuroRehab Cognitive Therapy Portal/Library/Bee/PlayerScriptAssemblies/Unity.InputSystem.dll --include-unity-root-assembly=/Users/akshaykadam/Documents/UnityApps/NeuroRehab Cognitive Therapy Portal/Library/Bee/PlayerScriptAssemblies/Unity.RenderPipelines.Core.Runtime.dll --include-unity-root-assembly=/Users/akshaykadam/Documents/UnityApps/NeuroRehab Cognitive Therapy Portal/Library/Bee/PlayerScriptAssemblies/Unity.RenderPipelines.Universal.Runtime.dll --include-unity-root-assembly=/Users/akshaykadam/Documents/UnityApps/NeuroRehab Cognitive Therapy Portal/Library/Bee/PlayerScriptAssemblies/UnityEngine.UI.dll --include-unity-root-assembly=/Users/akshaykadam/Documents/UnityApps/NeuroRehab Cognitive Therapy Portal/Library/Bee/PlayerScriptAssemblies/UniWebView-CSharp.dll --print-command-line --enable-analytics
*** Tundra requires additional run (4.57 seconds), 54 items updated, 1289 evaluated
*** Additional run caused by: contents change of Library/Bee/artifacts/Android/ManagedStripped
Starting: /Applications/Unity/Hub/Editor/6000.3.9f1/Unity.app/Contents/Resources/Scripting/netcorerun/netcorerun "/Applications/Unity/Hub/Editor/6000.3.9f1/PlaybackEngines/AndroidPlayer/AndroidPlayerBuildProgram.exe" "/Applications/Unity/Hub/Editor/6000.3.9f1/PlaybackEngines/AndroidPlayer/Bee:/Applications/Unity/Hub/Editor/6000.3.9f1/Unity.app/Contents/Resources/BuildPipeline" "Library/Bee/Player52ad7c06.dag.json" "Library/Bee/Player52ad7c06-inputdata.json" "Library/Bee/buildprogram1.traceevents"
WorkingDir: /Users/akshaykadam/Documents/UnityApps/NeuroRehab Cognitive Therapy Portal
ExitCode: 4 Duration: 4s661ms
ExitCode: 0 Duration: 0s642ms
Starting: /Applications/Unity/Hub/Editor/6000.3.9f1/Unity.app/Contents/Resources/BuildPipeline/bee_backend --ipc --dagfile="Library/Bee/Player52ad7c06.dag" --dagfilejson="Library/Bee/Player52ad7c06.dag.json" --profile="Library/Bee/backend3.traceevents" Player
WorkingDir: /Users/akshaykadam/Documents/UnityApps/NeuroRehab Cognitive Therapy Portal
Finished compiling graph: 1478 nodes, 4057 flattened edges (4052 ToBuild, 5 ToUse), maximum node priority 2147483647
[           0s] Delete 2 artifact files that are no longer in use. (like /Users/akshaykadam/Documents/UnityApps/NeuroRehab Cognitive Therapy Portal/Library/Bee/Android/Prj/IL2CPP/Il2CppBackup/Managed/icallsummary.txt)
[  77/1287  0s] WriteText Library/Bee/artifacts/csharpactions/unity_app_guid_1qh1.info
[  78/1287  0s] CopyFiles /Users/akshaykadam/Documents/UnityApps/NeuroRehab Cognitive Therapy Portal/Library/Bee/Android/Prj/IL2CPP/Gradle/unityLibrary/src/main/assets/bin/Data/globalgamemanagers.assets.split3
[  79/1287  0s] CopyFiles /Users/akshaykadam/Documents/UnityApps/NeuroRehab Cognitive Therapy Portal/Library/Bee/Android/Prj/IL2CPP/Gradle/unityLibrary/src/main/assets/bin/Data/globalgamemanagers.assets.split1
[  80/1287  0s] CopyFiles /Users/akshaykadam/Documents/UnityApps/NeuroRehab Cognitive Therapy Portal/Library/Bee/Android/Prj/IL2CPP/Gradle/unityLibrary/src/main/assets/bin/Data/globalgamemanagers.assets.split2
[  81/1287  0s] CopyFiles /Users/akshaykadam/Documents/UnityApps/NeuroRehab Cognitive Therapy Portal/Library/Bee/Android/Prj/IL2CPP/Gradle/unityLibrary/src/main/assets/bin/Data/globalgamemanagers.assets.split4
[ 106/1287  0s] CopyFiles /Users/akshaykadam/Documents/UnityApps/NeuroRehab Cognitive Therapy Portal/Library/Bee/Android/Prj/IL2CPP/Gradle/unityLibrary/src/main/assets/bin/Data/globalgamemanagers.assets.split0
[ 334/1287  0s] CopyFiles /Users/akshaykadam/Documents/UnityApps/NeuroRehab Cognitive Therapy Portal/Library/Bee/Android/Prj/IL2CPP/Il2CppBackup/Managed/Assembly-CSharp.pdb
[ 383/1287  0s] CopyFiles /Users/akshaykadam/Documents/UnityApps/NeuroRehab Cognitive Therapy Portal/Library/Bee/Android/Prj/IL2CPP/Il2CppBackup/Managed/Assembly-CSharp.dll
[ 429/1287  0s] ExtractUsedFeatures Library/Bee/artifacts/Android/Features/Assembly-CSharp-FeaturesChecked.txt
[BUSY       6s] IL2CPP_CodeGen /Users/akshaykadam/Documents/UnityApps/NeuroRehab Cognitive Therapy Portal/Library/Bee/artifacts/il2cpp_conv_wr5e.traceevents
[ 430/1287 13s] IL2CPP_CodeGen /Users/akshaykadam/Documents/UnityApps/NeuroRehab Cognitive Therapy Portal/Library/Bee/artifacts/il2cpp_conv_wr5e.traceevents
/Applications/Unity/Hub/Editor/6000.3.9f1/Unity.app/Contents/Resources/Scripting/il2cpp/build/deploy/il2cpp --convert-to-cpp --assembly=Library/Bee/artifacts/Android/ManagedStripped/Assembly-CSharp.dll --assembly=Library/Bee/artifacts/Android/ManagedStripped/Mono.Security.dll --assembly=Library/Bee/artifacts/Android/ManagedStripped/mscorlib.dll --assembly=Library/Bee/artifacts/Android/ManagedStripped/System.Configuration.dll --assembly=Library/Bee/artifacts/Android/ManagedStripped/System.Core.dll --assembly=Library/Bee/artifacts/Android/ManagedStripped/System.dll --assembly=Library/Bee/artifacts/Android/ManagedStripped/System.Xml.dll --assembly=Library/Bee/artifacts/Android/ManagedStripped/Unity.Burst.dll --assembly=Library/Bee/artifacts/Android/ManagedStripped/Unity.Burst.Unsafe.dll --assembly=Library/Bee/artifacts/Android/ManagedStripped/Unity.Collections.dll --assembly=Library/Bee/artifacts/Android/ManagedStripped/Unity.Collections.LowLevel.ILSupport.dll --assembly=Library/Bee/artifacts/Android/ManagedStripped/Unity.InputSystem.dll --assembly=Library/Bee/artifacts/Android/ManagedStripped/Unity.InputSystem.ForUI.dll --assembly=Library/Bee/artifacts/Android/ManagedStripped/Unity.Mathematics.dll --assembly=Library/Bee/artifacts/Android/ManagedStripped/Unity.RenderPipeline.Universal.ShaderLibrary.dll --assembly=Library/Bee/artifacts/Android/ManagedStripped/Unity.RenderPipelines.Core.Runtime.dll --assembly=Library/Bee/artifacts/Android/ManagedStripped/Unity.RenderPipelines.Core.Runtime.Shared.dll --assembly=Library/Bee/artifacts/Android/ManagedStripped/Unity.RenderPipelines.GPUDriven.Runtime.dll --assembly=Library/Bee/artifacts/Android/ManagedStripped/Unity.RenderPipelines.Universal.Runtime.dll --assembly=Library/Bee/artifacts/Android/ManagedStripped/Unity.UnifiedRayTracing.Runtime.dll --assembly=Library/Bee/artifacts/Android/ManagedStripped/UnityEngine.AdaptivePerformanceModule.dll --assembly=Library/Bee/artifacts/Android/ManagedStripped/UnityEngine.AIModule.dll --assembly=Library/Bee/artifacts/Android/ManagedStripped/UnityEngine.AndroidJNIModule.dll --assembly=Library/Bee/artifacts/Android/ManagedStripped/UnityEngine.AnimationModule.dll --assembly=Library/Bee/artifacts/Android/ManagedStripped/UnityEngine.AssetBundleModule.dll --assembly=Library/Bee/artifacts/Android/ManagedStripped/UnityEngine.AudioModule.dll --assembly=Library/Bee/artifacts/Android/ManagedStripped/UnityEngine.CoreModule.dll --assembly=Library/Bee/artifacts/Android/ManagedStripped/UnityEngine.dll --assembly=Library/Bee/artifacts/Android/ManagedStripped/UnityEngine.GridModule.dll --assembly=Library/Bee/artifacts/Android/ManagedStripped/UnityEngine.HierarchyCoreModule.dll --assembly=Library/Bee/artifacts/Android/ManagedStripped/UnityEngine.ImageConversionModule.dll --assembly=Library/Bee/artifacts/Android/ManagedStripped/UnityEngine.IMGUIModule.dll --assembly=Library/Bee/artifacts/Android/ManagedStripped/UnityEngine.InputForUIModule.dll --assembly=Library/Bee/artifacts/Android/ManagedStripped/UnityEngine.InputLegacyModule.dll --assembly=Library/Bee/artifacts/Android/ManagedStripped/UnityEngine.InputModule.dll --assembly=Library/Bee/artifacts/Android/ManagedStripped/UnityEngine.JSONSerializeModule.dll --assembly=Library/Bee/artifacts/Android/ManagedStripped/UnityEngine.MultiplayerModule.dll --assembly=Library/Bee/artifacts/Android/ManagedStripped/UnityEngine.Physics2DModule.dll --assembly=Library/Bee/artifacts/Android/ManagedStripped/UnityEngine.PhysicsModule.dll --assembly=Library/Bee/artifacts/Android/ManagedStripped/UnityEngine.PropertiesModule.dll --assembly=Library/Bee/artifacts/Android/ManagedStripped/UnityEngine.SharedInternalsModule.dll --assembly=Library/Bee/artifacts/Android/ManagedStripped/UnityEngine.SpriteShapeModule.dll --assembly=Library/Bee/artifacts/Android/ManagedStripped/UnityEngine.SubsystemsModule.dll --assembly=Library/Bee/artifacts/Android/ManagedStripped/UnityEngine.TerrainModule/Users/akshaykadam/Documents/UnityApps/NeuroRehab Cognitive Therapy Portal/Library/PackageCache/com.unity.burst@07790c2d06d9/.Runtime/bcl.exe exited after 1691 ms.
stdout:
Starting 1 library requests
Done
stderr:

.dll --assembly=Library/Bee/artifacts/Android/ManagedStripped/UnityEngine.TextCoreFontEngineModule.dll --assembly=Library/Bee/artifacts/Android/ManagedStripped/UnityEngine.TextCoreTextEngineModule.dll --assembly=Library/Bee/artifacts/Android/ManagedStripped/UnityEngine.TextRenderingModule.dll --assembly=Library/Bee/artifacts/Android/ManagedStripped/UnityEngine.TilemapModule.dll --assembly=Library/Bee/artifacts/Android/ManagedStripped/UnityEngine.UI.dll --assembly=Library/Bee/artifacts/Android/ManagedStripped/UnityEngine.UIElementsModule.dll --assembly=Library/Bee/artifacts/Android/ManagedStripped/UnityEngine.UIModule.dll --assembly=Library/Bee/artifacts/Android/ManagedStripped/UnityEngine.UnityAnalyticsCommonModule.dll --assembly=Library/Bee/artifacts/Android/ManagedStripped/UnityEngine.UnityAnalyticsModule.dll --assembly=Library/Bee/artifacts/Android/ManagedStripped/UnityEngine.UnityConsentModule.dll --assembly=Library/Bee/artifacts/Android/ManagedStripped/UnityEngine.UnityWebRequestModule.dll --assembly=Library/Bee/artifacts/Android/ManagedStripped/UnityEngine.VFXModule.dll --assembly=Library/Bee/artifacts/Android/ManagedStripped/UnityEngine.VRModule.dll --assembly=Library/Bee/artifacts/Android/ManagedStripped/UnityEngine.XRModule.dll --assembly=Library/Bee/artifacts/Android/ManagedStripped/UniWebView-CSharp.dll --generatedcppdir=/Users/akshaykadam/Documents/UnityApps/NeuroRehab Cognitive Therapy Portal/Library/Bee/artifacts/Android/il2cppOutput/cpp --symbols-folder=/Users/akshaykadam/Documents/UnityApps/NeuroRehab Cognitive Therapy Portal/Library/Bee/artifacts/Android/il2cppOutput/cpp/Symbols --enable-analytics --emit-null-checks --enable-array-bounds-check --dotnetprofile=unityaot-linux --usymtool-path=/Applications/Unity/Hub/Editor/6000.3.9f1/Unity.app/Contents/Helpers/usymtool --profiler-report --profiler-output-file=/Users/akshaykadam/Documents/UnityApps/NeuroRehab Cognitive Therapy Portal/Library/Bee/artifacts/il2cpp_conv_wr5e.traceevents --print-command-line --static-lib-il2-cpp --data-folder=/Users/akshaykadam/Documents/UnityApps/NeuroRehab Cognitive Therapy Portal/Library/Bee/artifacts/Android/il2cppOutput/data --emit-source-mapping
[ 914/1287  0s] CopyFiles /Users/akshaykadam/Documents/UnityApps/NeuroRehab Cognitive Therapy Portal/Library/Bee/Android/Prj/IL2CPP/Il2CppBackup/il2cppOutput/Symbols/LineNumberMappings.json
[ 922/1287  0s] CopyFiles /Users/akshaykadam/Documents/UnityApps/NeuroRehab Cognitive Therapy Portal/Library/Bee/Android/Prj/IL2CPP/Gradle/unityLibrary/src/main/assets/bin/Data/Managed/Metadata/global-metadata.dat
[ 960/1287  0s] CopyFiles /Users/akshaykadam/Documents/UnityApps/NeuroRehab Cognitive Therapy Portal/Library/Bee/artifacts/Android/il2cppOutput/build/arm64-v8a/Data/Resources/mscorlib.dll-resources.dat
[ 991/1287  0s] CopyFiles /Users/akshaykadam/Documents/UnityApps/NeuroRehab Cognitive Therapy Portal/Library/Bee/Android/Prj/IL2CPP/Il2CppBackup/il2cppOutput/Assembly-CSharp.cpp
[1146/1287  0s] CopyFiles /Users/akshaykadam/Documents/UnityApps/NeuroRehab Cognitive Therapy Portal/Library/Bee/Android/Prj/IL2CPP/Il2CppBackup/il2cppOutput/Il2CppMetadataUsage.c
[1268/1287  0s] CopyFiles /Users/akshaykadam/Documents/UnityApps/NeuroRehab Cognitive Therapy Portal/Library/Bee/artifacts/Android/il2cppOutput/build/arm64-v8a/Data/Metadata/global-metadata.dat
[1269/1287  0s] CopyFiles /Users/akshaykadam/Documents/UnityApps/NeuroRehab Cognitive Therapy Portal/Library/Bee/Android/Prj/IL2CPP/Gradle/unityLibrary/src/main/assets/bin/Data/Managed/Resources/mscorlib.dll-resources.dat
[1270/1287  0s] GuidGenerator /Users/akshaykadam/Documents/UnityApps/NeuroRehab Cognitive Therapy Portal/Library/Bee/Android/Prj/IL2CPP/Gradle/unityLibrary/src/main/assets/bin/Data/unity_app_guid
[1271/1287  0s] C_Android_arm64 Library/Bee/artifacts/Android/d8kzr/gs4gz237qtxk.o
[1272/1287  0s] C_Android_arm64 Library/Bee/artifacts/Android/d8kzr/0zz17299m4km.o
[1273/1287  1s] GenerateNativePluginsForAssemblies Library/Bee/artifacts/Android/AsyncPluginsFromLinker
[1275/1287  2s] Link_Android_arm64 Library/Bee/artifacts/Android/d8kzr/libil2cpp.so
[1276/1287  0s] CopyFiles Library/Bee/artifacts/objcopy_5lmi/libil2cpp.dbg.so
[1277/1287  0s] CopyFiles /Users/akshaykadam/Documents/UnityApps/NeuroRehab Cognitive Therapy Portal/Library/Bee/artifacts/Android/il2cppOutput/build/arm64-v8a/libil2cpp.dbg.so
[1278/1287  0s] NdkObjCopy Library/Bee/artifacts/objcopy_5lmi/stripped/libil2cpp.so
[1279/1287  0s] NdkObjCopy Library/Bee/artifacts/objcopy_5lmi/libil2cpp.sym.so
[1280/1287  0s] CopyFiles /Users/akshaykadam/Documents/UnityApps/NeuroRehab Cognitive Therapy Portal/Library/Bee/artifacts/Android/il2cppOutput/build/arm64-v8a/libil2cpp.sym.so
[1281/1287  0s] CopyFiles /Users/akshaykadam/Documents/UnityApps/NeuroRehab Cognitive Therapy Portal/Library/Bee/Android/Prj/IL2CPP/Gradle/unityLibrary/symbols/arm64-v8a/libil2cpp.so
[1282/1287  0s] NdkObjCopy Library/Bee/artifacts/objcopy_5lmi/libil2cpp.so
[1283/1287  0s] CopyFiles /Users/akshaykadam/Documents/UnityApps/NeuroRehab Cognitive Therapy Portal/Library/Bee/artifacts/Android/il2cppOutput/build/arm64-v8a/libil2cpp.so
[1284/1287  0s] CopyFiles /Users/akshaykadam/Documents/UnityApps/NeuroRehab Cognitive Therapy Portal/Library/Bee/Android/Prj/IL2CPP/Gradle/unityLibrary/src/main/jniLibs/arm64-v8a/libil2cpp.so
*** Tundra requires additional run (18.00 seconds), 31 items updated, 1287 evaluated
*** Additional run caused by: timestamp change of Library/Bee/artifacts/Android/Features/Assembly-CSharp-FeaturesChecked.txt
Starting: /Applications/Unity/Hub/Editor/6000.3.9f1/Unity.app/Contents/Resources/Scripting/netcorerun/netcorerun "/Applications/Unity/Hub/Editor/6000.3.9f1/PlaybackEngines/AndroidPlayer/AndroidPlayerBuildProgram.exe" "/Applications/Unity/Hub/Editor/6000.3.9f1/PlaybackEngines/AndroidPlayer/Bee:/Applications/Unity/Hub/Editor/6000.3.9f1/Unity.app/Contents/Resources/BuildPipeline" "Library/Bee/Player52ad7c06.dag.json" "Library/Bee/Player52ad7c06-inputdata.json" "Library/Bee/buildprogram2.traceevents"
WorkingDir: /Users/akshaykadam/Documents/UnityApps/NeuroRehab Cognitive Therapy Portal
ExitCode: 4 Duration: 18s
ExitCode: 0 Duration: 0s697ms
Starting: /Applications/Unity/Hub/Editor/6000.3.9f1/Unity.app/Contents/Resources/BuildPipeline/bee_backend --ipc --dagfile="Library/Bee/Player52ad7c06.dag" --dagfilejson="Library/Bee/Player52ad7c06.dag.json" --profile="Library/Bee/backend4.traceevents" Player
WorkingDir: /Users/akshaykadam/Documents/UnityApps/NeuroRehab Cognitive Therapy Portal
Finished compiling graph: 1478 nodes, 4057 flattened edges (4052 ToBuild, 5 ToUse), maximum node priority 2147483647
[1275/1287  0s] ModifyAndroidProjectCallback /Users/akshaykadam/Documents/UnityApps/NeuroRehab Cognitive Therapy Portal/Library/Bee/Android/Prj/IL2CPP/Gradle/launcher/src/main/AndroidManifest.xml (+9 others)
*** Tundra build success (0.32 seconds), 1 items updated, 1287 evaluated
DisplayProgressbar: Calling IPostGenerateGradleAndroidProject callbacks
Calling IPostGenerateGradleAndroidProject callbacks on '/Users/akshaykadam/Documents/UnityApps/NeuroRehab Cognitive Therapy Portal/Library/Bee/Android/Prj/IL2CPP/Gradle/unityLibrary':
    Call "UniWebViewPostBuildProcessor.OnPostGenerateGradleAndroidProject" from assembly 'UniWebView-CSharp.Editor'
<UniWebView> UniWebView Post Build Script is patching manifest file and gradle file...
UnityEngine.Debug:ExtractStackTraceNoAlloc (byte*,int,string)
UnityEngine.StackTraceUtility:ExtractStackTrace () (at /Users/bokken/build/output/unity/unity/Runtime/Export/Scripting/StackTrace.cs:35)
UnityEngine.DebugLogHandler:Internal_Log (UnityEngine.LogType,UnityEngine.LogOption,string,UnityEngine.Object)
UnityEngine.DebugLogHandler:LogFormat (UnityEngine.LogType,UnityEngine.Object,string,object[])
UnityEngine.Logger:Log (UnityEngine.LogType,object)
UnityEngine.Debug:Log (object)
UniWebViewPostBuildProcessor:OnPostGenerateGradleAndroidProject (string) (at Assets/UniWebView/Editor/UniWebViewPostBuildProcessor.Android.cs:95)
UnityEditor.Android.PostProcessor.Tasks.ProcessGenerateProjectCallbacks:OnGeneratePlatformProjectPostprocess (string,bool) (at /home/bokken/build/output/unity/unity/PlatformDependent/AndroidPlayer/Editor/Managed/PostProcessor/Tasks/ProcessGenerateProjectCallbacks.cs:41)
UnityEditor.Android.PostProcessor.Tasks.ProcessGenerateProjectCallbacks:Execute (UnityEditor.Android.PostProcessor.PostProcessorContext) (at /home/bokken/build/output/unity/unity/PlatformDependent/AndroidPlayer/Editor/Managed/PostProcessor/Tasks/ProcessGenerateProjectCallbacks.cs:67)
UnityEditor.Android.PostProcessor.PostProcessRunner:RunAllTasks (UnityEditor.Android.PostProcessor.PostProcessorContext) (at /home/bokken/build/output/unity/unity/PlatformDependent/AndroidPlayer/Editor/Managed/PostProcessor/AndroidPostProcessor.cs:112)
UnityEditor.Android.PostProcessAndroidPlayer:PostProcess (UnityEditor.Modules.BuildPostProcessArgs,AndroidPlayerBuildProgram.Data.AndroidPlayerBuildProgramOutput) (at /home/bokken/build/output/unity/unity/PlatformDependent/AndroidPlayer/Editor/Managed/PostProcessAndroidPlayer.cs:353)
UnityEditor.Android.AndroidBuildPostprocessor:PostProcess (UnityEditor.Modules.BuildPostProcessArgs,UnityEditor.BuildProperties&) (at /home/bokken/build/output/unity/unity/PlatformDependent/AndroidPlayer/Editor/Managed/ExtensionModule.cs:410)
UnityEditor.PostprocessBuildPlayer:Postprocess (UnityEditor.BuildTarget,int,string,string,string,UnityEditor.BuildOptions,UnityEditor.RuntimeClassRegistry,UnityEditor.Build.Reporting.BuildReport) (at /Users/bokken/build/output/unity/unity/Editor/Mono/BuildPipeline/PostprocessBuildPlayer.cs:315)
UnityEditor.BuildPipeline:BuildPlayerInternalNoCheck (string[],string,string,UnityEditor.BuildTargetGroup,UnityEditor.BuildTarget,int,UnityEditor.BuildOptions,string[],bool)
UnityEditor.BuildPipeline:BuildPlayerInternal (string[],string,string,UnityEditor.BuildTargetGroup,UnityEditor.BuildTarget,int,UnityEditor.BuildOptions,string[]) (at /Users/bokken/build/output/unity/unity/Editor/Mono/BuildPipeline.bindings.cs:494)
UnityEditor.BuildPipeline:BuildPlayer (string[],string,string,UnityEditor.BuildTargetGroup,UnityEditor.BuildTarget,int,UnityEditor.BuildOptions,string[]) (at /Users/bokken/build/output/unity/unity/Editor/Mono/BuildPipeline.bindings.cs:410)
UnityEditor.BuildPipeline:BuildPlayer (UnityEditor.BuildPlayerOptions) (at /Users/bokken/build/output/unity/unity/Editor/Mono/BuildPipeline.bindings.cs:356)
BuildScript:BuildAndroidAPK () (at Assets/Editor/BuildScript.cs:32)

(Filename: Assets/UniWebView/Editor/UniWebViewPostBuildProcessor.Android.cs Line: 95)

Total cache size 128206146
Total cache size after purge 128206146, took 00:00:00.0632735
<UniWebView> Set hardware accelerated to enable smooth web view experience and HTML5 support like video and canvas.
UnityEngine.Debug:ExtractStackTraceNoAlloc (byte*,int,string)
UnityEngine.StackTraceUtility:ExtractStackTrace () (at /Users/bokken/build/output/unity/unity/Runtime/Export/Scripting/StackTrace.cs:35)
UnityEngine.DebugLogHandler:Internal_Log (UnityEngine.LogType,UnityEngine.LogOption,string,UnityEngine.Object)
UnityEngine.DebugLogHandler:LogFormat (UnityEngine.LogType,UnityEngine.Object,string,object[])
UnityEngine.Logger:Log (UnityEngine.LogType,object)
UnityEngine.Debug:Log (object)
UniWebViewPostBuildProcessor:PatchAndroidManifest (string) (at Assets/UniWebView/Editor/UniWebViewPostBuildProcessor.Android.cs:108)
UniWebViewPostBuildProcessor:OnPostGenerateGradleAndroidProject (string) (at Assets/UniWebView/Editor/UniWebViewPostBuildProcessor.Android.cs:96)
UnityEditor.Android.PostProcessor.Tasks.ProcessGenerateProjectCallbacks:OnGeneratePlatformProjectPostprocess (string,bool) (at /home/bokken/build/output/unity/unity/PlatformDependent/AndroidPlayer/Editor/Managed/PostProcessor/Tasks/ProcessGenerateProjectCallbacks.cs:41)
UnityEditor.Android.PostProcessor.Tasks.ProcessGenerateProjectCallbacks:Execute (UnityEditor.Android.PostProcessor.PostProcessorContext) (at /home/bokken/build/output/unity/unity/PlatformDependent/AndroidPlayer/Editor/Managed/PostProcessor/Tasks/ProcessGenerateProjectCallbacks.cs:67)
UnityEditor.Android.PostProcessor.PostProcessRunner:RunAllTasks (UnityEditor.Android.PostProcessor.PostProcessorContext) (at /home/bokken/build/output/unity/unity/PlatformDependent/AndroidPlayer/Editor/Managed/PostProcessor/AndroidPostProcessor.cs:112)
UnityEditor.Android.PostProcessAndroidPlayer:PostProcess (UnityEditor.Modules.BuildPostProcessArgs,AndroidPlayerBuildProgram.Data.AndroidPlayerBuildProgramOutput) (at /home/bokken/build/output/unity/unity/PlatformDependent/AndroidPlayer/Editor/Managed/PostProcessAndroidPlayer.cs:353)
UnityEditor.Android.AndroidBuildPostprocessor:PostProcess (UnityEditor.Modules.BuildPostProcessArgs,UnityEditor.BuildProperties&) (at /home/bokken/build/output/unity/unity/PlatformDependent/AndroidPlayer/Editor/Managed/ExtensionModule.cs:410)
UnityEditor.PostprocessBuildPlayer:Postprocess (UnityEditor.BuildTarget,int,string,string,string,UnityEditor.BuildOptions,UnityEditor.RuntimeClassRegistry,UnityEditor.Build.Reporting.BuildReport) (at /Users/bokken/build/output/unity/unity/Editor/Mono/BuildPipeline/PostprocessBuildPlayer.cs:315)
UnityEditor.BuildPipeline:BuildPlayerInternalNoCheck (string[],string,string,UnityEditor.BuildTargetGroup,UnityEditor.BuildTarget,int,UnityEditor.BuildOptions,string[],bool)
UnityEditor.BuildPipeline:BuildPlayerInternal (string[],string,string,UnityEditor.BuildTargetGroup,UnityEditor.BuildTarget,int,UnityEditor.BuildOptions,string[]) (at /Users/bokken/build/output/unity/unity/Editor/Mono/BuildPipeline.bindings.cs:494)
UnityEditor.BuildPipeline:BuildPlayer (string[],string,string,UnityEditor.BuildTargetGroup,UnityEditor.BuildTarget,int,UnityEditor.BuildOptions,string[]) (at /Users/bokken/build/output/unity/unity/Editor/Mono/BuildPipeline.bindings.cs:410)
UnityEditor.BuildPipeline:BuildPlayer (UnityEditor.BuildPlayerOptions) (at /Users/bokken/build/output/unity/unity/Editor/Mono/BuildPipeline.bindings.cs:356)
BuildScript:BuildAndroidAPK () (at Assets/Editor/BuildScript.cs:32)

(Filename: Assets/UniWebView/Editor/UniWebViewPostBuildProcessor.Android.cs Line: 108)

<UniWebView> Updated Kotlin dependency and BOM in build.gradle.
UnityEngine.Debug:ExtractStackTraceNoAlloc (byte*,int,string)
UnityEngine.StackTraceUtility:ExtractStackTrace () (at /Users/bokken/build/output/unity/unity/Runtime/Export/Scripting/StackTrace.cs:35)
UnityEngine.DebugLogHandler:Internal_Log (UnityEngine.LogType,UnityEngine.LogOption,string,UnityEngine.Object)
UnityEngine.DebugLogHandler:LogFormat (UnityEngine.LogType,UnityEngine.Object,string,object[])
UnityEngine.Logger:Log (UnityEngine.LogType,object)
UnityEngine.Debug:Log (object)
UniWebViewPostBuildProcessor:PatchBuildGradle (string) (at Assets/UniWebView/Editor/UniWebViewPostBuildProcessor.Android.cs:221)
UniWebViewPostBuildProcessor:OnPostGenerateGradleAndroidProject (string) (at Assets/UniWebView/Editor/UniWebViewPostBuildProcessor.Android.cs:97)
UnityEditor.Android.PostProcessor.Tasks.ProcessGenerateProjectCallbacks:OnGeneratePlatformProjectPostprocess (string,bool) (at /home/bokken/build/output/unity/unity/PlatformDependent/AndroidPlayer/Editor/Managed/PostProcessor/Tasks/ProcessGenerateProjectCallbacks.cs:41)
UnityEditor.Android.PostProcessor.Tasks.ProcessGenerateProjectCallbacks:Execute (UnityEditor.Android.PostProcessor.PostProcessorContext) (at /home/bokken/build/output/unity/unity/PlatformDependent/AndroidPlayer/Editor/Managed/PostProcessor/Tasks/ProcessGenerateProjectCallbacks.cs:67)
UnityEditor.Android.PostProcessor.PostProcessRunner:RunAllTasks (UnityEditor.Android.PostProcessor.PostProcessorContext) (at /home/bokken/build/output/unity/unity/PlatformDependent/AndroidPlayer/Editor/Managed/PostProcessor/AndroidPostProcessor.cs:112)
UnityEditor.Android.PostProcessAndroidPlayer:PostProcess (UnityEditor.Modules.BuildPostProcessArgs,AndroidPlayerBuildProgram.Data.AndroidPlayerBuildProgramOutput) (at /home/bokken/build/output/unity/unity/PlatformDependent/AndroidPlayer/Editor/Managed/PostProcessAndroidPlayer.cs:353)
UnityEditor.Android.AndroidBuildPostprocessor:PostProcess (UnityEditor.Modules.BuildPostProcessArgs,UnityEditor.BuildProperties&) (at /home/bokken/build/output/unity/unity/PlatformDependent/AndroidPlayer/Editor/Managed/ExtensionModule.cs:410)
UnityEditor.PostprocessBuildPlayer:Postprocess (UnityEditor.BuildTarget,int,string,string,string,UnityEditor.BuildOptions,UnityEditor.RuntimeClassRegistry,UnityEditor.Build.Reporting.BuildReport) (at /Users/bokken/build/output/unity/unity/Editor/Mono/BuildPipeline/PostprocessBuildPlayer.cs:315)
UnityEditor.BuildPipeline:BuildPlayerInternalNoCheck (string[],string,string,UnityEditor.BuildTargetGroup,UnityEditor.BuildTarget,int,UnityEditor.BuildOptions,string[],bool)
UnityEditor.BuildPipeline:BuildPlayerInternal (string[],string,string,UnityEditor.BuildTargetGroup,UnityEditor.BuildTarget,int,UnityEditor.BuildOptions,string[]) (at /Users/bokken/build/output/unity/unity/Editor/Mono/BuildPipeline.bindings.cs:494)
UnityEditor.BuildPipeline:BuildPlayer (string[],string,string,UnityEditor.BuildTargetGroup,UnityEditor.BuildTarget,int,UnityEditor.BuildOptions,string[]) (at /Users/bokken/build/output/unity/unity/Editor/Mono/BuildPipeline.bindings.cs:410)
UnityEditor.BuildPipeline:BuildPlayer (UnityEditor.BuildPlayerOptions) (at /Users/bokken/build/output/unity/unity/Editor/Mono/BuildPipeline.bindings.cs:356)
BuildScript:BuildAndroidAPK () (at Assets/Editor/BuildScript.cs:32)

(Filename: Assets/UniWebView/Editor/UniWebViewPostBuildProcessor.Android.cs Line: 221)

<UniWebView> Updated Browser dependency in build.gradle.
UnityEngine.Debug:ExtractStackTraceNoAlloc (byte*,int,string)
UnityEngine.StackTraceUtility:ExtractStackTrace () (at /Users/bokken/build/output/unity/unity/Runtime/Export/Scripting/StackTrace.cs:35)
UnityEngine.DebugLogHandler:Internal_Log (UnityEngine.LogType,UnityEngine.LogOption,string,UnityEngine.Object)
UnityEngine.DebugLogHandler:LogFormat (UnityEngine.LogType,UnityEngine.Object,string,object[])
UnityEngine.Logger:Log (UnityEngine.LogType,object)
UnityEngine.Debug:Log (object)
UniWebViewPostBuildProcessor:PatchBuildGradle (string) (at Assets/UniWebView/Editor/UniWebViewPostBuildProcessor.Android.cs:227)
UniWebViewPostBuildProcessor:OnPostGenerateGradleAndroidProject (string) (at Assets/UniWebView/Editor/UniWebViewPostBuildProcessor.Android.cs:97)
UnityEditor.Android.PostProcessor.Tasks.ProcessGenerateProjectCallbacks:OnGeneratePlatformProjectPostprocess (string,bool) (at /home/bokken/build/output/unity/unity/PlatformDependent/AndroidPlayer/Editor/Managed/PostProcessor/Tasks/ProcessGenerateProjectCallbacks.cs:41)
UnityEditor.Android.PostProcessor.Tasks.ProcessGenerateProjectCallbacks:Execute (UnityEditor.Android.PostProcessor.PostProcessorContext) (at /home/bokken/build/output/unity/unity/PlatformDependent/AndroidPlayer/Editor/Managed/PostProcessor/Tasks/ProcessGenerateProjectCallbacks.cs:67)
UnityEditor.Android.PostProcessor.PostProcessRunner:RunAllTasks (UnityEditor.Android.PostProcessor.PostProcessorContext) (at /home/bokken/build/output/unity/unity/PlatformDependent/AndroidPlayer/Editor/Managed/PostProcessor/AndroidPostProcessor.cs:112)
UnityEditor.Android.PostProcessAndroidPlayer:PostProcess (UnityEditor.Modules.BuildPostProcessArgs,AndroidPlayerBuildProgram.Data.AndroidPlayerBuildProgramOutput) (at /home/bokken/build/output/unity/unity/PlatformDependent/AndroidPlayer/Editor/Managed/PostProcessAndroidPlayer.cs:353)
UnityEditor.Android.AndroidBuildPostprocessor:PostProcess (UnityEditor.Modules.BuildPostProcessArgs,UnityEditor.BuildProperties&) (at /home/bokken/build/output/unity/unity/PlatformDependent/AndroidPlayer/Editor/Managed/ExtensionModule.cs:410)
UnityEditor.PostprocessBuildPlayer:Postprocess (UnityEditor.BuildTarget,int,string,string,string,UnityEditor.BuildOptions,UnityEditor.RuntimeClassRegistry,UnityEditor.Build.Reporting.BuildReport) (at /Users/bokken/build/output/unity/unity/Editor/Mono/BuildPipeline/PostprocessBuildPlayer.cs:315)
UnityEditor.BuildPipeline:BuildPlayerInternalNoCheck (string[],string,string,UnityEditor.BuildTargetGroup,UnityEditor.BuildTarget,int,UnityEditor.BuildOptions,string[],bool)
UnityEditor.BuildPipeline:BuildPlayerInternal (string[],string,string,UnityEditor.BuildTargetGroup,UnityEditor.BuildTarget,int,UnityEditor.BuildOptions,string[]) (at /Users/bokken/build/output/unity/unity/Editor/Mono/BuildPipeline.bindings.cs:494)
UnityEditor.BuildPipeline:BuildPlayer (string[],string,string,UnityEditor.BuildTargetGroup,UnityEditor.BuildTarget,int,UnityEditor.BuildOptions,string[]) (at /Users/bokken/build/output/unity/unity/Editor/Mono/BuildPipeline.bindings.cs:410)
UnityEditor.BuildPipeline:BuildPlayer (UnityEditor.BuildPlayerOptions) (at /Users/bokken/build/output/unity/unity/Editor/Mono/BuildPipeline.bindings.cs:356)
BuildScript:BuildAndroidAPK () (at Assets/Editor/BuildScript.cs:32)

(Filename: Assets/UniWebView/Editor/UniWebViewPostBuildProcessor.Android.cs Line: 227)

Android PostProcess task "Calling IPostGenerateGradleAndroidProject callbacks" took 24.9893 ms
DisplayProgressbar: Validate Gradle Project
Android PostProcess task "Validate Gradle Project" took 0.4263 ms
Android PostProcess task "Unity Services Symbol Upload" took 0.6377 ms
DisplayProgressbar: Building Gradle project
ExitCode: 0 Duration: 0s434ms
Starting: /Applications/Unity/Hub/Editor/6000.3.9f1/PlaybackEngines/AndroidPlayer/OpenJDK/bin/java -classpath "/Applications/Unity/Hub/Editor/6000.3.9f1/PlaybackEngines/AndroidPlayer/Tools/gradle/lib/gradle-launcher-8.13.jar" org.gradle.launcher.GradleMain "-Dorg.gradle.jvmargs=-Xmx4096m" "assembleRelease" 
WorkingDir: /Users/akshaykadam/Documents/UnityApps/NeuroRehab Cognitive Therapy Portal/Library/Bee/Android/Prj/IL2CPP/Gradle/launcher
Android PostProcess task "Building Gradle project" took 47384.2616 ms
DisplayProgressbar: Building Gradle Symbols
Android PostProcess task "Building Gradle Symbols" took 0.2874 ms
DisplayProgressbar: Processing Mapping File
Android PostProcess task "Processing Mapping File" took 0.3667 ms
DisplayProgressbar: Moving output package(s)
Deleting file '/Users/akshaykadam/Documents/UnityApps/NeuroRehab Cognitive Therapy Portal/Builds/NeuroRehab.apk'
Copy '/Users/akshaykadam/Documents/UnityApps/NeuroRehab Cognitive Therapy Portal/Library/Bee/Android/Prj/IL2CPP/Gradle/launcher/build/outputs/apk/release/launcher-release.apk' -> 
 '/Users/akshaykadam/Documents/UnityApps/NeuroRehab Cognitive Therapy Portal/Builds/NeuroRehab.apk'
Android PostProcess task "Moving output package(s)" took 163.3495 ms
Android PostProcess task "Checking Symbols size" took 1.6334 ms
Refreshing native plugins compatible for Editor in 4.36 ms, found 2 plugins.
Preloading 0 native plugins for Editor in 0.00 ms.
Asset Pipeline Refresh (id=55ca779986c1a4bef9692217525ac7f3): Total: 0.405 seconds - Initiated by RefreshV2(NoUpdateAssetOptions)
	Summary:
		Imports: total=0 (actual=0, local cache=0, cache server=0)
		Asset DB Process Time: managed=0 ms, native=381 ms
		Asset DB Callback time: managed=3 ms, native=20 ms
		Scripting: domain reloads=0, domain reload time=0 ms, compile time=0 ms, other=0 ms
		Project Asset Count: scripts=1263, non-scripts=2385
		Asset File Changes: new=0, changed=0, moved=0, deleted=2
		Scan Filter Count: 1
	InvokeCustomDependenciesCallbacks: 0.001ms
	InvokePackagesCallback: 0.000ms
	ApplyChangesToAssetFolders: 0.459ms
	Scan: 309.346ms
	OnSourceAssetsModified: 0.629ms
	CategorizeAssetsWithTransientArtifact: 0.161ms
	ProcessAssetsWithTransientArtifactChanges: 0.402ms
	UnregisterDeletedAssets: 0.093ms
	CategorizeAssets: 51.392ms
	ImportOutOfDateAssets: 1.122ms (0.181ms without children)
		ReloadNativeAssets: 0.032ms
		UnloadImportedAssets: 0.101ms
		EnsureUptoDateAssetsAreRegisteredWithGuidPM: 0.313ms
		InitializingProgressBar: 0.000ms
		PostProcessAllAssetNotificationsAddChangedAssets: 0.000ms
		OnDemandSchedulerStart: 0.495ms
	PostProcessAllAssets: 5.567ms
	Hotreload: 17.273ms
	GatherAllCurrentPrimaryArtifactRevisions: 1.265ms
	UnloadStreamsBegin: 2.497ms
	PersistCurrentRevisions: 0.582ms
	UnloadStreamsEnd: 0.001ms
	Untracked: 14.281ms

Refreshing native plugins compatible for Editor in 0.49 ms, found 2 plugins.
Preloading 0 native plugins for Editor in 0.00 ms.

-------------------------------------------------------------------------------
Build Report
Uncompressed usage by category (Percentages based on user generated assets only):
Textures               4.5 mb	 77.7% 
Meshes                 0.0 kb	 0.0% 
Animations             0.0 kb	 0.0% 
Sounds                 0.0 kb	 0.0% 
Shaders                594.5 kb	 10.1% 
Other Assets           311.7 kb	 5.3% 
Levels                 10.2 kb	 0.2% 
File headers           142.3 kb	 2.4% 
Total User Assets      5.8 mb	 100.0% 
Complete build size    808.7 mb
Used Assets and files from the Resources folder, sorted by uncompressed size:
 1.2 mb	 0.1% Built-in Texture2D: Splash Screen Unity Logo
 526.0 kb	 0.1% Resources/unity_builtin_extra
 262.6 kb	 0.0% Packages/com.unity.render-pipelines.universal/Textures/SMAA/AreaTex.tga
 256.1 kb	 0.0% Packages/com.unity.render-pipelines.universal/Textures/FilmGrain/Thin02.png
 256.1 kb	 0.0% Packages/com.unity.render-pipelines.universal/Textures/FilmGrain/Thin01.png
 256.1 kb	 0.0% Packages/com.unity.render-pipelines.universal/Textures/FilmGrain/Medium06.png
 256.1 kb	 0.0% Packages/com.unity.render-pipelines.universal/Textures/FilmGrain/Medium05.png
 256.1 kb	 0.0% Packages/com.unity.render-pipelines.universal/Textures/FilmGrain/Medium04.png
 256.1 kb	 0.0% Packages/com.unity.render-pipelines.universal/Textures/FilmGrain/Medium03.png
 256.1 kb	 0.0% Packages/com.unity.render-pipelines.universal/Textures/FilmGrain/Medium02.png
 256.1 kb	 0.0% Packages/com.unity.render-pipelines.universal/Textures/FilmGrain/Medium01.png
 256.1 kb	 0.0% Packages/com.unity.render-pipelines.universal/Textures/FilmGrain/Large02.png
 256.1 kb	 0.0% Packages/com.unity.render-pipelines.universal/Textures/FilmGrain/Large01.png
 119.8 kb	 0.0% Packages/com.unity.render-pipelines.universal/Shaders/PostProcessing/UberPost.shader
 79.7 kb	 0.0% Packages/com.unity.render-pipelines.core/Runtime/Debugging/Prefabs/Fonts/PerfectDOSVGA437.ttf
 63.1 kb	 0.0% Packages/com.unity.render-pipelines.universal/Shaders/Utils/CoreBlit.shader
 59.1 kb	 0.0% Packages/com.unity.render-pipelines.core/Runtime/Debugging/Prefabs/Widgets/DebugUIHandlerRenderingLayerField.prefab
 59.1 kb	 0.0% Packages/com.unity.render-pipelines.core/Runtime/Debugging/Prefabs/Widgets/DebugUIBitField.prefab
 48.9 kb	 0.0% Packages/com.unity.render-pipelines.universal/Shaders/PostProcessing/FinalPost.shader
 28.8 kb	 0.0% Packages/com.unity.render-pipelines.universal/Shaders/PostProcessing/BokehDepthOfField.shader
 27.2 kb	 0.0% Packages/com.unity.render-pipelines.universal/Shaders/PostProcessing/LensFlareDataDriven.shader
 25.0 kb	 0.0% Packages/com.unity.render-pipelines.universal/Shaders/PostProcessing/TemporalAA.shader
 23.7 kb	 0.0% Packages/com.unity.render-pipelines.universal/Shaders/Terrain/WavingGrass.shader
 21.2 kb	 0.0% Packages/com.unity.render-pipelines.universal/Shaders/PostProcessing/Bloom.shader
 20.2 kb	 0.0% Packages/com.unity.render-pipelines.universal/Shaders/Terrain/WavingGrassBillboard.shader
 19.0 kb	 0.0% Packages/com.unity.render-pipelines.universal/Shaders/PostProcessing/CameraMotionBlur.shader
 18.4 kb	 0.0% Packages/com.unity.render-pipelines.universal/Shaders/Utils/StencilDeferred.shader
 18.0 kb	 0.0% Packages/com.unity.render-pipelines.universal/Shaders/PostProcessing/LensFlareScreenSpace.shader
 17.8 kb	 0.0% Packages/com.unity.render-pipelines.universal/Shaders/Terrain/TerrainDetailLit.shader
 16.2 kb	 0.0% Packages/com.unity.render-pipelines.universal/Shaders/PostProcessing/GaussianDepthOfField.shader
 14.9 kb	 0.0% Packages/com.unity.render-pipelines.universal/Textures/DebugFont.tga
 13.8 kb	 0.0% Packages/com.unity.render-pipelines.universal/Shaders/PostProcessing/SubpixelMorphologicalAntialiasing.shader
 11.5 kb	 0.0% Packages/com.unity.render-pipelines.universal/Shaders/Debug/HDRDebugView.shader
 11.3 kb	 0.0% Packages/com.unity.render-pipelines.universal/Shaders/PostProcessing/LutBuilderHdr.shader
 9.8 kb	 0.0% Assets/InputSystem_Actions.inputactions
 9.3 kb	 0.0% Packages/com.unity.render-pipelines.core/Runtime/Debugging/Prefabs/Widgets/DebugUIPanel.prefab
 9.1 kb	 0.0% Packages/com.unity.render-pipelines.universal/Shaders/Utils/CoreBlitColorAndDepth.shader
 8.8 kb	 0.0% Packages/com.unity.inputsystem/InputSystem/Plugins/PlayerInput/DefaultInputActions.inputactions
 8.2 kb	 0.0% Packages/com.unity.render-pipelines.universal/Shaders/Utils/ClusterDeferred.shader
 7.2 kb	 0.0% Packages/com.unity.render-pipelines.universal/Shaders/PostProcessing/LutBuilderLdr.shader
 6.5 kb	 0.0% Packages/com.unity.render-pipelines.core/Runtime/Debugging/Prefabs/Widgets/DebugUIColor.prefab
 6.4 kb	 0.0% Packages/com.unity.render-pipelines.universal/Shaders/PostProcessing/ScalingSetup.shader
 6.2 kb	 0.0% Packages/com.unity.render-pipelines.universal/Shaders/PostProcessing/EdgeAdaptiveSpatialUpsampling.shader
 6.1 kb	 0.0% Packages/com.unity.render-pipelines.core/Runtime/Debugging/Prefabs/Widgets/DebugUIVector4.prefab
 5.7 kb	 0.0% Packages/com.unity.render-pipelines.core/Shaders/CoreCopy.shader
 5.2 kb	 0.0% Packages/com.unity.render-pipelines.core/Runtime/Debugging/Prefabs/Widgets/DebugUIVector3.prefab
 4.5 kb	 0.0% Packages/com.unity.render-pipelines.core/Runtime/Debugging/Prefabs/Resources/DebugUICanvas.prefab
 4.5 kb	 0.0% Packages/com.unity.render-pipelines.universal/Shaders/Debug/DebugReplacement.shader
 4.4 kb	 0.0% Packages/com.unity.render-pipelines.core/Runtime/Debugging/Prefabs/Widgets/DebugUIUIntField.prefab
 4.4 kb	 0.0% Packages/com.unity.render-pipelines.core/Runtime/Debugging/Prefabs/Widgets/DebugUIIntField.prefab
 4.3 kb	 0.0% Packages/com.unity.render-pipelines.universal/Shaders/Utils/CopyDepth.shader
 4.3 kb	 0.0% Packages/com.unity.render-pipelines.universal/Shaders/CameraMotionVectors.shader
 4.3 kb	 0.0% Packages/com.unity.render-pipelines.core/Runtime/Debugging/Prefabs/Widgets/DebugUIVector2.prefab
 4.2 kb	 0.0% Packages/com.unity.render-pipelines.universal/Shaders/PostProcessing/PaniniProjection.shader
 4.1 kb	 0.0% Packages/com.unity.render-pipelines.universal/Textures/BlueNoise64/L/LDR_LLL1_0.png
 4.1 kb	 0.0% Packages/com.unity.render-pipelines.core/Runtime/Debugging/Prefabs/Widgets/DebugUIFloatField.prefab
 4.0 kb	 0.0% Packages/com.unity.render-pipelines.universal/Shaders/Utils/FallbackError.shader
 3.8 kb	 0.0% Packages/com.unity.render-pipelines.universal/Shaders/Utils/Sampling.shader
 3.8 kb	 0.0% Packages/com.unity.render-pipelines.universal/Shaders/PostProcessing/StopNaN.shader
 3.7 kb	 0.0% Packages/com.unity.render-pipelines.universal/Shaders/Utils/StencilDitherMaskSeed.shader
 3.2 kb	 0.0% Packages/com.unity.render-pipelines.core/Runtime/RenderPipelineResources/FallbackShader.shader
 3.0 kb	 0.0% Packages/com.unity.render-pipelines.universal/Shaders/Debug/ProbeVolumeSamplingDebugPositionNormal.compute
 2.9 kb	 0.0% Assets/Settings/UniversalRenderPipelineGlobalSettings.asset
 2.8 kb	 0.0% Assets/Resources/PerformanceTestRunInfo.json
 2.8 kb	 0.0% Packages/com.unity.render-pipelines.core/Runtime/Debugging/Prefabs/Widgets/DebugUIObjectPopupField.prefab
 2.8 kb	 0.0% Assets/Settings/DefaultVolumeProfile.asset
 2.6 kb	 0.0% Packages/com.unity.render-pipelines.core/Runtime/Debugging/Prefabs/Widgets/DebugUIObjectList.prefab
 2.6 kb	 0.0% Packages/com.unity.render-pipelines.core/Runtime/Debugging/Prefabs/Widgets/DebugUIEnumField.prefab
 2.4 kb	 0.0% Packages/com.unity.render-pipelines.core/Runtime/Debugging/Prefabs/Widgets/DebugUIFoldout.prefab
 2.4 kb	 0.0% Packages/com.unity.render-pipelines.core/Runtime/Debugging/Prefabs/Widgets/DebugUIRow.prefab
 2.4 kb	 0.0% Packages/com.unity.render-pipelines.core/Runtime/Vrs/Shaders/VrsVisualization.shader
 1.7 kb	 0.0% Packages/com.unity.render-pipelines.core/Runtime/Debugging/Prefabs/Widgets/DebugUIToggleHistory.prefab
 1.7 kb	 0.0% Packages/com.unity.render-pipelines.core/Runtime/Debugging/Prefabs/Widgets/DebugUIToggle.prefab
 1.4 kb	 0.0% Packages/com.unity.render-pipelines.core/Runtime/Debugging/Prefabs/Widgets/DebugUIProgressBar.prefab
 1.4 kb	 0.0% Packages/com.unity.render-pipelines.core/Runtime/Debugging/Prefabs/Widgets/DebugUIGroup.prefab
 1.2 kb	 0.0% Packages/com.unity.render-pipelines.core/Runtime/Debugging/Prefabs/Widgets/DebugUIButton.prefab
 1.1 kb	 0.0% Packages/com.unity.render-pipelines.universal/Textures/SMAA/SearchTex.tga
 1.1 kb	 0.0% Packages/com.unity.render-pipelines.core/Runtime/Debugging/Prefabs/Textures/UIFoldoutOpened.png
 1.1 kb	 0.0% Packages/com.unity.render-pipelines.core/Runtime/Debugging/Prefabs/Textures/UIFoldoutClosed.png
 1.1 kb	 0.0% Packages/com.unity.render-pipelines.core/Runtime/Debugging/Prefabs/Textures/UICheckMark.png
 0.9 kb	 0.0% Packages/com.unity.render-pipelines.core/Runtime/Debugging/Prefabs/Widgets/DebugUIEnumHistory.prefab
 0.9 kb	 0.0% Packages/com.unity.render-pipelines.core/Runtime/Debugging/Prefabs/Widgets/DebugUIValuePersistent.prefab
 0.9 kb	 0.0% Packages/com.unity.render-pipelines.core/Runtime/Debugging/Prefabs/Widgets/DebugUIValueTuple.prefab
 0.9 kb	 0.0% Packages/com.unity.render-pipelines.core/Runtime/Debugging/Prefabs/Resources/DebugUIPersistentCanvas.prefab
 0.9 kb	 0.0% Packages/com.unity.render-pipelines.core/Runtime/Debugging/Prefabs/Widgets/DebugUIObject.prefab
 0.9 kb	 0.0% Packages/com.unity.render-pipelines.core/Runtime/Debugging/Prefabs/Widgets/DebugUIValue.prefab
 0.9 kb	 0.0% Packages/com.unity.render-pipelines.core/Runtime/Debugging/Prefabs/Widgets/DebugUIMessageBox.prefab
 0.8 kb	 0.0% Packages/com.unity.render-pipelines.core/Runtime/Debugging/Prefabs/Textures/UIElement8px.png
 0.8 kb	 0.0% Packages/com.unity.render-pipelines.universal/Runtime/Data/PostProcessData.asset
 0.6 kb	 0.0% Assets/Settings/SampleSceneProfile.asset
 0.5 kb	 0.0% Packages/com.unity.render-pipelines.core/Runtime/Debugging/Prefabs/Textures/White1px.png
 0.5 kb	 0.0% Packages/com.unity.render-pipelines.universal/Shaders/XR/XRMirrorView.shader
 0.5 kb	 0.0% Packages/com.unity.render-pipelines.universal/Shaders/Utils/BlitHDROverlay.shader
 0.4 kb	 0.0% Assets/Settings/Mobile_RPAsset.asset
 0.4 kb	 0.0% Packages/com.unity.render-pipelines.universal/Runtime/Decal/DBuffer/DBufferClear.shader
 0.4 kb	 0.0% Assets/Settings/PC_RPAsset.asset
 0.4 kb	 0.0% Packages/com.unity.render-pipelines.core/Runtime/Debugging/Prefabs/Widgets/DebugUIVBox.prefab
 0.4 kb	 0.0% Packages/com.unity.render-pipelines.core/Runtime/Debugging/Prefabs/Widgets/DebugUIHBox.prefab
 0.4 kb	 0.0% Built-in Sprite: 
 0.4 kb	 0.0% Packages/com.unity.render-pipelines.universal/Shaders/XR/XROcclusionMesh.shader
 0.4 kb	 0.0% Assets/Settings/PC_Renderer.asset
 0.4 kb	 0.0% Packages/com.unity.render-pipelines.universal/Textures/BlueNoise16/L/LDR_LLL1_9.png
 0.4 kb	 0.0% Packages/com.unity.render-pipelines.universal/Textures/BlueNoise16/L/LDR_LLL1_8.png
 0.4 kb	 0.0% Packages/com.unity.render-pipelines.universal/Textures/BlueNoise16/L/LDR_LLL1_7.png
 0.4 kb	 0.0% Packages/com.unity.render-pipelines.universal/Textures/BlueNoise16/L/LDR_LLL1_6.png
 0.4 kb	 0.0% Packages/com.unity.render-pipelines.universal/Textures/BlueNoise16/L/LDR_LLL1_5.png
 0.4 kb	 0.0% Packages/com.unity.render-pipelines.universal/Textures/BlueNoise16/L/LDR_LLL1_4.png
 0.4 kb	 0.0% Packages/com.unity.render-pipelines.universal/Textures/BlueNoise16/L/LDR_LLL1_31.png
 0.4 kb	 0.0% Packages/com.unity.render-pipelines.universal/Textures/BlueNoise16/L/LDR_LLL1_30.png
 0.4 kb	 0.0% Packages/com.unity.render-pipelines.universal/Textures/BlueNoise16/L/LDR_LLL1_3.png
 0.4 kb	 0.0% Packages/com.unity.render-pipelines.universal/Textures/BlueNoise16/L/LDR_LLL1_29.png
 0.4 kb	 0.0% Packages/com.unity.render-pipelines.universal/Textures/BlueNoise16/L/LDR_LLL1_28.png
 0.4 kb	 0.0% Packages/com.unity.render-pipelines.universal/Textures/BlueNoise16/L/LDR_LLL1_27.png
 0.4 kb	 0.0% Packages/com.unity.render-pipelines.universal/Textures/BlueNoise16/L/LDR_LLL1_26.png
 0.4 kb	 0.0% Packages/com.unity.render-pipelines.universal/Textures/BlueNoise16/L/LDR_LLL1_25.png
 0.4 kb	 0.0% Packages/com.unity.render-pipelines.universal/Textures/BlueNoise16/L/LDR_LLL1_24.png
 0.4 kb	 0.0% Packages/com.unity.render-pipelines.universal/Textures/BlueNoise16/L/LDR_LLL1_23.png
 0.4 kb	 0.0% Packages/com.unity.render-pipelines.universal/Textures/BlueNoise16/L/LDR_LLL1_22.png
 0.4 kb	 0.0% Packages/com.unity.render-pipelines.universal/Textures/BlueNoise16/L/LDR_LLL1_21.png
 0.4 kb	 0.0% Packages/com.unity.render-pipelines.universal/Textures/BlueNoise16/L/LDR_LLL1_20.png
 0.4 kb	 0.0% Packages/com.unity.render-pipelines.universal/Textures/BlueNoise16/L/LDR_LLL1_2.png
 0.4 kb	 0.0% Packages/com.unity.render-pipelines.universal/Textures/BlueNoise16/L/LDR_LLL1_19.png
 0.4 kb	 0.0% Packages/com.unity.render-pipelines.universal/Textures/BlueNoise16/L/LDR_LLL1_18.png
 0.4 kb	 0.0% Packages/com.unity.render-pipelines.universal/Textures/BlueNoise16/L/LDR_LLL1_17.png
 0.4 kb	 0.0% Packages/com.unity.render-pipelines.universal/Textures/BlueNoise16/L/LDR_LLL1_16.png
 0.4 kb	 0.0% Packages/com.unity.render-pipelines.universal/Textures/BlueNoise16/L/LDR_LLL1_15.png
 0.4 kb	 0.0% Packages/com.unity.render-pipelines.universal/Textures/BlueNoise16/L/LDR_LLL1_14.png
 0.4 kb	 0.0% Packages/com.unity.render-pipelines.universal/Textures/BlueNoise16/L/LDR_LLL1_13.png
 0.4 kb	 0.0% Packages/com.unity.render-pipelines.universal/Textures/BlueNoise16/L/LDR_LLL1_12.png
 0.4 kb	 0.0% Packages/com.unity.render-pipelines.universal/Textures/BlueNoise16/L/LDR_LLL1_11.png
 0.4 kb	 0.0% Packages/com.unity.render-pipelines.universal/Textures/BlueNoise16/L/LDR_LLL1_10.png
 0.4 kb	 0.0% Packages/com.unity.render-pipelines.universal/Textures/BlueNoise16/L/LDR_LLL1_1.png
 0.4 kb	 0.0% Packages/com.unity.render-pipelines.universal/Textures/BlueNoise16/L/LDR_LLL1_0.png
 0.4 kb	 0.0% Packages/com.unity.render-pipelines.universal/Shaders/XR/XRMotionVector.shader
 0.3 kb	 0.0% Assets/Settings/Mobile_Renderer.asset
 0.2 kb	 0.0% Packages/com.unity.render-pipelines.universal/Runtime/Debug/UniversalRenderPipelineVolumeDebugSettings.deprecated.cs
 0.2 kb	 0.0% Packages/com.unity.render-pipelines.universal/Runtime/RenderPipelineResources/UniversalRenderPipelineRuntimeXRResources.cs
 0.2 kb	 0.0% Packages/com.unity.render-pipelines.universal/Runtime/RenderPipelineResources/UniversalRenderPipelineRuntimeTerrainShaders.cs
 0.2 kb	 0.0% Packages/com.unity.render-pipelines.universal/Runtime/Debug/UniversalRenderPipelineVolumeDebugSettings.cs
 0.2 kb	 0.0% Packages/com.unity.render-pipelines.universal/Runtime/Debug/UniversalRenderPipelineDebugDisplaySettings.cs
 0.2 kb	 0.0% Packages/com.unity.render-pipelines.core/Runtime/RenderGraph/RenderGraphResourceAccelerationStructure.cs
 0.2 kb	 0.0% Packages/com.unity.render-pipelines.universal/Runtime/UniversalRenderPipelineGlobalSettings.cs
 0.2 kb	 0.0% Packages/com.unity.render-pipelines.universal/Runtime/RenderPipelineResources/UniversalRenderPipelineRuntimeTextures.cs
 0.2 kb	 0.0% Packages/com.unity.render-pipelines.universal/Runtime/RenderPipelineResources/UniversalRenderPipelineRuntimeShaders.cs
 0.2 kb	 0.0% Packages/com.unity.render-pipelines.universal/Runtime/RenderPipelineResources/UniversalRenderPipelineEditorMaterials.cs
 0.2 kb	 0.0% Packages/com.unity.render-pipelines.universal/Runtime/Debug/UniversalRenderPipelineDebugDisplayStats.cs
 0.2 kb	 0.0% Packages/com.unity.render-pipelines.universal/Runtime/2D/Shadows/ShadowProvider/Providers/ShadowShape2DProvider_SpriteRenderer.cs
 0.2 kb	 0.0% Packages/com.unity.render-pipelines.core/Runtime/Stripping/RenderPipelineGraphicsSettingsStripperFetcher.cs
 0.2 kb	 0.0% Packages/com.unity.render-pipelines.core/Runtime/RenderGraph/IRenderGraphEnabledRenderPipeline.cs
 0.2 kb	 0.0% Packages/com.unity.multiplayer.center/Common/IOnboardingSectionAnalyticsProvider.cs
 0.2 kb	 0.0% Packages/com.unity.render-pipelines.universal/Runtime/RenderPipelineResources/UniversalRenderPipelineEditorShaders.cs
 0.2 kb	 0.0% Packages/com.unity.render-pipelines.universal/Runtime/RenderPipelineResources/UniversalRenderPipelineEditorAssets.cs
 0.2 kb	 0.0% Packages/com.unity.render-pipelines.universal/Runtime/RenderPipelineResources/UniversalRenderPipelineDebugShaders.cs
 0.2 kb	 0.0% Packages/com.unity.render-pipelines.universal/Runtime/Passes/AdditionalLightsShadowCasterPass.cs
 0.2 kb	 0.0% Packages/com.unity.render-pipelines.universal/Runtime/Passes/AdditionalLightsShadowAtlasLayout.cs
 0.2 kb	 0.0% Packages/com.unity.render-pipelines.core/Runtime/Stripping/RenderPipelineGraphicsSettingsStripperReport.cs
 0.2 kb	 0.0% Packages/com.unity.render-pipelines.core/Runtime/RenderGraph/Compiler/NativePassCompiler.Debug.cs
 0.2 kb	 0.0% Packages/com.unity.render-pipelines.core/Runtime/GPUDriven/OcclusionCullingCommonShaderVariables.cs
 0.2 kb	 0.0% Packages/com.unity.render-pipelines.core/Runtime/GPUDriven/InstanceOcclusionCullerShaderVariables.cs
 0.2 kb	 0.0% Packages/com.unity.visualscripting/Runtime/VisualScripting.Core/Listeners/UI/UnityOnScrollbarValueChangedMessageListener.cs
 0.2 kb	 0.0% Packages/com.unity.visualscripting/Runtime/VisualScripting.Core/Listeners/UI/UnityOnScrollRectValueChangedMessageListener.cs
 0.2 kb	 0.0% Packages/com.unity.visualscripting/Runtime/VisualScripting.Core/Listeners/UI/UnityOnInputFieldValueChangedMessageListener.cs
 0.2 kb	 0.0% Packages/com.unity.visualscripting/Runtime/VisualScripting.Core/Listeners/UI/UnityOnDropdownValueChangedMessageListener.cs
 0.2 kb	 0.0% Packages/com.unity.visualscripting/Runtime/VisualScripting.Core/Listeners/MonoBehaviour/UnityOnTransformChildrenChangedMListener.cs
 0.2 kb	 0.0% Packages/com.unity.visualscripting/Runtime/VisualScripting.Core/Listeners/MonoBehaviour/UnityOnControllerColliderHitMessageListener.cs
 0.2 kb	 0.0% Packages/com.unity.render-pipelines.universal/Runtime/2D/Shadows/ShadowProvider/Providers/ShadowShape2DProvider_Collider.cs
 0.2 kb	 0.0% Packages/com.unity.render-pipelines.universal/Runtime/2D/CinemachineUniversalPixelPerfect.cs
 0.2 kb	 0.0% Packages/com.unity.render-pipelines.core/Runtime/Stripping/RenderPipelineGraphicsSettingsStripper.cs
 0.2 kb	 0.0% Packages/com.unity.render-pipelines.core/Runtime/RenderPipeline/RenderPipelineGraphicsSettingsContainer.cs
 0.2 kb	 0.0% Packages/com.unity.render-pipelines.core/Runtime/RenderGraph/Compiler/NativePassCompiler.cs
 0.2 kb	 0.0% Packages/com.unity.render-pipelines.core/Runtime/RenderGraph/Compiler/CompilerContextData.cs
 0.2 kb	 0.0% Packages/com.unity.render-pipelines.core/Runtime/Common/IVirtualTexturingEnabledRenderPipeline.cs
 0.2 kb	 0.0% Packages/com.unity.mathematics/Unity.Mathematics/Il2CppEagerStaticClassConstructionAttribute.cs
 0.2 kb	 0.0% Packages/com.unity.visualscripting/Runtime/VisualScripting.Core/Listeners/MonoBehaviour/UnityOnTransformParentChangedMListener.cs
 0.2 kb	 0.0% Packages/com.unity.visualscripting/Runtime/VisualScripting.Core/Dependencies/AssemblyQualifiedNameParser/ParsedAssemblyQualifiedName.cs
 0.2 kb	 0.0% Packages/com.unity.render-pipelines.universal/Runtime/VolumeRequiresRendererFeatures.cs
 0.2 kb	 0.0% Packages/com.unity.render-pipelines.universal/Runtime/UniversalAdditionalCameraData.cs
 0.2 kb	 0.0% Packages/com.unity.render-pipelines.universal/Runtime/Settings/URPDefaultVolumeProfileSetting.cs
 0.2 kb	 0.0% Packages/com.unity.render-pipelines.universal/Runtime/RendererFeatures/FullScreenPassRendererFeature.cs
 0.2 kb	 0.0% Packages/com.unity.render-pipelines.universal/Runtime/RendererFeatures/DisallowMultipleRendererFeature.cs
 0.2 kb	 0.0% Packages/com.unity.render-pipelines.universal/Runtime/RenderGraph/RenderGraphGraphicsAutomatedTests.cs
 0.2 kb	 0.0% Packages/com.unity.render-pipelines.universal/Runtime/Passes/ScreenSpaceAmbientOcclusionPass.cs
 0.2 kb	 0.0% Packages/com.unity.render-pipelines.universal/Runtime/Passes/MainLightShadowCasterPass.cs
 0.2 kb	 0.0% Packages/com.unity.render-pipelines.universal/Runtime/Passes/InvokeOnRenderObjectCallbackPass.cs
 0.2 kb	 0.0% Packages/com.unity.render-pipelines.universal/Runtime/Decal/Entities/DecalUpdateCullingGroupSystem.cs
 0.2 kb	 0.0% Packages/com.unity.render-pipelines.universal/Runtime/Debug/DebugDisplaySettingsRendering.cs
 0.2 kb	 0.0% Packages/com.unity.render-pipelines.core/Runtime/UnifiedRayTracing/Hardware/HardwareRayTracingAccelStruct.cs
 0.2 kb	 0.0% Packages/com.unity.render-pipelines.core/Runtime/RenderGraph/RenderGraphUtilsResources.cs
 0.2 kb	 0.0% Packages/com.unity.render-pipelines.core/Runtime/Lighting/ProbeVolume/ProbeReferenceVolume.ReflProbeNormalization.cs
 0.2 kb	 0.0% Packages/com.unity.render-pipelines.core/Runtime/GPUDriven/OcclusionCullingDebugShaderVariables.cs
 0.2 kb	 0.0% Packages/com.unity.visualscripting/Runtime/VisualScripting.Core/Listeners/UI/UnityOnToggleValueChangedMessageListener.cs
 0.2 kb	 0.0% Packages/com.unity.visualscripting/Runtime/VisualScripting.Core/Listeners/UI/UnityOnSliderValueChangedMessageListener.cs
 0.2 kb	 0.0% Packages/com.unity.visualscripting/Runtime/VisualScripting.Core/Listeners/UI/UnityOnInputFieldEndEditMessageListener.cs
 0.2 kb	 0.0% Packages/com.unity.visualscripting/Runtime/VisualScripting.Core/Listeners/MonoBehaviour/UnityOnParticleCollisionMessageListener.cs
 0.2 kb	 0.0% Packages/com.unity.visualscripting/Runtime/VisualScripting.Core/Listeners/MonoBehaviour/UnityOnMouseUpAsButtonMessageListener.cs
 0.2 kb	 0.0% Packages/com.unity.visualscripting/Runtime/VisualScripting.Core/Listeners/MonoBehaviour/UnityOnCollisionStay2DMessageListener.cs
 0.2 kb	 0.0% Packages/com.unity.visualscripting/Runtime/VisualScripting.Core/Listeners/MonoBehaviour/UnityOnCollisionExit2DMessageListener.cs
 0.2 kb	 0.0% Packages/com.unity.visualscripting/Runtime/VisualScripting.Core/Listeners/MonoBehaviour/UnityOnCollisionEnter2DMessageListener.cs
 0.2 kb	 0.0% Packages/com.unity.visualscripting/Runtime/VisualScripting.Core/Listeners/MonoBehaviour/UnityOnBecameInvisibleMessageListener.cs
 0.2 kb	 0.0% Packages/com.unity.render-pipelines.universal/Runtime/UniversalRenderPipelineRenderGraph.cs
 0.2 kb	 0.0% Packages/com.unity.render-pipelines.universal/Runtime/2D/Shadows/ShadowCasterGroup2DManager.cs
 0.2 kb	 0.0% Packages/com.unity.render-pipelines.universal/Runtime/2D/Rendergraph/CopyCameraSortingLayerPass.cs
 0.2 kb	 0.0% Packages/com.unity.render-pipelines.universal/Runtime/2D/RendererFeatures/ScriptableRenderPass2D.cs
 0.2 kb	 0.0% Packages/com.unity.render-pipelines.universal/Runtime/2D/PixelPerfectCameraInternal.cs
 0.2 kb	 0.0% Packages/com.unity.render-pipelines.core/Runtime/Vrs/VrsRenderPipelineRuntimeResources.cs
 0.2 kb	 0.0% Packages/com.unity.render-pipelines.core/Runtime/Settings/RenderingDebuggerRuntimeResources.cs
 0.2 kb	 0.0% Packages/com.unity.render-pipelines.core/Runtime/RenderPipeline/RenderPipelineGlobalSettingsUtils.cs
 0.2 kb	 0.0% Packages/com.unity.render-pipelines.core/Runtime/RenderGraph/RenderGraphResourceRegistry.cs
 0.2 kb	 0.0% Packages/com.unity.render-pipelines.core/Runtime/RenderGraph/RenderGraphDefaultResources.cs
 0.2 kb	 0.0% Packages/com.unity.render-pipelines.core/Runtime/RenderGraph/Compiler/ResourcesData.cs
 0.2 kb	 0.0% Packages/com.unity.render-pipelines.core/Runtime/Lighting/ProbeVolume/ProbeVolumeConstantRuntimeResources.cs
 0.2 kb	 0.0% Packages/com.unity.render-pipelines.core/Runtime/Lighting/ProbeVolume/ProbeVolumeBakingSetWeakReference.cs
 0.2 kb	 0.0% Packages/com.unity.render-pipelines.core/Runtime/Lighting/ProbeVolume/IProbeVolumeEnabledRenderPipeline.cs
 0.2 kb	 0.0% Packages/com.unity.render-pipelines.core/Runtime/Debugging/Prefabs/Scripts/DebugUIHandlerRenderingLayerField.cs
 0.2 kb	 0.0% Packages/com.unity.visualscripting/Runtime/VisualScripting.Core/Dependencies/FullSerializer/Converters/Unity/GUIStyleState_DirectConverter.cs
 0.2 kb	 0.0% Packages/com.unity.visualscripting/Runtime/VisualScripting.Core/Dependencies/FullSerializer/Converters/Unity/AnimationCurve_DirectConverter.cs
 0.2 kb	 0.0% Packages/com.unity.render-pipelines.universal/Runtime/UniversalAdditionalLightData.cs
 0.2 kb	 0.0% Packages/com.unity.render-pipelines.universal/Runtime/Tiling/ReflectionProbeMinMaxZJob.cs
 0.2 kb	 0.0% Packages/com.unity.render-pipelines.universal/Runtime/Settings/URPShaderStrippingSetting.cs
 0.2 kb	 0.0% Packages/com.unity.render-pipelines.universal/Runtime/ScriptableRendererFeature.cs
 0.2 kb	 0.0% Packages/com.unity.render-pipelines.universal/Runtime/RendererFeatures/ScreenSpaceAmbientOcclusion.cs
 0.2 kb	 0.0% Packages/com.unity.render-pipelines.universal/Runtime/RendererFeatures/OnTilePostProcessResource.cs
 0.2 kb	 0.0% Packages/com.unity.render-pipelines.universal/Runtime/RenderTargetBufferSystem.cs
 0.2 kb	 0.0% Packages/com.unity.render-pipelines.universal/Runtime/RenderPipelineResources/UniversalRendererResources.cs
 0.2 kb	 0.0% Packages/com.unity.render-pipelines.universal/Runtime/Passes/StencilCrossFadeRenderPass.cs
 0.2 kb	 0.0% Packages/com.unity.render-pipelines.universal/Runtime/Passes/PostProcessPassRenderGraph.cs
 0.2 kb	 0.0% Packages/com.unity.render-pipelines.universal/Runtime/Overrides/ShadowsMidtonesHighlights.cs
 0.2 kb	 0.0% Packages/com.unity.render-pipelines.universal/Runtime/FrameData/UniversalPostProcessingData.cs
 0.2 kb	 0.0% Packages/com.unity.render-pipelines.universal/Runtime/Decal/ScreenSpace/DecalScreenSpaceRenderPass.cs
 0.2 kb	 0.0% Packages/com.unity.render-pipelines.universal/Runtime/Decal/Entities/DecalCreateDrawCallSystem.cs
 0.2 kb	 0.0% Packages/com.unity.render-pipelines.universal/Runtime/Debug/DebugDisplaySettingsMaterial.cs
 0.2 kb	 0.0% Packages/com.unity.render-pipelines.universal/Runtime/Debug/DebugDisplaySettingsLighting.cs
 0.2 kb	 0.0% Packages/com.unity.render-pipelines.universal/Runtime/Debug/DebugDisplaySettingsCommon.cs
 0.2 kb	 0.0% Packages/com.unity.render-pipelines.universal/Runtime/Data/UniversalRenderPipelineAsset.cs
 0.2 kb	 0.0% Packages/com.unity.render-pipelines.core/Runtime/UnifiedRayTracing/UnifiedRayTracingException.cs
 0.2 kb	 0.0% Packages/com.unity.render-pipelines.core/Runtime/UnifiedRayTracing/Hardware/HardwareRayTracingBackend.cs
 0.2 kb	 0.0% Packages/com.unity.render-pipelines.core/Runtime/UnifiedRayTracing/Compute/ComputeRayTracingAccelStruct.cs
 0.2 kb	 0.0% Packages/com.unity.render-pipelines.core/Runtime/RenderGraph/RenderGraphResourceRendererList.cs
 0.2 kb	 0.0% Packages/com.unity.render-pipelines.core/Runtime/RenderGraph/Compiler/PassesData.cs
 0.2 kb	 0.0% Packages/com.unity.render-pipelines.core/Runtime/GPUDriven/OccluderDepthPyramidConstants.cs
 0.2 kb	 0.0% Packages/com.unity.render-pipelines.core/Runtime/GPUDriven/Debug/DebugDisplayGPUResidentDrawer.cs
 0.2 kb	 0.0% Packages/com.unity.collections/Unity.Collections/GenerateTestsForBurstCompatibilityAttribute.cs
 0.2 kb	 0.0% Packages/com.unity.visualscripting/Runtime/VisualScripting.Core/SerializedProperties/SerializedPropertyProviderAttribute.cs
 0.2 kb	 0.0% Packages/com.unity.visualscripting/Runtime/VisualScripting.Core/Listeners/UIInterfaces/UnityOnPointerExitMessageListener.cs
 0.2 kb	 0.0% Packages/com.unity.visualscripting/Runtime/VisualScripting.Core/Listeners/UIInterfaces/UnityOnPointerEnterMessageListener.cs
 0.2 kb	 0.0% Packages/com.unity.visualscripting/Runtime/VisualScripting.Core/Listeners/UIInterfaces/UnityOnPointerDownMessageListener.cs
 0.2 kb	 0.0% Packages/com.unity.visualscripting/Runtime/VisualScripting.Core/Listeners/UIInterfaces/UnityOnPointerClickMessageListener.cs
 0.2 kb	 0.0% Packages/com.unity.visualscripting/Runtime/VisualScripting.Core/Listeners/UI/UnityOnButtonClickMessageListener.cs
 0.2 kb	 0.0% Packages/com.unity.visualscripting/Runtime/VisualScripting.Core/Listeners/MonoBehaviour/UnityOnTriggerEnterMessageListener.cs
 0.2 kb	 0.0% Packages/com.unity.visualscripting/Runtime/VisualScripting.Core/Listeners/MonoBehaviour/UnityOnJointBreak2DMessageListener.cs
 0.2 kb	 0.0% Packages/com.unity.visualscripting/Runtime/VisualScripting.Core/Listeners/MonoBehaviour/UnityOnCollisionStayMessageListener.cs
 0.2 kb	 0.0% Packages/com.unity.visualscripting/Runtime/VisualScripting.Core/Listeners/MonoBehaviour/UnityOnCollisionExitMessageListener.cs
 0.2 kb	 0.0% Packages/com.unity.visualscripting/Runtime/VisualScripting.Core/Listeners/MonoBehaviour/UnityOnCollisionEnterMessageListener.cs
 0.2 kb	 0.0% Packages/com.unity.visualscripting/Runtime/VisualScripting.Core/Listeners/MonoBehaviour/UnityOnBecameVisibleMessageListener.cs
 0.2 kb	 0.0% Packages/com.unity.visualscripting/Runtime/VisualScripting.Core/EditorBinding/Inspector/InspectorActionDirectionAttribute.cs
 0.2 kb	 0.0% Packages/com.unity.visualscripting/Runtime/VisualScripting.Core/EditorBinding/Inspector/InspectViaImplementationsAttribute.cs
 0.2 kb	 0.0% Packages/com.unity.visualscripting/Runtime/VisualScripting.Core/Dependencies/FullSerializer/Internal/fsCyclicReferenceManager.cs
 0.2 kb	 0.0% Packages/com.unity.visualscripting/Runtime/VisualScripting.Core/Dependencies/FullSerializer/Converters/Unity/UnityEvent_Converter.cs
 0.2 kb	 0.0% Packages/com.unity.render-pipelines.universal/Runtime/UniversalRenderPipelineCore.cs
 0.2 kb	 0.0% Packages/com.unity.render-pipelines.universal/Runtime/FrameData/UniversalResourceBase.cs
 0.2 kb	 0.0% Packages/com.unity.render-pipelines.universal/Runtime/2D/URP2D_GraphicsExtensions.cs
 0.2 kb	 0.0% Packages/com.unity.render-pipelines.universal/Runtime/2D/Shadows/ShadowProvider/ShadowShape2DProvider.cs
 0.2 kb	 0.0% Packages/com.unity.render-pipelines.universal/Runtime/2D/Shadows/CompositeShadowCaster2D.cs
 0.2 kb	 0.0% Packages/com.unity.render-pipelines.core/Runtime/Utilities/CoreRenderPipelinePreferences.cs
 0.2 kb	 0.0% Packages/com.unity.render-pipelines.core/Runtime/Settings/IDefaultVolumeProfileSettings.cs
 0.2 kb	 0.0% Packages/com.unity.render-pipelines.core/Runtime/RenderGraph/RenderGraphResourcePool.cs
 0.2 kb	 0.0% Packages/com.unity.render-pipelines.core/Runtime/RenderGraph/RenderGraphObjectPool.cs
 0.2 kb	 0.0% Packages/com.unity.render-pipelines.core/Runtime/RenderGraph/Debug/RenderGraphDebugSession.cs
 0.2 kb	 0.0% Packages/com.unity.render-pipelines.core/Runtime/RenderGraph/Debug/RenderGraphDebugParams.cs
 0.2 kb	 0.0% Packages/com.unity.render-pipelines.core/Runtime/RenderGraph/Debug/RenderGraph.DebugDataSerialization.cs
 0.2 kb	 0.0% Packages/com.unity.render-pipelines.core/Runtime/RenderGraph/Debug/DebugDisplaySettingsRenderGraph.cs
 0.2 kb	 0.0% Packages/com.unity.render-pipelines.core/Runtime/Lighting/ProbeVolume/ProbeVolumeBakingProcessSettings.cs
 0.2 kb	 0.0% Packages/com.unity.render-pipelines.core/Runtime/Debugging/Prefabs/Scripts/DebugUIHandlerPersistentCanvas.cs
 0.2 kb	 0.0% Packages/com.unity.render-pipelines.core/Runtime/Debugging/Prefabs/Scripts/DebugUIHandlerObjectPopupField.cs
 0.2 kb	 0.0% Packages/com.unity.render-pipelines.core/Runtime/Debugging/Prefabs/Scripts/DebugUIHandlerIndirectFloatField.cs
 0.2 kb	 0.0% Packages/com.unity.render-pipelines.core/Runtime/Debugging/DebugDisplaySettingsHDROutput.cs
 0.2 kb	 0.0% Packages/com.unity.render-pipelines.core/Runtime/Common/GlobalDynamicResolutionSettings.cs
 0.2 kb	 0.0% Packages/com.unity.inputsystem/InputSystem/Editor/UITKAssetEditor/Views/CompositePartBindingPropertiesView.cs
 0.2 kb	 0.0% Packages/com.unity.inputsystem/InputSystem/Editor/UITKAssetEditor/Views/CollectionViewSelectionChangeFilter.cs
 0.2 kb	 0.0% Packages/com.unity.inputsystem/InputSystem/Editor/UITKAssetEditor/InputActionsEditorSettingsProvider.cs
 0.2 kb	 0.0% Packages/com.unity.inputsystem/InputSystem/Editor/PropertyDrawers/InputActionReferenceSearchProviders.cs
 0.2 kb	 0.0% Packages/com.unity.inputsystem/InputSystem/Editor/PropertyDrawers/InputActionReferencePropertyDrawer.cs
 0.2 kb	 0.0% Packages/com.unity.inputsystem/InputSystem/Editor/Analytics/InputActionsEditorSessionAnalytic.cs
 0.2 kb	 0.0% Packages/com.unity.inputsystem/InputSystem/Devices/Commands/QueryEditorWindowCoordinatesCommand.cs
 0.2 kb	 0.0% Packages/com.unity.inputsystem/InputSystem/Devices/Commands/InitiateUserAccountPairingCommand.cs
 0.2 kb	 0.0% Packages/com.unity.visualscripting/Runtime/VisualScripting.Core/Listeners/MonoBehaviour/UnityOnTriggerStay2DMListener.cs
 0.2 kb	 0.0% Packages/com.unity.visualscripting/Runtime/VisualScripting.Core/Listeners/MonoBehaviour/UnityOnTriggerExit2DMListener.cs
 0.2 kb	 0.0% Packages/com.unity.visualscripting/Runtime/VisualScripting.Core/Listeners/MonoBehaviour/UnityOnTriggerEnter2DMListener.cs
 0.2 kb	 0.0% Packages/com.unity.visualscripting/Runtime/VisualScripting.Core/Dependencies/FullSerializer/fsISerializationCallbacks.cs
 0.2 kb	 0.0% Packages/com.unity.visualscripting/Runtime/VisualScripting.Core/Dependencies/FullSerializer/Converters/Unity/RectOffset_DirectConverter.cs
 0.2 kb	 0.0% Packages/com.unity.visualscripting/Runtime/VisualScripting.Core/Dependencies/FullSerializer/Converters/Unity/LayerMask_DirectConverter.cs
 0.2 kb	 0.0% Packages/com.unity.visualscripting/Runtime/VisualScripting.Core/Dependencies/FullSerializer/Converters/Unity/InputAction_DirectConverter.cs
 0.2 kb	 0.0% Packages/com.unity.render-pipelines.universal/Runtime/UniversalRendererRenderGraph.cs
 0.2 kb	 0.0% Packages/com.unity.render-pipelines.universal/Runtime/UniversalRendererData.cs
 0.2 kb	 0.0% Packages/com.unity.render-pipelines.universal/Runtime/UniversalRenderPipeline.cs
 0.2 kb	 0.0% Packages/com.unity.render-pipelines.universal/Runtime/UniversalCameraHistory.cs
 0.2 kb	 0.0% Packages/com.unity.render-pipelines.universal/Runtime/Tiling/TileRangeExpansionJob.cs
 0.2 kb	 0.0% Packages/com.unity.render-pipelines.universal/Runtime/SupportedOnRenderer.cs
 0.2 kb	 0.0% Packages/com.unity.render-pipelines.universal/Runtime/Settings/URPTerrainShaderSetting.cs
 0.2 kb	 0.0% Packages/com.unity.render-pipelines.universal/Runtime/Settings/URPReflectionProbeSettings.cs
 0.2 kb	 0.0% Packages/com.unity.render-pipelines.universal/Runtime/ScriptableRendererData.cs
 0.2 kb	 0.0% Packages/com.unity.render-pipelines.universal/Runtime/RendererFeatures/FullScreenPassRendererFeature_OldGUID.cs
 0.2 kb	 0.0% Packages/com.unity.render-pipelines.universal/Runtime/ReflectionProbeManager.cs
 0.2 kb	 0.0% Packages/com.unity.render-pipelines.universal/Runtime/Passes/TransparentSettingsPass.cs
 0.2 kb	 0.0% Packages/com.unity.render-pipelines.universal/Runtime/Passes/MotionVectorRenderPass.cs
 0.2 kb	 0.0% Packages/com.unity.render-pipelines.universal/Runtime/Passes/DrawScreenSpaceUIPass.cs
 0.2 kb	 0.0% Packages/com.unity.render-pipelines.universal/Runtime/Passes/DepthNormalOnlyPass.cs
 0.2 kb	 0.0% Packages/com.unity.render-pipelines.universal/Runtime/Passes/ColorGradingLutPass.cs
 0.2 kb	 0.0% Packages/com.unity.render-pipelines.universal/Runtime/NormalReconstruction.cs
 0.2 kb	 0.0% Packages/com.unity.render-pipelines.universal/Runtime/FrameData/UniversalResourceData.cs
 0.2 kb	 0.0% Packages/com.unity.render-pipelines.universal/Runtime/FrameData/UniversalRenderingData.cs
 0.2 kb	 0.0% Packages/com.unity.render-pipelines.universal/Runtime/FrameData/Universal2DResourceData.cs
 0.2 kb	 0.0% Packages/com.unity.render-pipelines.universal/Runtime/Decal/ScreenSpace/DecalGBufferRenderPass.cs
 0.2 kb	 0.0% Packages/com.unity.render-pipelines.universal/Runtime/Decal/Entities/DecalUpdateCulledSystem.cs
 0.2 kb	 0.0% Packages/com.unity.render-pipelines.universal/Runtime/Decal/Entities/DecalUpdateCachedSystem.cs
 0.2 kb	 0.0% Packages/com.unity.render-pipelines.universal/Runtime/Decal/Entities/DecalSkipCulledSystem.cs
 0.2 kb	 0.0% Packages/com.unity.render-pipelines.universal/Runtime/Decal/DBuffer/DecalForwardEmissivePass.cs
 0.2 kb	 0.0% Packages/com.unity.render-pipelines.core/Runtime/XR/XRBuiltinShaderConstants.cs
 0.2 kb	 0.0% Packages/com.unity.render-pipelines.core/Runtime/UnifiedRayTracing/IRayTracingAccelStruct.cs
 0.2 kb	 0.0% Packages/com.unity.render-pipelines.core/Runtime/UnifiedRayTracing/Hardware/HardwareRayTracingShader.cs
 0.2 kb	 0.0% Packages/com.unity.render-pipelines.core/Runtime/UnifiedRayTracing/Compute/ComputeRayTracingShader.cs
 0.2 kb	 0.0% Packages/com.unity.render-pipelines.core/Runtime/UnifiedRayTracing/Compute/ComputeRayTracingBackend.cs
 0.2 kb	 0.0% Packages/com.unity.render-pipelines.core/Runtime/Settings/IDefaultVolumeProfileResource.cs
 0.2 kb	 0.0% Packages/com.unity.render-pipelines.core/Runtime/RenderGraph/RenderGraphResourceTexture.cs
 0.2 kb	 0.0% Packages/com.unity.render-pipelines.core/Runtime/RenderGraph/RenderGraph.ExceptionMessages.cs
 0.2 kb	 0.0% Packages/com.unity.render-pipelines.core/Runtime/RenderGraph/IRenderGraphBuilder.cs
 0.2 kb	 0.0% Packages/com.unity.render-pipelines.core/Runtime/GPUDriven/InstanceCullingBatcherBurst.cs
 0.2 kb	 0.0% Packages/com.unity.render-pipelines.core/Runtime/GPUDriven/IGPUResidentRenderPipeline.cs
 0.2 kb	 0.0% Packages/com.unity.render-pipelines.core/Runtime/GPUDriven/GPUResidentDrawerResources.cs
 0.2 kb	 0.0% Packages/com.unity.render-pipelines.core/Runtime/GPUDriven/Components/DisallowGPUDrivenRendering.cs
 0.2 kb	 0.0% Packages/com.unity.render-pipelines.core/Runtime-PrivateShared/AssemblyInfo.cs
 0.2 kb	 0.0% Packages/com.unity.inputsystem/InputSystem/Plugins/UI/StandaloneInputModuleEditor.cs
 0.2 kb	 0.0% Packages/com.unity.inputsystem/InputSystem/Plugins/UI/InputSystemUIInputModuleEditor.cs
 0.1 kb	 0.0% Packages/com.unity.visualscripting/Runtime/VisualScripting.Flow/Ports/MissingValuePortInputException.cs
 0.1 kb	 0.0% Packages/com.unity.visualscripting/Runtime/VisualScripting.Flow/EditorBinding/UnitHeaderInspectableAttribute.cs
 0.1 kb	 0.0% Packages/com.unity.visualscripting/Runtime/VisualScripting.Flow/Dependencies/NCalc/LogicalExpressionVisitor.cs
 0.1 kb	 0.0% Packages/com.unity.visualscripting/Runtime/VisualScripting.Core/Variables/VariableDeclarationCollection.cs
 0.1 kb	 0.0% Packages/com.unity.visualscripting/Runtime/VisualScripting.Core/Variables/InspectorVariableNameAttribute.cs
 0.1 kb	 0.0% Packages/com.unity.visualscripting/Runtime/VisualScripting.Core/Serialization/SerializationVersionAttribute.cs
 0.1 kb	 0.0% Packages/com.unity.visualscripting/Runtime/VisualScripting.Core/Listeners/UIInterfaces/UnityOnPointerUpMessageListener.cs
 0.1 kb	 0.0% Packages/com.unity.visualscripting/Runtime/VisualScripting.Core/Listeners/UIInterfaces/UnityOnEndDragMessageListener.cs
 0.1 kb	 0.0% Packages/com.unity.visualscripting/Runtime/VisualScripting.Core/Listeners/UIInterfaces/UnityOnDeselectMessageListener.cs
 0.1 kb	 0.0% Packages/com.unity.visualscripting/Runtime/VisualScripting.Core/Listeners/UIInterfaces/UnityOnBeginDragMessageListener.cs
 0.1 kb	 0.0% Packages/com.unity.visualscripting/Runtime/VisualScripting.Core/Listeners/MonoBehaviour/UnityOnTriggerStayMListener.cs
 0.1 kb	 0.0% Packages/com.unity.visualscripting/Runtime/VisualScripting.Core/Listeners/MonoBehaviour/UnityOnTriggerExitMListener.cs
 0.1 kb	 0.0% Packages/com.unity.visualscripting/Runtime/VisualScripting.Core/Listeners/MonoBehaviour/UnityOnMouseUpMessageListener.cs
 0.1 kb	 0.0% Packages/com.unity.visualscripting/Runtime/VisualScripting.Core/Listeners/MonoBehaviour/UnityOnMouseOverMessageListener.cs
 0.1 kb	 0.0% Packages/com.unity.visualscripting/Runtime/VisualScripting.Core/Listeners/MonoBehaviour/UnityOnMouseExitMessageListener.cs
 0.1 kb	 0.0% Packages/com.unity.visualscripting/Runtime/VisualScripting.Core/Listeners/MonoBehaviour/UnityOnMouseEnterMessageListener.cs
 0.1 kb	 0.0% Packages/com.unity.visualscripting/Runtime/VisualScripting.Core/Listeners/MonoBehaviour/UnityOnMouseDragMessageListener.cs
 0.1 kb	 0.0% Packages/com.unity.visualscripting/Runtime/VisualScripting.Core/Listeners/MonoBehaviour/UnityOnMouseDownMessageListener.cs
 0.1 kb	 0.0% Packages/com.unity.visualscripting/Runtime/VisualScripting.Core/Listeners/MonoBehaviour/UnityOnJointBreakMessageListener.cs
 0.1 kb	 0.0% Packages/com.unity.visualscripting/Runtime/VisualScripting.Core/Exceptions/InvalidImplementationException.cs
 0.1 kb	 0.0% Packages/com.unity.visualscripting/Runtime/VisualScripting.Core/EditorBinding/Inspector/InspectorExpandTooltipAttribute.cs
 0.1 kb	 0.0% Packages/com.unity.visualscripting/Runtime/VisualScripting.Core/EditorBinding/Inspector/InspectorAdaptiveWidthAttribute.cs
 0.1 kb	 0.0% Packages/com.unity.visualscripting/Runtime/VisualScripting.Core/Dependencies/FullSerializer/Internal/fsPortableReflection.cs
 0.1 kb	 0.0% Packages/com.unity.visualscripting/Runtime/VisualScripting.Core/Attributes/VisualScriptingHelpURLAttribute.cs
 0.1 kb	 0.0% Packages/com.unity.render-pipelines.universal/Runtime/UniversalRendererDebug.cs
 0.1 kb	 0.0% Packages/com.unity.render-pipelines.universal/Runtime/MotionVectors.cs
 0.1 kb	 0.0% Packages/com.unity.render-pipelines.universal/Runtime/Decal/DecalDrawErrorRenderPass.cs
 0.1 kb	 0.0% Packages/com.unity.render-pipelines.universal/Runtime/2D/Shadows/ShadowProvider/ShapeProviderUtility.cs
 0.1 kb	 0.0% Packages/com.unity.render-pipelines.universal/Runtime/2D/Shadows/ShadowCasterGroup2D.cs
 0.1 kb	 0.0% Packages/com.unity.render-pipelines.universal/Runtime/2D/Rendergraph/GlobalPropertiesPass.cs
 0.1 kb	 0.0% Packages/com.unity.render-pipelines.universal/Runtime/2D/Rendergraph/DrawRenderer2DPass.cs
 0.1 kb	 0.0% Packages/com.unity.render-pipelines.universal/Runtime/2D/PixelPerfectCamera.cs
 0.1 kb	 0.0% Packages/com.unity.render-pipelines.universal/Runtime/2D/Passes/Utility/Light2DLookupTexture.cs
 0.1 kb	 0.0% Packages/com.unity.render-pipelines.universal/Runtime/2D/Light2DCullResult.cs
 0.1 kb	 0.0% Packages/com.unity.render-pipelines.universal/Runtime/2D/Light2DBlendStyle.cs
 0.1 kb	 0.0% Packages/com.unity.render-pipelines.core/Runtime/Utilities/BatchRendererGroupGlobals.cs
 0.1 kb	 0.0% Packages/com.unity.render-pipelines.core/Runtime/Settings/IncludeRenderPipelineAsset.cs
 0.1 kb	 0.0% Packages/com.unity.render-pipelines.core/Runtime/STP/ISTPEnabledRenderPipeline.cs
 0.1 kb	 0.0% Packages/com.unity.render-pipelines.core/Runtime/RenderGraph/RenderGraphUtilsBlit.cs
 0.1 kb	 0.0% Packages/com.unity.render-pipelines.core/Runtime/RenderGraph/RenderGraphResourceBuffer.cs
 0.1 kb	 0.0% Packages/com.unity.render-pipelines.core/Runtime/RenderGraph/RenderGraphGlobalSettings.cs
 0.1 kb	 0.0% Packages/com.unity.render-pipelines.core/Runtime/RenderGraph/RenderGraphBuilders.cs
 0.1 kb	 0.0% Packages/com.unity.render-pipelines.core/Runtime/RenderGraph/RenderGraphBuilder.cs
 0.1 kb	 0.0% Packages/com.unity.render-pipelines.core/Runtime/RenderGraph/IRenderGraphRecorder.cs
 0.1 kb	 0.0% Packages/com.unity.render-pipelines.core/Runtime/RenderGraph/Debug/RenderGraphLogger.cs
 0.1 kb	 0.0% Packages/com.unity.render-pipelines.core/Runtime/RenderGraph/Debug/DebugMessageHandler.cs
 0.1 kb	 0.0% Packages/com.unity.render-pipelines.core/Runtime/Lighting/ProbeVolume/ShaderVariablesProbeVolumes.cs
 0.1 kb	 0.0% Packages/com.unity.render-pipelines.core/Runtime/Lighting/ProbeVolume/ProbeVolumeStreamableAsset.cs
 0.1 kb	 0.0% Packages/com.unity.render-pipelines.core/Runtime/Lighting/ProbeVolume/ProbeVolumeScratchBufferPool.cs
 0.1 kb	 0.0% Packages/com.unity.render-pipelines.core/Runtime/Lighting/ProbeVolume/ProbeVolumeGlobalSettings.cs
 0.1 kb	 0.0% Packages/com.unity.render-pipelines.core/Runtime/GPUDriven/InstanceData/InstanceWindDataUpdateDefs.cs
 0.1 kb	 0.0% Packages/com.unity.render-pipelines.core/Runtime/GPUDriven/InstanceData/InstanceTransformUpdateDefs.cs
 0.1 kb	 0.0% Packages/com.unity.render-pipelines.core/Runtime/GPUDriven/InstanceData/GPUInstanceDataUploader.cs
 0.1 kb	 0.0% Packages/com.unity.render-pipelines.core/Runtime/GPUDriven/GPUResidentDrawerTypes.cs
 0.1 kb	 0.0% Packages/com.unity.render-pipelines.core/Runtime/Debugging/Prefabs/Scripts/DebugUIHandlerToggleHistory.cs
 0.1 kb	 0.0% Packages/com.unity.render-pipelines.core/Runtime/Debugging/Prefabs/Scripts/DebugUIHandlerProgressBar.cs
 0.1 kb	 0.0% Packages/com.unity.render-pipelines.core/Runtime/Debugging/Prefabs/Scripts/DebugUIHandlerIndirectToggle.cs
 0.1 kb	 0.0% Packages/com.unity.render-pipelines.core/Runtime/Debugging/Prefabs/Scripts/DebugUIHandlerEnumHistory.cs
 0.1 kb	 0.0% Packages/com.unity.render-pipelines.core/Runtime/Debugging/IDebugDisplaySettingsQuery.cs
 0.1 kb	 0.0% Packages/com.unity.render-pipelines.core/Runtime/Debugging/IDebugDisplaySettingsPanel.cs
 0.1 kb	 0.0% Packages/com.unity.render-pipelines.core/Runtime/Debugging/IDebugDisplaySettingsData.cs
 0.1 kb	 0.0% Packages/com.unity.render-pipelines.core/Runtime/Debugging/DebugDisplaySettingsVolumes.cs
 0.1 kb	 0.0% Packages/com.unity.render-pipelines.core/Runtime/Debugging/DebugDisplaySettingsPanel.cs
 0.1 kb	 0.0% Packages/com.unity.inputsystem/InputSystem/Plugins/InputForUI/InputActionAssetVerifier.cs
 0.1 kb	 0.0% Packages/com.unity.inputsystem/InputSystem/Editor/UITKAssetEditor/Views/CompositeBindingPropertiesView.cs
 0.1 kb	 0.0% Packages/com.unity.inputsystem/InputSystem/Editor/UITKAssetEditor/InputActionsEditorWindowUtils.cs
 0.1 kb	 0.0% Packages/com.unity.inputsystem/InputSystem/Editor/PropertyDrawers/InputActionAssetSearchProvider.cs
 0.1 kb	 0.0% Packages/com.unity.inputsystem/InputSystem/Editor/ProjectWideActions/ProjectWideActionsBuildProvider.cs
 0.1 kb	 0.0% Packages/com.unity.inputsystem/InputSystem/Editor/Internal/SerializedPropertyLinqExtensions.cs
 0.1 kb	 0.0% Packages/com.unity.inputsystem/InputSystem/Editor/Internal/InputActionSerializationHelpers.cs
 0.1 kb	 0.0% Packages/com.unity.inputsystem/InputSystem/Editor/EditorInputControlLayoutCache.cs
 0.1 kb	 0.0% Packages/com.unity.inputsystem/InputSystem/Editor/ControlPicker/Layouts/TouchscreenControlPickerLayout.cs
 0.1 kb	 0.0% Packages/com.unity.inputsystem/InputSystem/Editor/ControlPicker/Layouts/DefaultInputControlPickerLayout.cs
 0.1 kb	 0.0% Packages/com.unity.inputsystem/InputSystem/Editor/Analytics/VirtualMouseInputEditorAnalytic.cs
 0.1 kb	 0.0% Packages/com.unity.inputsystem/InputSystem/Editor/Analytics/PlayerInputManagerEditorAnalytic.cs
 0.1 kb	 0.0% Packages/com.unity.inputsystem/InputSystem/Devices/Commands/QuerySamplingFrequencyCommand.cs
 0.1 kb	 0.0% Packages/com.unity.inputsystem/InputSystem/Devices/Commands/QueryPairedUserAccountCommand.cs
 0.1 kb	 0.0% Assets/UniWebView/Script/UniWebViewChannelMethod/UniWebViewChannelMethodMediaCapturePermission.cs
 0.1 kb	 0.0% Assets/UniWebView/Script/UniWebViewChannelMethod/UniWebViewChannelMethodEmbeddedToolbarItemAction.cs
 0.1 kb	 0.0% Packages/com.unity.visualscripting/Runtime/VisualScripting.Core/Dependencies/FullSerializer/fsExceptions.cs
 0.1 kb	 0.0% Packages/com.unity.visualscripting/Runtime/VisualScripting.Core/Dependencies/FullSerializer/fsAotCompilationManager.cs
 0.1 kb	 0.0% Packages/com.unity.visualscripting/Runtime/VisualScripting.Core/Dependencies/FullSerializer/Converters/fsWeakReferenceConverter.cs
 0.1 kb	 0.0% Packages/com.unity.visualscripting/Runtime/VisualScripting.Core/Dependencies/FullSerializer/Converters/fsKeyValuePairConverter.cs
 0.1 kb	 0.0% Packages/com.unity.visualscripting/Runtime/VisualScripting.Core/Dependencies/FullSerializer/Converters/fsIEnumerableConverter.cs
 0.1 kb	 0.0% Packages/com.unity.visualscripting/Runtime/VisualScripting.Core/Dependencies/FullSerializer/Converters/fsDictionaryConverter.cs
 0.1 kb	 0.0% Packages/com.unity.visualscripting/Runtime/VisualScripting.Core/Dependencies/FullSerializer/Converters/Unity/Keyframe_DirectConverter.cs
 0.1 kb	 0.0% Packages/com.unity.visualscripting/Runtime/VisualScripting.Core/Dependencies/FullSerializer/Converters/Unity/Gradient_DirectConverter.cs
 0.1 kb	 0.0% Packages/com.unity.visualscripting/Runtime/VisualScripting.Core/Dependencies/FullSerializer/Converters/Unity/GUIStyle_DirectConverter.cs
 0.1 kb	 0.0% Packages/com.unity.visualscripting/Runtime/VisualScripting.Core/Dependencies/FullSerializer/Converters/Unity/Bounds_DirectConverter.cs
 0.1 kb	 0.0% Packages/com.unity.render-pipelines.universal/Runtime/XR/XRSystemUniversal.cs
 0.1 kb	 0.0% Packages/com.unity.render-pipelines.universal/Runtime/UniversalRenderer.cs
 0.1 kb	 0.0% Packages/com.unity.render-pipelines.universal/Runtime/SpaceFillingCurves.cs
 0.1 kb	 0.0% Packages/com.unity.render-pipelines.universal/Runtime/Settings/RenderGraphSettings.cs
 0.1 kb	 0.0% Packages/com.unity.render-pipelines.universal/Runtime/ScriptableRenderer.cs
 0.1 kb	 0.0% Packages/com.unity.render-pipelines.universal/Runtime/SceneViewDrawMode.cs
 0.1 kb	 0.0% Packages/com.unity.render-pipelines.universal/Runtime/RenderingLayerUtils.cs
 0.1 kb	 0.0% Packages/com.unity.render-pipelines.universal/Runtime/RendererFeatures/ScreenSpaceShadows.cs
 0.1 kb	 0.0% Packages/com.unity.render-pipelines.universal/Runtime/RendererFeatures/DecalRendererFeature.cs
 0.1 kb	 0.0% Packages/com.unity.render-pipelines.universal/Runtime/RenderTargetHandle.cs
 0.1 kb	 0.0% Packages/com.unity.render-pipelines.universal/Runtime/RenderPipelineResources/Renderer2DResources.cs
 0.1 kb	 0.0% Packages/com.unity.render-pipelines.universal/Runtime/Passes/XROcclusionMeshPass.cs
 0.1 kb	 0.0% Packages/com.unity.render-pipelines.universal/Runtime/Passes/XRDepthMotionPass.cs
 0.1 kb	 0.0% Packages/com.unity.render-pipelines.universal/Runtime/Passes/ScriptableRenderPass.cs
 0.1 kb	 0.0% Packages/com.unity.render-pipelines.universal/Runtime/Passes/RenderObjectsPass.cs
 0.1 kb	 0.0% Packages/com.unity.render-pipelines.universal/Runtime/Passes/ProbeVolumeDebugPass.cs
 0.1 kb	 0.0% Packages/com.unity.render-pipelines.universal/Runtime/Passes/FinalBlitPass.cs
 0.1 kb	 0.0% Packages/com.unity.render-pipelines.universal/Runtime/Passes/DrawObjectsPass.cs
 0.1 kb	 0.0% Packages/com.unity.render-pipelines.universal/Runtime/Passes/DepthOnlyPass.cs
 0.1 kb	 0.0% Packages/com.unity.render-pipelines.universal/Runtime/Passes/CopyDepthPass.cs
 0.1 kb	 0.0% Packages/com.unity.render-pipelines.universal/Runtime/Passes/CopyColorPass.cs
 0.1 kb	 0.0% Packages/com.unity.render-pipelines.universal/Runtime/Overrides/ScreenSpaceLensFlare.cs
 0.1 kb	 0.0% Packages/com.unity.render-pipelines.universal/Runtime/Overrides/ChromaticAberration.cs
 0.1 kb	 0.0% Packages/com.unity.render-pipelines.universal/Runtime/LightCookieManager.cs
 0.1 kb	 0.0% Packages/com.unity.render-pipelines.universal/Runtime/History/SingleHistoryBase.cs
 0.1 kb	 0.0% Packages/com.unity.render-pipelines.universal/Runtime/FrameData/UniversalShadowData.cs
 0.1 kb	 0.0% Packages/com.unity.render-pipelines.universal/Runtime/FrameData/UniversalLightData.cs
 0.1 kb	 0.0% Packages/com.unity.render-pipelines.universal/Runtime/FrameData/UniversalCameraData.cs
 0.1 kb	 0.0% Packages/com.unity.render-pipelines.universal/Runtime/ForwardRendererData.cs
 0.1 kb	 0.0% Packages/com.unity.render-pipelines.universal/Runtime/ForwardLights.cs
 0.1 kb	 0.0% Packages/com.unity.render-pipelines.universal/Runtime/DeferredLights.cs
 0.1 kb	 0.0% Packages/com.unity.render-pipelines.universal/Runtime/Decal/Entities/DecalEntityManager.cs
 0.1 kb	 0.0% Packages/com.unity.render-pipelines.universal/Runtime/Decal/DecalShaderPassNames.cs
 0.1 kb	 0.0% Packages/com.unity.render-pipelines.universal/Runtime/Decal/DBuffer/DBufferRenderPass.cs
 0.1 kb	 0.0% Packages/com.unity.render-pipelines.universal/Runtime/Decal/DBuffer/DBufferDepthCopyPass.cs
 0.1 kb	 0.0% Packages/com.unity.render-pipelines.universal/Runtime/2D/Rendergraph/Renderer2DRendergraph.cs
 0.1 kb	 0.0% Packages/com.unity.render-pipelines.core/Runtime/UnifiedRayTracing/RayTracingResources.cs
 0.1 kb	 0.0% Packages/com.unity.render-pipelines.core/Runtime/UnifiedRayTracing/RayTracingContext.cs
 0.1 kb	 0.0% Packages/com.unity.render-pipelines.core/Runtime/UnifiedRayTracing/IRayTracingShader.cs
 0.1 kb	 0.0% Packages/com.unity.render-pipelines.core/Runtime/UnifiedRayTracing/IRayTracingBackend.cs
 0.1 kb	 0.0% Packages/com.unity.render-pipelines.core/Runtime/UnifiedRayTracing/Compute/BLASPositionsPool.cs
 0.1 kb	 0.0% Packages/com.unity.render-pipelines.core/Runtime/UnifiedRayTracing/Common/GeometryPool/GeometryPoolDefs.cs
 0.1 kb	 0.0% Packages/com.unity.render-pipelines.core/Runtime/UnifiedRayTracing/Common/AccelStructInstances.cs
 0.1 kb	 0.0% Packages/com.unity.render-pipelines.core/Runtime/UnifiedRayTracing/Common/AccelStructAdapter.cs
 0.1 kb	 0.0% Packages/com.unity.render-pipelines.core/Runtime/RenderGraph/RenderGraphResources.cs
 0.1 kb	 0.0% Packages/com.unity.render-pipelines.core/Runtime/RenderGraph/Debug/RenderGraph.DebugData.cs
 0.1 kb	 0.0% Packages/com.unity.render-pipelines.core/Runtime/Lighting/ProbeVolume/ProbeReferenceVolume.Streaming.cs
 0.1 kb	 0.0% Packages/com.unity.render-pipelines.core/Runtime/Lighting/ProbeVolume/ProbeReferenceVolume.Debug.cs
 0.1 kb	 0.0% Packages/com.unity.render-pipelines.core/Runtime/GPUDriven/Utilities/ParallelSortExtensions.cs
 0.1 kb	 0.0% Packages/com.unity.render-pipelines.core/Runtime/GPUDriven/RenderersBatchersContext.cs
 0.1 kb	 0.0% Packages/com.unity.render-pipelines.core/Runtime/GPUDriven/OcclusionCullingCommon.cs
 0.1 kb	 0.0% Packages/com.unity.render-pipelines.core/Runtime/GPUDriven/LODGroupDataPoolBurst.cs
 0.1 kb	 0.0% Packages/com.unity.render-pipelines.core/Runtime/GPUDriven/InstanceData/InstanceDataSystemBurst.cs
 0.1 kb	 0.0% Packages/com.unity.render-pipelines.core/Runtime/GPUDriven/InstanceData/GPUInstanceDataBuffer.cs
 0.1 kb	 0.0% Packages/com.unity.render-pipelines.core/Runtime/GPUDriven/InstanceCullingBatcher.cs
 0.1 kb	 0.0% Packages/com.unity.render-pipelines.core/Runtime/GPUDriven/GPUResidentDrawerDebug.cs
 0.1 kb	 0.0% Packages/com.unity.render-pipelines.core/Runtime/GPUDriven/GPUResidentDrawerBurst.cs
 0.1 kb	 0.0% Packages/com.unity.render-pipelines.core/Runtime/GPUDriven/GPUResidentDrawer.Validator.cs
 0.1 kb	 0.0% Packages/com.unity.render-pipelines.core/Runtime/GPUDriven/GPUResidentBatcher.SpeedTree.cs
 0.1 kb	 0.0% Packages/com.unity.render-pipelines.core/Runtime/GPUDriven/Components/DisallowSmallMeshCulling.cs
 0.1 kb	 0.0% Packages/com.unity.multiplayer.center/Common/SelectedSolutionsData.cs
 0.1 kb	 0.0% Packages/com.unity.inputsystem/InputSystem/Utilities/DisplayStringFormatAttribute.cs
 0.1 kb	 0.0% Packages/com.unity.inputsystem/InputSystem/Plugins/XR/Haptics/SendBufferedHapticsCommand.cs
 0.1 kb	 0.0% Packages/com.unity.inputsystem/InputSystem/Plugins/XR/Haptics/GetHapticCapabilitiesCommand.cs
 0.1 kb	 0.0% Packages/com.unity.inputsystem/InputSystem/Plugins/XR/Haptics/GetCurrentHapticStateCommand.cs
 0.1 kb	 0.0% Packages/com.unity.inputsystem/InputSystem/Plugins/UI/ExtendedSubmitCancelEventData.cs
 0.1 kb	 0.0% Packages/com.unity.inputsystem/InputSystem/Plugins/Android/AndroidGameController.cs
 0.1 kb	 0.0% Packages/com.unity.inputsystem/InputSystem/Controls/Processors/NormalizeVector3Processor.cs
 0.1 kb	 0.0% Packages/com.unity.inputsystem/InputSystem/Controls/Processors/NormalizeVector2Processor.cs
 0.1 kb	 0.0% Packages/com.unity.inputsystem/InputSystem/Controls/Processors/EditorWindowSpaceProcessor.cs
 0.1 kb	 0.0% Packages/com.unity.inputsystem/InputSystem/Controls/Processors/CompensateRotationProcessor.cs
 0.1 kb	 0.0% Packages/com.unity.inputsystem/InputSystem/Controls/Processors/CompensateDirectionProcessor.cs
 0.1 kb	 0.0% Packages/com.unity.collections/Unity.Collections/UnsafeParallelHashSetExtensions.gen.cs
 0.1 kb	 0.0% Packages/com.unity.collections/Unity.Collections/UnsafeParallelHashMap.cs
 0.1 kb	 0.0% Packages/com.unity.visualscripting/Runtime/VisualScripting.State/IStateTransitionDebugData.cs
 0.1 kb	 0.0% Packages/com.unity.visualscripting/Runtime/VisualScripting.Flow/Ports/IUnitOutputPortDefinition.cs
 0.1 kb	 0.0% Packages/com.unity.visualscripting/Runtime/VisualScripting.Flow/Ports/IUnitControlPortDefinition.cs
 0.1 kb	 0.0% Packages/com.unity.visualscripting/Runtime/VisualScripting.Flow/Framework/Variables/Obsolete/IsApplicationVariableDefined.cs
 0.1 kb	 0.0% Packages/com.unity.visualscripting/Runtime/VisualScripting.Flow/Framework/Events/Hierarchy/OnTransformChildrenChanged.cs
 0.1 kb	 0.0% Packages/com.unity.visualscripting/Runtime/VisualScripting.Flow/Dependencies/NCalc/TernaryExpression.cs
 0.1 kb	 0.0% Packages/com.unity.visualscripting/Runtime/VisualScripting.Flow/Dependencies/NCalc/SerializationVisitor.cs
 0.1 kb	 0.0% Packages/com.unity.visualscripting/Runtime/VisualScripting.Flow/Dependencies/NCalc/LogicalExpression.cs
 0.1 kb	 0.0% Packages/com.unity.visualscripting/Runtime/VisualScripting.Flow/Dependencies/NCalc/IdentifierExpression.cs
 0.1 kb	 0.0% Packages/com.unity.visualscripting/Runtime/VisualScripting.Flow/Dependencies/NCalc/FunctionExpression.cs
 0.1 kb	 0.0% Packages/com.unity.visualscripting/Runtime/VisualScripting.Flow/Dependencies/NCalc/EvaluationVisitor.cs
 0.1 kb	 0.0% Packages/com.unity.visualscripting/Runtime/VisualScripting.Flow/Dependencies/NCalc/EvaluationException.cs
 0.1 kb	 0.0% Packages/com.unity.visualscripting/Runtime/VisualScripting.Core/Variables/VariableDeclarationsCloner.cs
 0.1 kb	 0.0% Packages/com.unity.visualscripting/Runtime/VisualScripting.Core/Utilities/ReferenceEqualityComparer.cs
 0.1 kb	 0.0% Packages/com.unity.visualscripting/Runtime/VisualScripting.Core/Unity/UnityObjectOwnershipUtility.cs
 0.1 kb	 0.0% Packages/com.unity.visualscripting/Runtime/VisualScripting.Core/Unity/RequiresUnityAPIAttribute.cs
 0.1 kb	 0.0% Packages/com.unity.visualscripting/Runtime/VisualScripting.Core/SerializedProperties/ISerializedPropertyProvider.cs
 0.1 kb	 0.0% Packages/com.unity.visualscripting/Runtime/VisualScripting.Core/Serialization/Converters/LooseAssemblyNameConverter.cs
 0.1 kb	 0.0% Packages/com.unity.visualscripting/Runtime/VisualScripting.Core/Reflection/RenamedNamespaceAttribute.cs
 0.1 kb	 0.0% Packages/com.unity.visualscripting/Runtime/VisualScripting.Core/Reflection/Optimization/ReflectionPropertyAccessor.cs
 0.1 kb	 0.0% Packages/com.unity.visualscripting/Runtime/VisualScripting.Core/Reflection/Operators/GreaterThanOrEqualHandler.cs
 0.1 kb	 0.0% Packages/com.unity.visualscripting/Runtime/VisualScripting.Core/Reflection/Operators/AmbiguousOperatorException.cs
 0.1 kb	 0.0% Packages/com.unity.visualscripting/Runtime/VisualScripting.Core/Profiling/ProfiledSegmentCollection.cs
 0.1 kb	 0.0% Packages/com.unity.visualscripting/Runtime/VisualScripting.Core/Listeners/UIInterfaces/UnityOnSubmitMessageListener.cs
 0.1 kb	 0.0% Packages/com.unity.visualscripting/Runtime/VisualScripting.Core/Listeners/UIInterfaces/UnityOnSelectMessageListener.cs
 0.1 kb	 0.0% Packages/com.unity.visualscripting/Runtime/VisualScripting.Core/Listeners/UIInterfaces/UnityOnScrollMessageListener.cs
 0.1 kb	 0.0% Packages/com.unity.visualscripting/Runtime/VisualScripting.Core/Listeners/UIInterfaces/UnityOnMoveMessageListener.cs
 0.1 kb	 0.0% Packages/com.unity.visualscripting/Runtime/VisualScripting.Core/Listeners/UIInterfaces/UnityOnDropMessageListener.cs
 0.1 kb	 0.0% Packages/com.unity.visualscripting/Runtime/VisualScripting.Core/Listeners/UIInterfaces/UnityOnDragMessageListener.cs
 0.1 kb	 0.0% Packages/com.unity.visualscripting/Runtime/VisualScripting.Core/Listeners/UIInterfaces/UnityOnCancelMessageListener.cs
 0.1 kb	 0.0% Packages/com.unity.visualscripting/Runtime/VisualScripting.Core/Graphs/MergedGraphElementCollection.cs
 0.1 kb	 0.0% Packages/com.unity.visualscripting/Runtime/VisualScripting.Core/Graphs/IGraphElementWithDebugData.cs
 0.1 kb	 0.0% Packages/com.unity.visualscripting/Runtime/VisualScripting.Core/Exceptions/InvalidConversionException.cs
 0.1 kb	 0.0% Packages/com.unity.visualscripting/Runtime/VisualScripting.Core/EditorBinding/WarnBeforeRemovingAttribute.cs
 0.1 kb	 0.0% Packages/com.unity.visualscripting/Runtime/VisualScripting.Core/EditorBinding/WarnBeforeEditingAttribute.cs
 0.1 kb	 0.0% Packages/com.unity.visualscripting/Runtime/VisualScripting.Core/EditorBinding/TypeIconPriorityAttribute.cs
 0.1 kb	 0.0% Packages/com.unity.visualscripting/Runtime/VisualScripting.Core/EditorBinding/Inspector/InspectorToggleLeftAttribute.cs
 0.1 kb	 0.0% Packages/com.unity.visualscripting/Runtime/VisualScripting.Core/EditorBinding/Inspector/InspectorTextAreaAttribute.cs
 0.1 kb	 0.0% Packages/com.unity.visualscripting/Runtime/VisualScripting.Core/EditorBinding/Inspector/InspectorDelayedAttribute.cs
 0.1 kb	 0.0% Packages/com.unity.visualscripting/Runtime/VisualScripting.Core/EditorBinding/IncludeInSettingsAttribute.cs
 0.1 kb	 0.0% Packages/com.unity.visualscripting/Runtime/VisualScripting.Core/EditorBinding/DisableAnnotationAttribute.cs
 0.1 kb	 0.0% Packages/com.unity.visualscripting/Runtime/VisualScripting.Core/Dependencies/FullSerializer/Internal/fsVersionedType.cs
 0.1 kb	 0.0% Packages/com.unity.visualscripting/Runtime/VisualScripting.Core/Dependencies/FullSerializer/Internal/fsVersionManager.cs
 0.1 kb	 0.0% Packages/com.unity.visualscripting/Runtime/VisualScripting.Core/Dependencies/FullSerializer/Internal/fsTypeExtensions.cs
 0.1 kb	 0.0% Packages/com.unity.visualscripting/Runtime/VisualScripting.Core/Connections/InvalidConnectionException.cs
 0.1 kb	 0.0% Packages/com.unity.render-pipelines.universal/Runtime/RTHandleUtils.cs
 0.1 kb	 0.0% Packages/com.unity.render-pipelines.universal/Runtime/2D/UTess2D/Tessellator.cs
 0.1 kb	 0.0% Packages/com.unity.render-pipelines.universal/Runtime/2D/UTess2D/PlanarGraph.cs
 0.1 kb	 0.0% Packages/com.unity.render-pipelines.universal/Runtime/2D/Shadows/ShadowRendering.cs
 0.1 kb	 0.0% Packages/com.unity.render-pipelines.universal/Runtime/2D/Shadows/ShadowProvider/ShadowUtility.cs
 0.1 kb	 0.0% Packages/com.unity.render-pipelines.universal/Runtime/2D/Shadows/ShadowProvider/ShadowShape2D.cs
 0.1 kb	 0.0% Packages/com.unity.render-pipelines.universal/Runtime/2D/Shadows/ShadowProvider/EdgeDictionary.cs
 0.1 kb	 0.0% Packages/com.unity.render-pipelines.universal/Runtime/2D/Shadows/ShadowCaster2D.cs
 0.1 kb	 0.0% Packages/com.unity.render-pipelines.universal/Runtime/2D/Rendergraph/DrawShadow2DPass.cs
 0.1 kb	 0.0% Packages/com.unity.render-pipelines.universal/Runtime/2D/Rendergraph/DrawNormal2DPass.cs
 0.1 kb	 0.0% Packages/com.unity.render-pipelines.universal/Runtime/2D/Rendergraph/DrawLight2DPass.cs
 0.1 kb	 0.0% Packages/com.unity.render-pipelines.universal/Runtime/2D/Renderer2DData.cs
 0.1 kb	 0.0% Packages/com.unity.render-pipelines.universal/Runtime/2D/Passes/Utility/RendererLighting.cs
 0.1 kb	 0.0% Packages/com.unity.render-pipelines.universal/Runtime/2D/Light2DManager.cs
 0.1 kb	 0.0% Packages/com.unity.render-pipelines.universal-config/Runtime/ShaderConfig.cs
 0.1 kb	 0.0% Packages/com.unity.render-pipelines.core/Runtime/XR/XRGraphicsAutomatedTests.cs
 0.1 kb	 0.0% Packages/com.unity.render-pipelines.core/Runtime/Textures/PowerOfTwoTextureAtlas.cs
 0.1 kb	 0.0% Packages/com.unity.render-pipelines.core/Runtime/Textures/BufferedRTHandleSystem.cs
 0.1 kb	 0.0% Packages/com.unity.render-pipelines.core/Runtime/Settings/ShaderStrippingSetting.cs
 0.1 kb	 0.0% Packages/com.unity.render-pipelines.core/Runtime/Settings/LightmapSamplingSettings.cs
 0.1 kb	 0.0% Packages/com.unity.render-pipelines.core/Runtime/Sampling/SamplingResources.cs
 0.1 kb	 0.0% Packages/com.unity.render-pipelines.core/Runtime/RenderPipeline/RenderPipelineResources.cs
 0.1 kb	 0.0% Packages/com.unity.render-pipelines.core/Runtime/RenderGraph/RenderGraphPass.cs
 0.1 kb	 0.0% Packages/com.unity.render-pipelines.core/Runtime/RenderGraph/RenderGraph.Compiler.cs
 0.1 kb	 0.0% Packages/com.unity.render-pipelines.core/Runtime/PostProcessing/LensFlareComponentSRP.cs
 0.1 kb	 0.0% Packages/com.unity.render-pipelines.core/Runtime/PostProcessing/IPostProcessComponent.cs
 0.1 kb	 0.0% Packages/com.unity.render-pipelines.core/Runtime/Lighting/ProbeVolume/ProbeVolumePositioning.cs
 0.1 kb	 0.0% Packages/com.unity.render-pipelines.core/Runtime/Lighting/ProbeVolume/ProbeVolumePerSceneData.cs
 0.1 kb	 0.0% Packages/com.unity.render-pipelines.core/Runtime/Lighting/ProbeVolume/ProbeReferenceVolume.Binding.cs
 0.1 kb	 0.0% Packages/com.unity.render-pipelines.core/Runtime/Lighting/ProbeVolume/ProbeAdjustmentVolume.cs
 0.1 kb	 0.0% Packages/com.unity.render-pipelines.core/Runtime/GPUDriven/InstanceOcclusionCuller.cs
 0.1 kb	 0.0% Packages/com.unity.render-pipelines.core/Runtime/GPUDriven/InstanceData/InstanceDataSystem.Jobs.cs
 0.1 kb	 0.0% Packages/com.unity.render-pipelines.core/Runtime/Debugging/ShaderDebugPrintManager.cs
 0.1 kb	 0.0% Packages/com.unity.render-pipelines.core/Runtime/Debugging/Prefabs/Scripts/DebugUIHandlerVector4.cs
 0.1 kb	 0.0% Packages/com.unity.render-pipelines.core/Runtime/Debugging/Prefabs/Scripts/DebugUIHandlerVector3.cs
 0.1 kb	 0.0% Packages/com.unity.render-pipelines.core/Runtime/Debugging/Prefabs/Scripts/DebugUIHandlerVector2.cs
 0.1 kb	 0.0% Packages/com.unity.render-pipelines.core/Runtime/Debugging/Prefabs/Scripts/DebugUIHandlerValueTuple.cs
 0.1 kb	 0.0% Packages/com.unity.render-pipelines.core/Runtime/Debugging/Prefabs/Scripts/DebugUIHandlerUIntField.cs
 0.1 kb	 0.0% Packages/com.unity.render-pipelines.core/Runtime/Debugging/Prefabs/Scripts/DebugUIHandlerObjectList.cs
 0.1 kb	 0.0% Packages/com.unity.render-pipelines.core/Runtime/Debugging/Prefabs/Scripts/DebugUIHandlerMessageBox.cs
 0.1 kb	 0.0% Packages/com.unity.render-pipelines.core/Runtime/Debugging/Prefabs/Scripts/DebugUIHandlerIntField.cs
 0.1 kb	 0.0% Packages/com.unity.render-pipelines.core/Runtime/Debugging/Prefabs/Scripts/DebugUIHandlerFoldout.cs
 0.1 kb	 0.0% Packages/com.unity.render-pipelines.core/Runtime/Debugging/Prefabs/Scripts/DebugUIHandlerFloatField.cs
 0.1 kb	 0.0% Packages/com.unity.render-pipelines.core/Runtime/Debugging/Prefabs/Scripts/DebugUIHandlerEnumField.cs
 0.1 kb	 0.0% Packages/com.unity.render-pipelines.core/Runtime/Debugging/Prefabs/Scripts/DebugUIHandlerContainer.cs
 0.1 kb	 0.0% Packages/com.unity.render-pipelines.core/Runtime/Debugging/Prefabs/Scripts/DebugUIHandlerBitField.cs
 0.1 kb	 0.0% Packages/com.unity.render-pipelines.core/Runtime/Debugging/IDebugDisplaySettings.cs
 0.1 kb	 0.0% Packages/com.unity.render-pipelines.core/Runtime/Debugging/DebugDisplaySettingsUI.cs
 0.1 kb	 0.0% Packages/com.unity.render-pipelines.core/Runtime/Common/RemoveRange.Extensions.cs
 0.1 kb	 0.0% Packages/com.unity.render-pipelines.core/Runtime/Common/DynamicResolutionHandler.cs
 0.1 kb	 0.0% Packages/com.unity.render-pipelines.core/Runtime/CommandBuffers/IComputeCommandBuffer.cs
 0.1 kb	 0.0% Packages/com.unity.render-pipelines.core/Runtime/Camera/CameraHistory.cs
 0.1 kb	 0.0% Packages/com.unity.inputsystem/InputSystem/State/IInputStateCallbackReceiver.cs
 0.1 kb	 0.0% Packages/com.unity.inputsystem/InputSystem/Plugins/InputForUI/InputSystemProvider.cs
 0.1 kb	 0.0% Packages/com.unity.inputsystem/InputSystem/Plugins/DualShock/DualShockGamepadHID.cs
 0.1 kb	 0.0% Packages/com.unity.inputsystem/InputSystem/Editor/UITKAssetEditor/Views/NameAndParametersListView.cs
 0.1 kb	 0.0% Packages/com.unity.inputsystem/InputSystem/Editor/UITKAssetEditor/Views/InputActionMapsTreeViewItem.cs
 0.1 kb	 0.0% Packages/com.unity.inputsystem/InputSystem/Editor/UITKAssetEditor/InputActionsEditorConstants.cs
 0.1 kb	 0.0% Packages/com.unity.inputsystem/InputSystem/Editor/Settings/InputSettingsBuildProvider.cs
 0.1 kb	 0.0% Packages/com.unity.inputsystem/InputSystem/Editor/Settings/EditorPlayerSettingHelpers.cs
 0.1 kb	 0.0% Packages/com.unity.inputsystem/InputSystem/Editor/PropertyDrawers/InputActionPropertyDrawer.cs
 0.1 kb	 0.0% Packages/com.unity.inputsystem/InputSystem/Editor/PropertyDrawers/GamepadButtonPropertyDrawer.cs
 0.1 kb	 0.0% Packages/com.unity.inputsystem/InputSystem/Editor/Internal/SerializedPropertyHelpers.cs
 0.1 kb	 0.0% Packages/com.unity.inputsystem/InputSystem/Editor/Internal/AdvancedDropdown/AdvancedDropdownDataSource.cs
 0.1 kb	 0.0% Packages/com.unity.inputsystem/InputSystem/Editor/InputSystemPackageControl.cs
 0.1 kb	 0.0% Packages/com.unity.inputsystem/InputSystem/Editor/Debugger/SampleFrequencyCalculator.cs
 0.1 kb	 0.0% Packages/com.unity.inputsystem/InputSystem/Editor/Debugger/InputDeviceDebuggerWindow.cs
 0.1 kb	 0.0% Packages/com.unity.inputsystem/InputSystem/Editor/Debugger/InputActionDebuggerWindow.cs
 0.1 kb	 0.0% Packages/com.unity.inputsystem/InputSystem/Editor/ControlPicker/InputControlPickerDropdown.cs
 0.1 kb	 0.0% Packages/com.unity.inputsystem/InputSystem/Editor/ControlPicker/IInputControlPickerLayout.cs
 0.1 kb	 0.0% Packages/com.unity.inputsystem/InputSystem/Editor/AssetImporter/InputActionImporterEditor.cs
 0.1 kb	 0.0% Packages/com.unity.inputsystem/InputSystem/Editor/AssetImporter/InputActionAssetIconLoader.cs
 0.1 kb	 0.0% Packages/com.unity.inputsystem/InputSystem/Editor/AssetEditor/InputBindingPropertiesView.cs
 0.1 kb	 0.0% Packages/com.unity.inputsystem/InputSystem/Editor/AssetEditor/InputActionPropertiesView.cs
 0.1 kb	 0.0% Packages/com.unity.inputsystem/InputSystem/Editor/Analytics/PlayerInputEditorAnalytic.cs
 0.1 kb	 0.0% Packages/com.unity.inputsystem/InputSystem/Editor/Analytics/OnScreenStickEditorAnalytic.cs
 0.1 kb	 0.0% Packages/com.unity.inputsystem/InputSystem/Editor/Analytics/InputExitPlayModeAnalytic.cs
 0.1 kb	 0.0% Packages/com.unity.inputsystem/InputSystem/Editor/Analytics/InputComponentEditorAnalytic.cs
 0.1 kb	 0.0% Packages/com.unity.inputsystem/InputSystem/Devices/IInputUpdateCallbackReceiver.cs
 0.1 kb	 0.0% Packages/com.unity.inputsystem/InputSystem/Devices/Commands/SetSamplingFrequencyCommand.cs
 0.1 kb	 0.0% Packages/com.unity.inputsystem/InputSystem/Devices/Commands/SetIMECursorPositionCommand.cs
 0.1 kb	 0.0% Packages/com.unity.inputsystem/InputSystem/Devices/Commands/QueryKeyboardLayoutCommand.cs
 0.1 kb	 0.0% Packages/com.unity.inputsystem/InputSystem/Devices/Commands/EnableIMECompositionCommand.cs
 0.1 kb	 0.0% Packages/com.unity.inputsystem/InputSystem/Controls/InputControlLayoutAttribute.cs
 0.1 kb	 0.0% Packages/com.unity.inputsystem/InputSystem/Actions/InputActionRebindingExtensions.cs
 0.1 kb	 0.0% Packages/com.unity.collections/Unity.Collections/UnsafeNotBurstCompatible.cs
 0.1 kb	 0.0% Assets/UniWebView/Script/UniWebViewAuthenticationSessionEditorCleanup.cs
 0.1 kb	 0.0% Packages/com.unity.visualscripting/Runtime/VisualScripting.Flow/Framework/Events/Input/InputSystem/OnInputSystemEvent.cs
 0.1 kb	 0.0% Packages/com.unity.visualscripting/Runtime/VisualScripting.Core/Dependencies/FullSerializer/fsPropertyAttribute.cs
 0.1 kb	 0.0% Packages/com.unity.visualscripting/Runtime/VisualScripting.Core/Dependencies/FullSerializer/fsObjectProcessor.cs
 0.1 kb	 0.0% Packages/com.unity.visualscripting/Runtime/VisualScripting.Core/Dependencies/FullSerializer/fsObjectAttribute.cs
 0.1 kb	 0.0% Packages/com.unity.visualscripting/Runtime/VisualScripting.Core/Dependencies/FullSerializer/fsIgnoreAttribute.cs
 0.1 kb	 0.0% Packages/com.unity.visualscripting/Runtime/VisualScripting.Core/Dependencies/FullSerializer/fsDirectConverter.cs
 0.1 kb	 0.0% Packages/com.unity.visualscripting/Runtime/VisualScripting.Core/Dependencies/FullSerializer/fsConverterRegistrar.cs
 0.1 kb	 0.0% Packages/com.unity.visualscripting/Runtime/VisualScripting.Core/Dependencies/FullSerializer/Reflection/fsReflectionUtility.cs
 0.1 kb	 0.0% Packages/com.unity.visualscripting/Runtime/VisualScripting.Core/Dependencies/FullSerializer/Converters/fsReflectedConverter.cs
 0.1 kb	 0.0% Packages/com.unity.visualscripting/Runtime/VisualScripting.Core/Dependencies/FullSerializer/Converters/fsPrimitiveConverter.cs
 0.1 kb	 0.0% Packages/com.unity.visualscripting/Runtime/VisualScripting.Core/Dependencies/FullSerializer/Converters/fsNullableConverter.cs
 0.1 kb	 0.0% Packages/com.unity.visualscripting/Runtime/VisualScripting.Core/Dependencies/FullSerializer/Converters/fsForwardConverter.cs
 0.1 kb	 0.0% Packages/com.unity.visualscripting/Runtime/VisualScripting.Core/Dependencies/FullSerializer/Converters/Unity/Rect_DirectConverter.cs
 0.1 kb	 0.0% Packages/com.unity.ugui/Runtime/UGUI/EventSystem/UIElements/UIToolkitInteroperabilityBridge.cs
 0.1 kb	 0.0% Packages/com.unity.render-pipelines.universal/Textures/BayerMatrix.png
 0.1 kb	 0.0% Packages/com.unity.render-pipelines.universal/Runtime/XR/XRPassUniversal.cs
 0.1 kb	 0.0% Packages/com.unity.render-pipelines.universal/Runtime/Tiling/LightMinMaxZJob.cs
 0.1 kb	 0.0% Packages/com.unity.render-pipelines.universal/Runtime/Tiling/InclusiveRange.cs
 0.1 kb	 0.0% Packages/com.unity.render-pipelines.universal/Runtime/ShadowCulling.cs
 0.1 kb	 0.0% Packages/com.unity.render-pipelines.universal/Runtime/ShaderBitArray.cs
 0.1 kb	 0.0% Packages/com.unity.render-pipelines.universal/Runtime/RenderingUtils.cs
 0.1 kb	 0.0% Packages/com.unity.render-pipelines.universal/Runtime/RendererFeatures/RenderObjects.cs
 0.1 kb	 0.0% Packages/com.unity.render-pipelines.universal/Runtime/PostProcessUtils.cs
 0.1 kb	 0.0% Packages/com.unity.render-pipelines.universal/Runtime/Passes/HDRDebugViewPass.cs
 0.1 kb	 0.0% Packages/com.unity.render-pipelines.universal/Runtime/Passes/GBufferPass.cs
 0.1 kb	 0.0% Packages/com.unity.render-pipelines.universal/Runtime/Passes/DrawSkyboxPass.cs
 0.1 kb	 0.0% Packages/com.unity.render-pipelines.universal/Runtime/Passes/DeferredPass.cs
 0.1 kb	 0.0% Packages/com.unity.render-pipelines.universal/Runtime/Overrides/PaniniProjection.cs
 0.1 kb	 0.0% Packages/com.unity.render-pipelines.universal/Runtime/Overrides/LiftGammaGain.cs
 0.1 kb	 0.0% Packages/com.unity.render-pipelines.universal/Runtime/Overrides/LensDistortion.cs
 0.1 kb	 0.0% Packages/com.unity.render-pipelines.universal/Runtime/Overrides/ColorAdjustments.cs
 0.1 kb	 0.0% Packages/com.unity.render-pipelines.universal/Runtime/Memory/BuddyAllocator.cs
 0.1 kb	 0.0% Packages/com.unity.render-pipelines.universal/Runtime/History/RawDepthHistory.cs
 0.1 kb	 0.0% Packages/com.unity.render-pipelines.universal/Runtime/History/RawColorHistory.cs
 0.1 kb	 0.0% Packages/com.unity.render-pipelines.universal/Runtime/Documentation.cs
 0.1 kb	 0.0% Packages/com.unity.render-pipelines.universal/Runtime/Deprecated.cs
 0.1 kb	 0.0% Packages/com.unity.render-pipelines.universal/Runtime/Decal/Entities/DecalDrawSystem.cs
 0.1 kb	 0.0% Packages/com.unity.render-pipelines.universal/Runtime/Decal/DecalProjector.cs
 0.1 kb	 0.0% Packages/com.unity.render-pipelines.universal/Runtime/Decal/DecalPreviewPass.cs
 0.1 kb	 0.0% Packages/com.unity.render-pipelines.universal/Runtime/Debug/DebugRenderSetup.cs
 0.1 kb	 0.0% Packages/com.unity.render-pipelines.universal/Runtime/Data/RenderStateData.cs
 0.1 kb	 0.0% Packages/com.unity.render-pipelines.universal/Runtime/Data/PostProcessData.cs
 0.1 kb	 0.0% Packages/com.unity.render-pipelines.universal/Runtime/ComponentUtility.cs
 0.1 kb	 0.0% Packages/com.unity.render-pipelines.universal/Runtime/2D/Shadows/ShadowProvider/Providers/ShadowShapeProvider2D_Utility.cs
 0.1 kb	 0.0% Packages/com.unity.render-pipelines.core/Runtime/XR/XRVisibleMesh.cs
 0.1 kb	 0.0% Packages/com.unity.render-pipelines.core/Runtime/XR/XROcclusionMesh.cs
 0.1 kb	 0.0% Packages/com.unity.render-pipelines.core/Runtime/XR/XRLayoutStack.cs
 0.1 kb	 0.0% Packages/com.unity.render-pipelines.core/Runtime/UnifiedRayTracing/Compute/RadeonRays/HlbvhTopLevelBuilder.cs
 0.1 kb	 0.0% Packages/com.unity.render-pipelines.core/Runtime/UnifiedRayTracing/Common/Utilities/GraphicsHelpers.cs
 0.1 kb	 0.0% Packages/com.unity.render-pipelines.core/Runtime/UnifiedRayTracing/Common/Utilities/BlockAllocator.cs
 0.1 kb	 0.0% Packages/com.unity.render-pipelines.core/Runtime/UnifiedRayTracing/Common/Utilities/BackendHelpers.cs
 0.1 kb	 0.0% Packages/com.unity.render-pipelines.core/Runtime/UnifiedRayTracing/Common/TerrainToMesh.cs
 0.1 kb	 0.0% Packages/com.unity.render-pipelines.core/Runtime/Lighting/ProbeVolume/ProbeIndexOfIndices.cs
 0.1 kb	 0.0% Packages/com.unity.render-pipelines.core/Runtime/GPUDriven/RenderersParameters.cs
 0.1 kb	 0.0% Packages/com.unity.render-pipelines.core/Runtime/GPUDriven/LODRenderingUtils.cs
 0.1 kb	 0.0% Packages/com.unity.render-pipelines.core/Runtime/GPUDriven/InstanceData/InstanceDataSystem.cs
 0.1 kb	 0.0% Packages/com.unity.render-pipelines.core/Runtime/GPUDriven/InstanceData/InstanceAllocator.cs
 0.1 kb	 0.0% Packages/com.unity.render-pipelines.core/Runtime/GPUDriven/InstanceCullerBurst.cs
 0.1 kb	 0.0% Packages/com.unity.render-pipelines.core/Runtime/GPUDriven/GPUResidentDrawer.cs
 0.1 kb	 0.0% Packages/com.unity.render-pipelines.core/Runtime/GPUDriven/GPUResidentBatcher.cs
 0.1 kb	 0.0% Packages/com.unity.multiplayer.center/Common/IOnboardingSection.cs
 0.1 kb	 0.0% Packages/com.unity.inputsystem/InputSystem/Utilities/Observables/ForDeviceEventObservable.cs
 0.1 kb	 0.0% Packages/com.unity.inputsystem/InputSystem/Plugins/XR/Haptics/SendHapticImpulseCommand.cs
 0.1 kb	 0.0% Packages/com.unity.inputsystem/InputSystem/Plugins/Android/AndroidSensors.cs
 0.1 kb	 0.0% Packages/com.unity.inputsystem/InputSystem/Editor/AssetEditor/NameAndParameterListView.cs
 0.1 kb	 0.0% Packages/com.unity.inputsystem/InputSystem/Controls/Processors/StickDeadzoneProcessor.cs
 0.1 kb	 0.0% Packages/com.unity.inputsystem/InputSystem/Controls/Processors/ScaleVector3Processor.cs
 0.1 kb	 0.0% Packages/com.unity.inputsystem/InputSystem/Controls/Processors/ScaleVector2Processor.cs
 0.1 kb	 0.0% Packages/com.unity.inputsystem/InputSystem/Controls/Processors/InvertVector3Processor.cs
 0.1 kb	 0.0% Packages/com.unity.inputsystem/InputSystem/Controls/Processors/InvertVector2Processor.cs
 0.1 kb	 0.0% Packages/com.unity.inputsystem/InputSystem/Controls/Processors/AxisDeadzoneProcessor.cs
 0.1 kb	 0.0% Packages/com.unity.inputsystem/InputSystem/Actions/Composites/TwoModifiersComposite.cs
 0.1 kb	 0.0% Packages/com.unity.inputsystem/InputSystem/Actions/Composites/ButtonWithTwoModifiers.cs
 0.1 kb	 0.0% Packages/com.unity.inputsystem/InputSystem/Actions/Composites/ButtonWithOneModifier.cs
 0.1 kb	 0.0% Packages/com.unity.collections/Unity.Collections/UnsafeScratchAllocator.cs
 0.1 kb	 0.0% Packages/com.unity.collections/Unity.Collections/NativeParallelHashMapExtensions.cs
 0.1 kb	 0.0% Packages/com.unity.visualscripting/Runtime/VisualScripting.State/TriggerStateTransition.cs
 0.1 kb	 0.0% Packages/com.unity.visualscripting/Runtime/VisualScripting.State/INesterStateTransition.cs
 0.1 kb	 0.0% Packages/com.unity.visualscripting/Runtime/VisualScripting.Flow/UnitCategoryConverter.cs
 0.1 kb	 0.0% Packages/com.unity.visualscripting/Runtime/VisualScripting.Flow/Ports/ValueOutputDefinition.cs
 0.1 kb	 0.0% Packages/com.unity.visualscripting/Runtime/VisualScripting.Flow/Ports/IUnitValuePortDefinition.cs
 0.1 kb	 0.0% Packages/com.unity.visualscripting/Runtime/VisualScripting.Flow/Ports/IUnitInputPortDefinition.cs
 0.1 kb	 0.0% Packages/com.unity.visualscripting/Runtime/VisualScripting.Flow/Ports/ControlPortDefinition.cs
 0.1 kb	 0.0% Packages/com.unity.visualscripting/Runtime/VisualScripting.Flow/Ports/ControlOutputDefinition.cs
 0.1 kb	 0.0% Packages/com.unity.visualscripting/Runtime/VisualScripting.Flow/Ports/ControlInputDefinition.cs
 0.1 kb	 0.0% Packages/com.unity.visualscripting/Runtime/VisualScripting.Flow/Framework/Variables/Obsolete/SetApplicationVariable.cs
 0.1 kb	 0.0% Packages/com.unity.visualscripting/Runtime/VisualScripting.Flow/Framework/Variables/Obsolete/IsVariableDefinedUnit.cs
 0.1 kb	 0.0% Packages/com.unity.visualscripting/Runtime/VisualScripting.Flow/Framework/Variables/Obsolete/IsSceneVariableDefined.cs
 0.1 kb	 0.0% Packages/com.unity.visualscripting/Runtime/VisualScripting.Flow/Framework/Variables/Obsolete/IsSavedVariableDefined.cs
 0.1 kb	 0.0% Packages/com.unity.visualscripting/Runtime/VisualScripting.Flow/Framework/Variables/Obsolete/IsObjectVariableDefined.cs
 0.1 kb	 0.0% Packages/com.unity.visualscripting/Runtime/VisualScripting.Flow/Framework/Variables/Obsolete/IsGraphVariableDefined.cs
 0.1 kb	 0.0% Packages/com.unity.visualscripting/Runtime/VisualScripting.Flow/Framework/Variables/Obsolete/IApplicationVariableUnit.cs
 0.1 kb	 0.0% Packages/com.unity.visualscripting/Runtime/VisualScripting.Flow/Framework/Variables/Obsolete/GetApplicationVariable.cs
 0.1 kb	 0.0% Packages/com.unity.visualscripting/Runtime/VisualScripting.Flow/Framework/Time/WaitForEndOfFrameUnit.cs
 0.1 kb	 0.0% Packages/com.unity.visualscripting/Runtime/VisualScripting.Flow/Framework/Logic/NotApproximatelyEqual.cs
 0.1 kb	 0.0% Packages/com.unity.visualscripting/Runtime/VisualScripting.Flow/Framework/Events/Physics/OnControllerColliderHit.cs
 0.1 kb	 0.0% Packages/com.unity.visualscripting/Runtime/VisualScripting.Flow/Framework/Events/Hierarchy/OnTransformParentChanged.cs
 0.1 kb	 0.0% Packages/com.unity.visualscripting/Runtime/VisualScripting.Flow/Framework/Events/GUI/OnScrollbarValueChanged.cs
 0.1 kb	 0.0% Packages/com.unity.visualscripting/Runtime/VisualScripting.Flow/Framework/Events/GUI/OnScrollRectValueChanged.cs
 0.1 kb	 0.0% Packages/com.unity.visualscripting/Runtime/VisualScripting.Flow/Framework/Events/GUI/OnInputFieldValueChanged.cs
 0.1 kb	 0.0% Packages/com.unity.visualscripting/Runtime/VisualScripting.Flow/Framework/Events/GUI/OnDropdownValueChanged.cs
 0.1 kb	 0.0% Packages/com.unity.visualscripting/Runtime/VisualScripting.Flow/Framework/Events/Application/OnApplicationLostFocus.cs
 0.1 kb	 0.0% Packages/com.unity.visualscripting/Runtime/VisualScripting.Flow/Framework/Events/Animation/BoltNamedAnimationEvent.cs
 0.1 kb	 0.0% Packages/com.unity.visualscripting/Runtime/VisualScripting.Flow/Framework/Collections/Dictionaries/DictionaryContainsKey.cs
 0.1 kb	 0.0% Packages/com.unity.visualscripting/Runtime/VisualScripting.Flow/EditorBinding/UnitSurtitleAttribute.cs
 0.1 kb	 0.0% Packages/com.unity.visualscripting/Runtime/VisualScripting.Flow/EditorBinding/UnitSubtitleAttribute.cs
 0.1 kb	 0.0% Packages/com.unity.visualscripting/Runtime/VisualScripting.Flow/EditorBinding/UnitShortTitleAttribute.cs
 0.1 kb	 0.0% Packages/com.unity.visualscripting/Runtime/VisualScripting.Flow/EditorBinding/UnitFooterPortsAttribute.cs
 0.1 kb	 0.0% Packages/com.unity.visualscripting/Runtime/VisualScripting.Flow/EditorBinding/PortLabelHiddenAttribute.cs
 0.1 kb	 0.0% Packages/com.unity.visualscripting/Runtime/VisualScripting.Flow/Dependencies/NCalc/ValueExpression.cs
 0.1 kb	 0.0% Packages/com.unity.visualscripting/Runtime/VisualScripting.Flow/Dependencies/NCalc/UnaryExpression.cs
 0.1 kb	 0.0% Packages/com.unity.visualscripting/Runtime/VisualScripting.Flow/Dependencies/NCalc/ParameterArgs.cs
 0.1 kb	 0.0% Packages/com.unity.visualscripting/Runtime/VisualScripting.Flow/Dependencies/NCalc/BinaryExpression.cs
 0.1 kb	 0.0% Packages/com.unity.visualscripting/Runtime/VisualScripting.Flow/Connections/UnitConnectionDebugData.cs
 0.1 kb	 0.0% Packages/com.unity.visualscripting/Runtime/VisualScripting.Flow/Connections/IUnitConnectionDebugData.cs
 0.1 kb	 0.0% Packages/com.unity.visualscripting/Runtime/VisualScripting.Core/Variables/VariableKindAttribute.cs
 0.1 kb	 0.0% Packages/com.unity.visualscripting/Runtime/VisualScripting.Core/Variables/IGraphDataWithVariables.cs
 0.1 kb	 0.0% Packages/com.unity.visualscripting/Runtime/VisualScripting.Core/Utilities/RuntimeVSUsageUtility.cs
 0.1 kb	 0.0% Packages/com.unity.visualscripting/Runtime/VisualScripting.Core/Utilities/IAnalyticsIdentifiable.cs
 0.1 kb	 0.0% Packages/com.unity.visualscripting/Runtime/VisualScripting.Core/Utilities/ComponentHolderProtocol.cs
 0.1 kb	 0.0% Packages/com.unity.visualscripting/Runtime/VisualScripting.Core/Unity/MacroScriptableObject.cs
 0.1 kb	 0.0% Packages/com.unity.visualscripting/Runtime/VisualScripting.Core/Unity/LudiqScriptableObject.cs
 0.1 kb	 0.0% Packages/com.unity.visualscripting/Runtime/VisualScripting.Core/Serialization/SerializationOperation.cs
 0.1 kb	 0.0% Packages/com.unity.visualscripting/Runtime/VisualScripting.Core/Serialization/ISerializationDepender.cs
 0.1 kb	 0.0% Packages/com.unity.visualscripting/Runtime/VisualScripting.Core/Serialization/ISerializationDependency.cs
 0.1 kb	 0.0% Packages/com.unity.visualscripting/Runtime/VisualScripting.Core/Serialization/DoNotSerializeAttribute.cs
 0.1 kb	 0.0% Packages/com.unity.visualscripting/Runtime/VisualScripting.Core/Reflection/RenamedAssemblyAttribute.cs
 0.1 kb	 0.0% Packages/com.unity.visualscripting/Runtime/VisualScripting.Core/Reflection/Optimization/StaticActionInvokerBase.cs
 0.1 kb	 0.0% Packages/com.unity.visualscripting/Runtime/VisualScripting.Core/Reflection/Optimization/ReflectionFieldAccessor.cs
 0.1 kb	 0.0% Packages/com.unity.visualscripting/Runtime/VisualScripting.Core/Reflection/Operators/NumericNegationHandler.cs
 0.1 kb	 0.0% Packages/com.unity.visualscripting/Runtime/VisualScripting.Core/Reflection/Operators/MultiplicationHandler.cs
 0.1 kb	 0.0% Packages/com.unity.visualscripting/Runtime/VisualScripting.Core/Reflection/Operators/LogicalNegationHandler.cs
 0.1 kb	 0.0% Packages/com.unity.visualscripting/Runtime/VisualScripting.Core/Reflection/Operators/LessThanOrEqualHandler.cs
 0.1 kb	 0.0% Packages/com.unity.visualscripting/Runtime/VisualScripting.Core/Reflection/Operators/InvalidOperatorException.cs
 0.1 kb	 0.0% Packages/com.unity.visualscripting/Runtime/VisualScripting.Core/Reflection/Operators/BinaryOperatorHandler.cs
 0.1 kb	 0.0% Packages/com.unity.visualscripting/Runtime/VisualScripting.Core/Reflection/GenericClosingException.cs
 0.1 kb	 0.0% Packages/com.unity.visualscripting/Runtime/VisualScripting.Core/Platforms/AotIncompatibleAttribute.cs
 0.1 kb	 0.0% Packages/com.unity.visualscripting/Runtime/VisualScripting.Core/Listeners/IGraphEventListenerData.cs
 0.1 kb	 0.0% Packages/com.unity.visualscripting/Runtime/VisualScripting.Core/Listeners/GlobalMessageListener.cs
 0.1 kb	 0.0% Packages/com.unity.visualscripting/Runtime/VisualScripting.Core/Listeners/AnimatorMessageListener.cs
 0.1 kb	 0.0% Packages/com.unity.visualscripting/Runtime/VisualScripting.Core/Graphs/IGraphElementWithData.cs
 0.1 kb	 0.0% Packages/com.unity.visualscripting/Runtime/VisualScripting.Core/Graphs/IGraphElementDebugData.cs
 0.1 kb	 0.0% Packages/com.unity.visualscripting/Runtime/VisualScripting.Core/Graphs/GraphsExceptionUtility.cs
 0.1 kb	 0.0% Packages/com.unity.visualscripting/Runtime/VisualScripting.Core/Graphs/GraphPointerException.cs
 0.1 kb	 0.0% Packages/com.unity.visualscripting/Runtime/VisualScripting.Core/EditorBinding/NullMeansSelfAttribute.cs
 0.1 kb	 0.0% Packages/com.unity.visualscripting/Runtime/VisualScripting.Core/EditorBinding/Inspector/InspectorWideAttribute.cs
 0.1 kb	 0.0% Packages/com.unity.visualscripting/Runtime/VisualScripting.Core/EditorBinding/Inspector/InspectorRangeAttribute.cs
 0.1 kb	 0.0% Packages/com.unity.visualscripting/Runtime/VisualScripting.Core/EditorBinding/Inspector/InspectorLabelAttribute.cs
 0.1 kb	 0.0% Packages/com.unity.visualscripting/Runtime/VisualScripting.Core/EditorBinding/InspectableIfAttribute.cs
 0.1 kb	 0.0% Packages/com.unity.visualscripting/Runtime/VisualScripting.Core/EditorBinding/IInspectableAttribute.cs
 0.1 kb	 0.0% Packages/com.unity.visualscripting/Runtime/VisualScripting.Core/EditorBinding/ExpectedTypeAttribute.cs
 0.1 kb	 0.0% Packages/com.unity.visualscripting/Runtime/VisualScripting.Core/Collections/INotifiedCollectionItem.cs
 0.1 kb	 0.0% Packages/com.unity.visualscripting/Runtime/VisualScripting.Core/Cloning/Cloners/FakeSerializationCloner.cs
 0.1 kb	 0.0% Packages/com.unity.ugui/Runtime/TMP/TMP_SpriteAssetImportFormats.cs
 0.1 kb	 0.0% Packages/com.unity.timeline/Runtime/Animation/AnimationPreviewUpdateCallback.cs
 0.1 kb	 0.0% Packages/com.unity.timeline/Runtime/Animation/AnimationOutputWeightProcessor.cs
 0.1 kb	 0.0% Packages/com.unity.shadergraph/ShaderGraphLibrary/DummyShaderGraphLibrary.cs
 0.1 kb	 0.0% Packages/com.unity.render-pipelines.universal/ShaderLibrary/ShaderTypes.cs
 0.1 kb	 0.0% Packages/com.unity.render-pipelines.universal/ShaderLibrary/Deprecated.cs
 0.1 kb	 0.0% Packages/com.unity.render-pipelines.universal/Runtime/Tiling/TileSize.cs
 0.1 kb	 0.0% Packages/com.unity.render-pipelines.universal/Runtime/2D/UTess2D/UTess.cs
 0.1 kb	 0.0% Packages/com.unity.render-pipelines.universal/Runtime/2D/Shadows/ShadowProvider/ShadowMesh2D.cs
 0.1 kb	 0.0% Packages/com.unity.render-pipelines.universal/Runtime/2D/Shadows/ShadowProvider/ShadowEdge.cs
 0.1 kb	 0.0% Packages/com.unity.render-pipelines.universal/Runtime/2D/Shadows/ShadowProvider/IEdgeStore.cs
 0.1 kb	 0.0% Packages/com.unity.render-pipelines.universal/Runtime/2D/Rendergraph/UpscalePass.cs
 0.1 kb	 0.0% Packages/com.unity.render-pipelines.universal/Runtime/2D/Passes/Utility/LightBatch.cs
 0.1 kb	 0.0% Packages/com.unity.render-pipelines.universal/Runtime/2D/Passes/Utility/LayerUtility.cs
 0.1 kb	 0.0% Packages/com.unity.render-pipelines.universal/Runtime/2D/LightUtility.cs
 0.1 kb	 0.0% Packages/com.unity.render-pipelines.core/Runtime/Utilities/SweepLineRectUtils.cs
 0.1 kb	 0.0% Packages/com.unity.render-pipelines.core/Runtime/Utilities/SceneRenderPipeline.cs
 0.1 kb	 0.0% Packages/com.unity.render-pipelines.core/Runtime/Utilities/MaterialQuality.cs
 0.1 kb	 0.0% Packages/com.unity.render-pipelines.core/Runtime/Utilities/CullContextData.cs
 0.1 kb	 0.0% Packages/com.unity.render-pipelines.core/Runtime/Utilities/CameraCaptureBridge.cs
 0.1 kb	 0.0% Packages/com.unity.render-pipelines.core/Runtime/ShaderGenerator/ShaderGeneratorAttributes.cs
 0.1 kb	 0.0% Packages/com.unity.render-pipelines.core/Runtime/RenderGraph/RenderGraph.cs
 0.1 kb	 0.0% Packages/com.unity.render-pipelines.core/Runtime/PostProcessing/LensFlareCommonSRP.cs
 0.1 kb	 0.0% Packages/com.unity.render-pipelines.core/Runtime/LookDev/IDataProvider.cs
 0.1 kb	 0.0% Packages/com.unity.render-pipelines.core/Runtime/Lighting/SphericalHarmonics.cs
 0.1 kb	 0.0% Packages/com.unity.render-pipelines.core/Runtime/Lighting/ProbeVolume/ProbeVolumesOptions.cs
 0.1 kb	 0.0% Packages/com.unity.render-pipelines.core/Runtime/Lighting/ProbeVolume/ProbeVolumeSceneData.cs
 0.1 kb	 0.0% Packages/com.unity.render-pipelines.core/Runtime/Lighting/ProbeVolume/ProbeVolumeGIContributor.cs
 0.1 kb	 0.0% Packages/com.unity.render-pipelines.core/Runtime/Lighting/ProbeVolume/ProbeVolumeBakingSet.cs
 0.1 kb	 0.0% Packages/com.unity.render-pipelines.core/Runtime/Lighting/ProbeVolume/ProbeVolumeAsset.cs
 0.1 kb	 0.0% Packages/com.unity.render-pipelines.core/Runtime/Lighting/ProbeVolume/ProbeReferenceVolume.cs
 0.1 kb	 0.0% Packages/com.unity.render-pipelines.core/Runtime/Documentation.cs
 0.1 kb	 0.0% Packages/com.unity.render-pipelines.core/Runtime/Debugging/Prefabs/Scripts/DebugUIHandlerWidget.cs
 0.1 kb	 0.0% Packages/com.unity.render-pipelines.core/Runtime/Debugging/Prefabs/Scripts/DebugUIHandlerValue.cs
 0.1 kb	 0.0% Packages/com.unity.render-pipelines.core/Runtime/Debugging/Prefabs/Scripts/DebugUIHandlerVBox.cs
 0.1 kb	 0.0% Packages/com.unity.render-pipelines.core/Runtime/Debugging/Prefabs/Scripts/DebugUIHandlerToggle.cs
 0.1 kb	 0.0% Packages/com.unity.render-pipelines.core/Runtime/Debugging/Prefabs/Scripts/DebugUIHandlerRow.cs
 0.1 kb	 0.0% Packages/com.unity.render-pipelines.core/Runtime/Debugging/Prefabs/Scripts/DebugUIHandlerPanel.cs
 0.1 kb	 0.0% Packages/com.unity.render-pipelines.core/Runtime/Debugging/Prefabs/Scripts/DebugUIHandlerObject.cs
 0.1 kb	 0.0% Packages/com.unity.render-pipelines.core/Runtime/Debugging/Prefabs/Scripts/DebugUIHandlerHBox.cs
 0.1 kb	 0.0% Packages/com.unity.render-pipelines.core/Runtime/Debugging/Prefabs/Scripts/DebugUIHandlerGroup.cs
 0.1 kb	 0.0% Packages/com.unity.render-pipelines.core/Runtime/Debugging/Prefabs/Scripts/DebugUIHandlerColor.cs
 0.1 kb	 0.0% Packages/com.unity.render-pipelines.core/Runtime/Debugging/Prefabs/Scripts/DebugUIHandlerCanvas.cs
 0.1 kb	 0.0% Packages/com.unity.render-pipelines.core/Runtime/Debugging/Prefabs/Scripts/DebugUIHandlerButton.cs
 0.1 kb	 0.0% Packages/com.unity.render-pipelines.core/Runtime/Debugging/MousePositionDebug.cs
 0.1 kb	 0.0% Packages/com.unity.render-pipelines.core/Runtime/Debugging/IVolumeDebugSettings.cs
 0.1 kb	 0.0% Packages/com.unity.render-pipelines.core/Runtime/Debugging/FrameTiming/FrameTimeBottleneck.cs
 0.1 kb	 0.0% Packages/com.unity.render-pipelines.core/Runtime/Common/Swap.Extensions.cs
 0.1 kb	 0.0% Packages/com.unity.render-pipelines.core/Runtime/Common/ReloadGroupAttribute.cs
 0.1 kb	 0.0% Packages/com.unity.render-pipelines.core/Runtime/Common/CommandBufferPool.cs
 0.1 kb	 0.0% Packages/com.unity.render-pipelines.core/Runtime/CommandBuffers/UnsafeCommandBuffer.cs
 0.1 kb	 0.0% Packages/com.unity.render-pipelines.core/Runtime/CommandBuffers/RasterCommandBuffer.cs
 0.1 kb	 0.0% Packages/com.unity.render-pipelines.core/Runtime/CommandBuffers/IUnsafeCommandBuffer.cs
 0.1 kb	 0.0% Packages/com.unity.render-pipelines.core/Runtime/CommandBuffers/IRasterCommandBuffer.cs
 0.1 kb	 0.0% Packages/com.unity.render-pipelines.core/Runtime/CommandBuffers/IBaseCommandBuffer.cs
 0.1 kb	 0.0% Packages/com.unity.render-pipelines.core/Runtime/CommandBuffers/ComputeCommandBuffer.cs
 0.1 kb	 0.0% Packages/com.unity.render-pipelines.core/Runtime/CommandBuffers/CommandBufferHelpers.cs
 0.1 kb	 0.0% Packages/com.unity.multiplayer.center/Common/StyleConstants.cs
 0.1 kb	 0.0% Packages/com.unity.inputsystem/InputSystem/State/IInputStateChangeMonitor.cs
 0.1 kb	 0.0% Packages/com.unity.inputsystem/InputSystem/Plugins/iOS/IOSGameController.cs
 0.1 kb	 0.0% Packages/com.unity.inputsystem/InputSystem/Plugins/Users/InputUserAccountHandle.cs
 0.1 kb	 0.0% Packages/com.unity.inputsystem/InputSystem/Plugins/Switch/SwitchProControllerHID.cs
 0.1 kb	 0.0% Packages/com.unity.inputsystem/InputSystem/Plugins/PlayerInput/PlayerInputManagerEditor.cs
 0.1 kb	 0.0% Packages/com.unity.inputsystem/InputSystem/Plugins/OSX/OSXGameController.cs
 0.1 kb	 0.0% Packages/com.unity.inputsystem/InputSystem/Plugins/EnhancedTouch/EnhancedTouchSupport.cs
 0.1 kb	 0.0% Packages/com.unity.inputsystem/InputSystem/Events/DeviceConfigurationEvent.cs
 0.1 kb	 0.0% Packages/com.unity.inputsystem/InputSystem/Editor/UITKAssetEditor/Views/VisualElementExtensions.cs
 0.1 kb	 0.0% Packages/com.unity.inputsystem/InputSystem/Editor/UITKAssetEditor/Views/InputActionsTreeViewItem.cs
 0.1 kb	 0.0% Packages/com.unity.inputsystem/InputSystem/Editor/UITKAssetEditor/Views/InputActionsEditorView.cs
 0.1 kb	 0.0% Packages/com.unity.inputsystem/InputSystem/Editor/UITKAssetEditor/Views/BindingPropertiesView.cs
 0.1 kb	 0.0% Packages/com.unity.inputsystem/InputSystem/Editor/UITKAssetEditor/SerializedInputBinding.cs
 0.1 kb	 0.0% Packages/com.unity.inputsystem/InputSystem/Editor/UITKAssetEditor/SerializedInputActionMap.cs
 0.1 kb	 0.0% Packages/com.unity.inputsystem/InputSystem/Editor/UITKAssetEditor/SerializedInputAction.cs
 0.1 kb	 0.0% Packages/com.unity.inputsystem/InputSystem/Editor/UITKAssetEditor/InputActionsEditorWindow.cs
 0.1 kb	 0.0% Packages/com.unity.inputsystem/InputSystem/Editor/UITKAssetEditor/InputActionsEditorState.cs
 0.1 kb	 0.0% Packages/com.unity.inputsystem/InputSystem/Editor/UITKAssetEditor/Commands/ControlSchemeCommands.cs
 0.1 kb	 0.0% Packages/com.unity.inputsystem/InputSystem/Editor/Settings/InputSettingsProvider.cs
 0.1 kb	 0.0% Packages/com.unity.inputsystem/InputSystem/Editor/Settings/InputEditorUserSettings.cs
 0.1 kb	 0.0% Packages/com.unity.inputsystem/InputSystem/Editor/PropertyDrawers/InputControlPathDrawer.cs
 0.1 kb	 0.0% Packages/com.unity.inputsystem/InputSystem/Editor/PropertyDrawers/InputActionDrawerBase.cs
 0.1 kb	 0.0% Packages/com.unity.inputsystem/InputSystem/Editor/PropertyDrawers/InputActionAssetDrawer.cs
 0.1 kb	 0.0% Packages/com.unity.inputsystem/InputSystem/Editor/ProjectWideActions/ProjectWideActionsAsset.cs
 0.1 kb	 0.0% Packages/com.unity.inputsystem/InputSystem/Editor/Internal/AdvancedDropdown/AdvancedDropdownWindow.cs
 0.1 kb	 0.0% Packages/com.unity.inputsystem/InputSystem/Editor/Internal/AdvancedDropdown/AdvancedDropdownState.cs
 0.1 kb	 0.0% Packages/com.unity.inputsystem/InputSystem/Editor/InputSystemPluginControl.cs
 0.1 kb	 0.0% Packages/com.unity.inputsystem/InputSystem/Editor/InputLayoutCodeGenerator.cs
 0.1 kb	 0.0% Packages/com.unity.inputsystem/InputSystem/Editor/InputAssetEditorUtils.cs
 0.1 kb	 0.0% Packages/com.unity.inputsystem/InputSystem/Editor/Debugger/InputLatencyCalculator.cs
 0.1 kb	 0.0% Packages/com.unity.inputsystem/InputSystem/Editor/ControlPicker/InputControlPickerState.cs
 0.1 kb	 0.0% Packages/com.unity.inputsystem/InputSystem/Editor/ControlPicker/InputControlPathEditor.cs
 0.1 kb	 0.0% Packages/com.unity.inputsystem/InputSystem/Editor/ControlPicker/InputControlDropdownItem.cs
 0.1 kb	 0.0% Packages/com.unity.inputsystem/InputSystem/Editor/AssetImporter/InputActionCodeGenerator.cs
 0.1 kb	 0.0% Packages/com.unity.inputsystem/InputSystem/Editor/AssetImporter/InputActionAssetEditor.cs
 0.1 kb	 0.0% Packages/com.unity.inputsystem/InputSystem/Editor/AssetImporter/IInputActionAssetEditor.cs
 0.1 kb	 0.0% Packages/com.unity.inputsystem/InputSystem/Editor/AssetEditor/InputActionAssetManager.cs
 0.1 kb	 0.0% Packages/com.unity.inputsystem/InputSystem/Devices/Remote/RemoteInputPlayerConnection.cs
 0.1 kb	 0.0% Packages/com.unity.inputsystem/InputSystem/Devices/InputDeviceDescription.cs
 0.1 kb	 0.0% Packages/com.unity.inputsystem/InputSystem/Devices/Haptics/DualMotorRumbleCommand.cs
 0.1 kb	 0.0% Packages/com.unity.inputsystem/InputSystem/Devices/Commands/WarpMousePositionCommand.cs
 0.1 kb	 0.0% Packages/com.unity.inputsystem/InputSystem/Devices/Commands/QueryEnabledStateCommand.cs
 0.1 kb	 0.0% Packages/com.unity.inputsystem/InputSystem/Devices/Commands/QueryDimensionsCommand.cs
 0.1 kb	 0.0% Packages/com.unity.inputsystem/InputSystem/Devices/Commands/QueryCanRunInBackground.cs
 0.1 kb	 0.0% Packages/com.unity.inputsystem/InputSystem/Devices/Commands/IInputDeviceCommandInfo.cs
 0.1 kb	 0.0% Packages/com.unity.inputsystem/InputSystem/Controls/InputControlAttribute.cs
 0.1 kb	 0.0% Packages/com.unity.inputsystem/InputSystem/Controls/DiscreteButtonControl.cs
 0.1 kb	 0.0% Packages/com.unity.inputsystem/InputSystem/Actions/InputBindingCompositeContext.cs
 0.1 kb	 0.0% Packages/com.unity.inputsystem/InputSystem/Actions/InputActionSetupExtensions.cs
 0.1 kb	 0.0% Packages/com.unity.inputsystem/InputSystem/Actions/InputActionParameters.cs
 0.1 kb	 0.0% Packages/com.unity.collections/Unity.Collections/UnsafeAtomicCounter.cs
 0.1 kb	 0.0% Assets/UniWebView/Script/UniWebViewAuthentication/UniWebViewAuthenticationStandardToken.cs
 0.1 kb	 0.0% Assets/UniWebView/Script/UniWebViewAuthentication/UniWebViewAuthenticationFlowCustomize.cs
 0.1 kb	 0.0% Packages/com.unity.visualscripting/Runtime/VisualScripting.Core/Reflection/Optimization/StaticActionInvoker_5.cs
 0.1 kb	 0.0% Packages/com.unity.visualscripting/Runtime/VisualScripting.Core/Reflection/Optimization/StaticActionInvoker_4.cs
 0.1 kb	 0.0% Packages/com.unity.visualscripting/Runtime/VisualScripting.Core/Reflection/Optimization/StaticActionInvoker_3.cs
 0.1 kb	 0.0% Packages/com.unity.visualscripting/Runtime/VisualScripting.Core/Reflection/Optimization/StaticActionInvoker_2.cs
 0.1 kb	 0.0% Packages/com.unity.visualscripting/Runtime/VisualScripting.Core/Reflection/Optimization/StaticActionInvoker_1.cs
 0.1 kb	 0.0% Packages/com.unity.visualscripting/Runtime/VisualScripting.Core/Reflection/Optimization/StaticActionInvoker_0.cs
 0.1 kb	 0.0% Packages/com.unity.visualscripting/Runtime/VisualScripting.Core/Ensure/EnsureThat.NullableValueTypes.cs
 0.1 kb	 0.0% Packages/com.unity.visualscripting/Runtime/VisualScripting.Core/Dependencies/FullSerializer/fsJsonPrinter.cs
 0.1 kb	 0.0% Packages/com.unity.visualscripting/Runtime/VisualScripting.Core/Dependencies/FullSerializer/fsBaseConverter.cs
 0.1 kb	 0.0% Packages/com.unity.visualscripting/Runtime/VisualScripting.Core/Dependencies/FullSerializer/Reflection/fsMetaProperty.cs
 0.1 kb	 0.0% Packages/com.unity.visualscripting/Runtime/VisualScripting.Core/Dependencies/FullSerializer/Converters/fsTypeConverter.cs
 0.1 kb	 0.0% Packages/com.unity.visualscripting/Runtime/VisualScripting.Core/Dependencies/FullSerializer/Converters/fsGuidConverter.cs
 0.1 kb	 0.0% Packages/com.unity.visualscripting/Runtime/VisualScripting.Core/Dependencies/FullSerializer/Converters/fsEnumConverter.cs
 0.1 kb	 0.0% Packages/com.unity.visualscripting/Runtime/VisualScripting.Core/Dependencies/FullSerializer/Converters/fsDateConverter.cs
 0.1 kb	 0.0% Packages/com.unity.visualscripting/Runtime/VisualScripting.Core/Dependencies/FullSerializer/Converters/fsArrayConverter.cs
 0.1 kb	 0.0% Packages/com.unity.ugui/Runtime/UGUI/UI/Core/Layout/HorizontalOrVerticalLayoutGroup.cs
 0.1 kb	 0.0% Packages/com.unity.render-pipelines.universal/Runtime/Tiling/ZBinningJob.cs
 0.1 kb	 0.0% Packages/com.unity.render-pipelines.universal/Runtime/Tiling/TilingJob.cs
 0.1 kb	 0.0% Packages/com.unity.render-pipelines.universal/Runtime/TemporalAA.cs
 0.1 kb	 0.0% Packages/com.unity.render-pipelines.universal/Runtime/ShadowUtils.cs
 0.1 kb	 0.0% Packages/com.unity.render-pipelines.universal/Runtime/ShaderUtils.cs
 0.1 kb	 0.0% Packages/com.unity.render-pipelines.universal/Runtime/ShaderData.cs
 0.1 kb	 0.0% Packages/com.unity.render-pipelines.universal/Runtime/Passes/CapturePass.cs
 0.1 kb	 0.0% Packages/com.unity.render-pipelines.universal/Runtime/Overrides/WhiteBalance.cs
 0.1 kb	 0.0% Packages/com.unity.render-pipelines.universal/Runtime/Overrides/Tonemapping.cs
 0.1 kb	 0.0% Packages/com.unity.render-pipelines.universal/Runtime/Overrides/SplitToning.cs
 0.1 kb	 0.0% Packages/com.unity.render-pipelines.universal/Runtime/Overrides/MotionBlur.cs
 0.1 kb	 0.0% Packages/com.unity.render-pipelines.universal/Runtime/Overrides/FilmGrain.cs
 0.1 kb	 0.0% Packages/com.unity.render-pipelines.universal/Runtime/Overrides/DepthOfField.cs
 0.1 kb	 0.0% Packages/com.unity.render-pipelines.universal/Runtime/Overrides/ColorLookup.cs
 0.1 kb	 0.0% Packages/com.unity.render-pipelines.universal/Runtime/Overrides/ColorCurves.cs
 0.1 kb	 0.0% Packages/com.unity.render-pipelines.universal/Runtime/Overrides/ChannelMixer.cs
 0.1 kb	 0.0% Packages/com.unity.render-pipelines.universal/Runtime/History/TaaHistory.cs
 0.1 kb	 0.0% Packages/com.unity.render-pipelines.universal/Runtime/History/StpHistory.cs
 0.1 kb	 0.0% Packages/com.unity.render-pipelines.universal/Runtime/Decal/Entities/DecalChunk.cs
 0.1 kb	 0.0% Packages/com.unity.render-pipelines.universal/Runtime/Debug/DebugHandler.cs
 0.1 kb	 0.0% Packages/com.unity.render-pipelines.core/Runtime/XR/XRMirrorView.cs
 0.1 kb	 0.0% Packages/com.unity.render-pipelines.core/Runtime/Utilities/GPUPrefixSum/GPUPrefixSum.ShaderIDs.cs
 0.1 kb	 0.0% Packages/com.unity.render-pipelines.core/Runtime/UnifiedRayTracing/Compute/RadeonRays/RestructureBvh.cs
 0.1 kb	 0.0% Packages/com.unity.render-pipelines.core/Runtime/UnifiedRayTracing/Compute/RadeonRays/RadeonRaysAPI.cs
 0.1 kb	 0.0% Packages/com.unity.render-pipelines.core/Runtime/UnifiedRayTracing/Common/GeometryPool/GeometryPool.cs
 0.1 kb	 0.0% Packages/com.unity.render-pipelines.core/Runtime/GPUDriven/Utilities/ParallelBitArray.cs
 0.1 kb	 0.0% Packages/com.unity.render-pipelines.core/Runtime/GPUDriven/Utilities/MemoryUtilities.cs
 0.1 kb	 0.0% Packages/com.unity.render-pipelines.core/Runtime/GPUDriven/LODGroupDataPool.cs
 0.1 kb	 0.0% Packages/com.unity.render-pipelines.core/Runtime/GPUDriven/InstanceCuller.cs
 0.1 kb	 0.0% Packages/com.unity.render-pipelines.core/Runtime/Deprecated.cs
 0.1 kb	 0.0% Packages/com.unity.render-pipelines.core/Runtime/Common/CoreAttributes.cs
 0.1 kb	 0.0% Packages/com.unity.render-pipelines.core/Runtime/CommandBuffers/BaseCommandBufer.cs
 0.1 kb	 0.0% Packages/com.unity.inputsystem/InputSystem/Utilities/NameAndParameters.cs
 0.1 kb	 0.0% Packages/com.unity.inputsystem/InputSystem/Utilities/CSharpCodeHelpers.cs
 0.1 kb	 0.0% Packages/com.unity.inputsystem/InputSystem/Plugins/UI/TrackedDeviceRaycaster.cs
 0.1 kb	 0.0% Packages/com.unity.inputsystem/InputSystem/Plugins/UI/MultiplayerEventSystem.cs
 0.1 kb	 0.0% Packages/com.unity.inputsystem/InputSystem/Plugins/UI/InputSystemUIInputModule.cs
 0.1 kb	 0.0% Packages/com.unity.inputsystem/InputSystem/Plugins/UI/ExtendedPointerEventData.cs
 0.1 kb	 0.0% Packages/com.unity.inputsystem/InputSystem/Plugins/UI/ExtendedAxisEventData.cs
 0.1 kb	 0.0% Packages/com.unity.inputsystem/InputSystem/Plugins/HID/HIDDescriptorWindow.cs
 0.1 kb	 0.0% Packages/com.unity.inputsystem/InputSystem/Plugins/DualShock/IDualShockHaptics.cs
 0.1 kb	 0.0% Packages/com.unity.inputsystem/InputSystem/Editor/AssetEditor/ParameterListView.cs
 0.1 kb	 0.0% Packages/com.unity.inputsystem/InputSystem/Editor/AssetEditor/InputActionTreeViewItems.cs
 0.1 kb	 0.0% Packages/com.unity.inputsystem/InputSystem/Controls/Processors/NormalizeProcessor.cs
 0.1 kb	 0.0% Packages/com.unity.inputsystem/InputSystem/Actions/Interactions/SlowTapInteraction.cs
 0.1 kb	 0.0% Packages/com.unity.inputsystem/InputSystem/Actions/Interactions/MultiTapInteraction.cs
 0.1 kb	 0.0% Packages/com.unity.inputsystem/InputSystem/Actions/Composites/OneModifierComposite.cs
 0.1 kb	 0.0% Packages/com.unity.collections/Unity.Collections/UnsafeUtilityEx.cs
 0.1 kb	 0.0% Packages/com.unity.collections/Unity.Collections/UnsafeAppendBuffer.cs
 0.1 kb	 0.0% Packages/com.unity.collections/Unity.Collections/NativeParallelHashSetExtensions.gen.cs
 0.1 kb	 0.0% Packages/com.unity.collections/Unity.Collections/Jobs/RegisterGenericJobTypeAttribute.cs
 0.1 kb	 0.0% Packages/com.unity.collections/Unity.Collections/DoubleRewindableAllocators.cs
 0.1 kb	 0.0% Packages/com.unity.collections/Unity.Collections/DataStreamExtensions.cs
 0.1 kb	 0.0% Packages/com.unity.visualscripting/Runtime/VisualScripting.State/FlowStateTransition.cs
 0.1 kb	 0.0% Packages/com.unity.visualscripting/Runtime/VisualScripting.Flow/Ports/ValuePortDefinition.cs
 0.1 kb	 0.0% Packages/com.unity.visualscripting/Runtime/VisualScripting.Flow/Ports/ValueInputDefinition.cs
 0.1 kb	 0.0% Packages/com.unity.visualscripting/Runtime/VisualScripting.Flow/Ports/UnitPortDefinition.cs
 0.1 kb	 0.0% Packages/com.unity.visualscripting/Runtime/VisualScripting.Flow/Ports/IUnitPortDefinition.cs
 0.1 kb	 0.0% Packages/com.unity.visualscripting/Runtime/VisualScripting.Flow/Framework/Variables/UnifiedVariableUnit.cs
 0.1 kb	 0.0% Packages/com.unity.visualscripting/Runtime/VisualScripting.Flow/Framework/Variables/Obsolete/SetObjectVariable.cs
 0.1 kb	 0.0% Packages/com.unity.visualscripting/Runtime/VisualScripting.Flow/Framework/Variables/Obsolete/ISceneVariableUnit.cs
 0.1 kb	 0.0% Packages/com.unity.visualscripting/Runtime/VisualScripting.Flow/Framework/Variables/Obsolete/ISavedVariableUnit.cs
 0.1 kb	 0.0% Packages/com.unity.visualscripting/Runtime/VisualScripting.Flow/Framework/Variables/Obsolete/IObjectVariableUnit.cs
 0.1 kb	 0.0% Packages/com.unity.visualscripting/Runtime/VisualScripting.Flow/Framework/Variables/Obsolete/IGraphVariableUnit.cs
 0.1 kb	 0.0% Packages/com.unity.visualscripting/Runtime/VisualScripting.Flow/Framework/Variables/Obsolete/GetObjectVariable.cs
 0.1 kb	 0.0% Packages/com.unity.visualscripting/Runtime/VisualScripting.Flow/Framework/Variables/IsVariableDefined.cs
 0.1 kb	 0.0% Packages/com.unity.visualscripting/Runtime/VisualScripting.Flow/Framework/Variables/IUnifiedVariableUnit.cs
 0.1 kb	 0.0% Packages/com.unity.visualscripting/Runtime/VisualScripting.Flow/Framework/Time/WaitForSecondsUnit.cs
 0.1 kb	 0.0% Packages/com.unity.visualscripting/Runtime/VisualScripting.Flow/Framework/Time/WaitForNextFrameUnit.cs
 0.1 kb	 0.0% Packages/com.unity.visualscripting/Runtime/VisualScripting.Flow/Framework/Math/Vector4/Vector4MoveTowards.cs
 0.1 kb	 0.0% Packages/com.unity.visualscripting/Runtime/VisualScripting.Flow/Framework/Math/Vector4/Vector4DotProduct.cs
 0.1 kb	 0.0% Packages/com.unity.visualscripting/Runtime/VisualScripting.Flow/Framework/Math/Vector4/DeprecatedVector4Add.cs
 0.1 kb	 0.0% Packages/com.unity.visualscripting/Runtime/VisualScripting.Flow/Framework/Math/Vector3/Vector3MoveTowards.cs
 0.1 kb	 0.0% Packages/com.unity.visualscripting/Runtime/VisualScripting.Flow/Framework/Math/Vector3/Vector3DotProduct.cs
 0.1 kb	 0.0% Packages/com.unity.visualscripting/Runtime/VisualScripting.Flow/Framework/Math/Vector3/Vector3CrossProduct.cs
 0.1 kb	 0.0% Packages/com.unity.visualscripting/Runtime/VisualScripting.Flow/Framework/Math/Vector3/DeprecatedVector3Add.cs
 0.1 kb	 0.0% Packages/com.unity.visualscripting/Runtime/VisualScripting.Flow/Framework/Math/Vector2/Vector2MoveTowards.cs
 0.1 kb	 0.0% Packages/com.unity.visualscripting/Runtime/VisualScripting.Flow/Framework/Math/Vector2/Vector2DotProduct.cs
 0.1 kb	 0.0% Packages/com.unity.visualscripting/Runtime/VisualScripting.Flow/Framework/Math/Vector2/DeprecatedVector2Add.cs
 0.1 kb	 0.0% Packages/com.unity.visualscripting/Runtime/VisualScripting.Flow/Framework/Math/Scalar/ScalarMoveTowards.cs
 0.1 kb	 0.0% Packages/com.unity.visualscripting/Runtime/VisualScripting.Flow/Framework/Math/Scalar/ScalarExponentiate.cs
 0.1 kb	 0.0% Packages/com.unity.visualscripting/Runtime/VisualScripting.Flow/Framework/Math/Scalar/DeprecatedScalarAdd.cs
 0.1 kb	 0.0% Packages/com.unity.visualscripting/Runtime/VisualScripting.Flow/Framework/Math/Generic/DeprecatedGenericAdd.cs
 0.1 kb	 0.0% Packages/com.unity.visualscripting/Runtime/VisualScripting.Flow/Framework/Logic/NumericComparison.cs
 0.1 kb	 0.0% Packages/com.unity.visualscripting/Runtime/VisualScripting.Flow/Framework/Logic/EqualityComparison.cs
 0.1 kb	 0.0% Packages/com.unity.visualscripting/Runtime/VisualScripting.Flow/Framework/Logic/BinaryComparisonUnit.cs
 0.1 kb	 0.0% Packages/com.unity.visualscripting/Runtime/VisualScripting.Flow/Framework/Logic/ApproximatelyEqual.cs
 0.1 kb	 0.0% Packages/com.unity.visualscripting/Runtime/VisualScripting.Flow/Framework/Events/TriggerCustomEvent.cs
 0.1 kb	 0.0% Packages/com.unity.visualscripting/Runtime/VisualScripting.Flow/Framework/Events/Rendering/OnBecameInvisible.cs
 0.1 kb	 0.0% Packages/com.unity.visualscripting/Runtime/VisualScripting.Flow/Framework/Events/Physics2D/TriggerEvent2DUnit.cs
 0.1 kb	 0.0% Packages/com.unity.visualscripting/Runtime/VisualScripting.Flow/Framework/Events/Physics2D/OnCollisionStay2D.cs
 0.1 kb	 0.0% Packages/com.unity.visualscripting/Runtime/VisualScripting.Flow/Framework/Events/Physics2D/OnCollisionExit2D.cs
 0.1 kb	 0.0% Packages/com.unity.visualscripting/Runtime/VisualScripting.Flow/Framework/Events/Physics2D/OnCollisionEnter2D.cs
 0.1 kb	 0.0% Packages/com.unity.visualscripting/Runtime/VisualScripting.Flow/Framework/Events/Physics2D/CollisionEvent2DUnit.cs
 0.1 kb	 0.0% Packages/com.unity.visualscripting/Runtime/VisualScripting.Flow/Framework/Events/Physics/OnParticleCollision.cs
 0.1 kb	 0.0% Packages/com.unity.visualscripting/Runtime/VisualScripting.Flow/Framework/Events/Physics/CollisionEventUnit.cs
 0.1 kb	 0.0% Packages/com.unity.visualscripting/Runtime/VisualScripting.Flow/Framework/Events/Navigation/OnDestinationReached.cs
 0.1 kb	 0.0% Packages/com.unity.visualscripting/Runtime/VisualScripting.Flow/Framework/Events/Input/OnMouseUpAsButton.cs
 0.1 kb	 0.0% Packages/com.unity.visualscripting/Runtime/VisualScripting.Flow/Framework/Events/GUI/OnToggleValueChanged.cs
 0.1 kb	 0.0% Packages/com.unity.visualscripting/Runtime/VisualScripting.Flow/Framework/Events/GUI/OnSliderValueChanged.cs
 0.1 kb	 0.0% Packages/com.unity.visualscripting/Runtime/VisualScripting.Flow/Framework/Events/GUI/OnInputFieldEndEdit.cs
 0.1 kb	 0.0% Packages/com.unity.visualscripting/Runtime/VisualScripting.Flow/Framework/Events/GUI/GenericGuiEventUnit.cs
 0.1 kb	 0.0% Packages/com.unity.visualscripting/Runtime/VisualScripting.Flow/Framework/Events/Editor/OnDrawGizmosSelected.cs
 0.1 kb	 0.0% Packages/com.unity.visualscripting/Runtime/VisualScripting.Flow/Framework/Events/Application/OnApplicationResume.cs
 0.1 kb	 0.0% Packages/com.unity.visualscripting/Runtime/VisualScripting.Flow/Framework/Events/Application/OnApplicationQuit.cs
 0.1 kb	 0.0% Packages/com.unity.visualscripting/Runtime/VisualScripting.Flow/Framework/Events/Application/OnApplicationPause.cs
 0.1 kb	 0.0% Packages/com.unity.visualscripting/Runtime/VisualScripting.Flow/Framework/Events/Application/OnApplicationFocus.cs
 0.1 kb	 0.0% Packages/com.unity.visualscripting/Runtime/VisualScripting.Flow/Framework/Events/Animation/BoltAnimationEvent.cs
 0.1 kb	 0.0% Packages/com.unity.visualscripting/Runtime/VisualScripting.Flow/Framework/Collections/Dictionaries/SetDictionaryItem.cs
 0.1 kb	 0.0% Packages/com.unity.visualscripting/Runtime/VisualScripting.Flow/Framework/Collections/Dictionaries/RemoveDictionaryItem.cs
 0.1 kb	 0.0% Packages/com.unity.visualscripting/Runtime/VisualScripting.Flow/Framework/Collections/Dictionaries/MergeDictionaries.cs
 0.1 kb	 0.0% Packages/com.unity.visualscripting/Runtime/VisualScripting.Flow/Framework/Collections/Dictionaries/GetDictionaryItem.cs
 0.1 kb	 0.0% Packages/com.unity.visualscripting/Runtime/VisualScripting.Flow/Framework/Collections/Dictionaries/AddDictionaryItem.cs
 0.1 kb	 0.0% Packages/com.unity.visualscripting/Runtime/VisualScripting.Flow/EditorBinding/UnitTitleAttribute.cs
 0.1 kb	 0.0% Packages/com.unity.visualscripting/Runtime/VisualScripting.Flow/EditorBinding/UnitOrderAttribute.cs
 0.1 kb	 0.0% Packages/com.unity.visualscripting/Runtime/VisualScripting.Flow/EditorBinding/SpecialUnitAttribute.cs
 0.1 kb	 0.0% Packages/com.unity.visualscripting/Runtime/VisualScripting.Flow/EditorBinding/PortLabelAttribute.cs
 0.1 kb	 0.0% Packages/com.unity.visualscripting/Runtime/VisualScripting.Flow/Dependencies/NCalc/NCalcParser.cs
 0.1 kb	 0.0% Packages/com.unity.visualscripting/Runtime/VisualScripting.Flow/Dependencies/NCalc/NCalcLexer.cs
 0.1 kb	 0.0% Packages/com.unity.visualscripting/Runtime/VisualScripting.Flow/Dependencies/NCalc/FunctionArgs.cs
 0.1 kb	 0.0% Packages/com.unity.visualscripting/Runtime/VisualScripting.Flow/Dependencies/NCalc/Expression.cs
 0.1 kb	 0.0% Packages/com.unity.visualscripting/Runtime/VisualScripting.Flow/Connections/InvalidConnection.cs
 0.1 kb	 0.0% Packages/com.unity.visualscripting/Runtime/VisualScripting.Flow/Connections/ControlConnection.cs
 0.1 kb	 0.0% Packages/com.unity.visualscripting/Runtime/VisualScripting.Core/Variables/VariableDeclarations.cs
 0.1 kb	 0.0% Packages/com.unity.visualscripting/Runtime/VisualScripting.Core/Variables/VariableDeclaration.cs
 0.1 kb	 0.0% Packages/com.unity.visualscripting/Runtime/VisualScripting.Core/Variables/IGraphWithVariables.cs
 0.1 kb	 0.0% Packages/com.unity.visualscripting/Runtime/VisualScripting.Core/Variables/ApplicationVariables.cs
 0.1 kb	 0.0% Packages/com.unity.visualscripting/Runtime/VisualScripting.Core/Utilities/UnityObjectUtility.cs
 0.1 kb	 0.0% Packages/com.unity.visualscripting/Runtime/VisualScripting.Core/Utilities/ReferenceCollector.cs
 0.1 kb	 0.0% Packages/com.unity.visualscripting/Runtime/VisualScripting.Core/Utilities/CSharpNameUtility.cs
 0.1 kb	 0.0% Packages/com.unity.visualscripting/Runtime/VisualScripting.Core/Unity/SingletonAttribute.cs
 0.1 kb	 0.0% Packages/com.unity.visualscripting/Runtime/VisualScripting.Core/Unity/IUnityObjectOwnable.cs
 0.1 kb	 0.0% Packages/com.unity.visualscripting/Runtime/VisualScripting.Core/Serialization/SerializeAttribute.cs
 0.1 kb	 0.0% Packages/com.unity.visualscripting/Runtime/VisualScripting.Core/Serialization/SerializeAsAttribute.cs
 0.1 kb	 0.0% Packages/com.unity.visualscripting/Runtime/VisualScripting.Core/Serialization/SerializationData.cs
 0.1 kb	 0.0% Packages/com.unity.visualscripting/Runtime/VisualScripting.Core/Serialization/Converters/UnityObjectConverter.cs
 0.1 kb	 0.0% Packages/com.unity.visualscripting/Runtime/VisualScripting.Core/Serialization/Converters/NamespaceConverter.cs
 0.1 kb	 0.0% Packages/com.unity.visualscripting/Runtime/VisualScripting.Core/Reflection/RenamedFromAttribute.cs
 0.1 kb	 0.0% Packages/com.unity.visualscripting/Runtime/VisualScripting.Core/Reflection/Optimization/StaticInvokerBase.cs
 0.1 kb	 0.0% Packages/com.unity.visualscripting/Runtime/VisualScripting.Core/Reflection/Optimization/ReflectionInvoker.cs
 0.1 kb	 0.0% Packages/com.unity.visualscripting/Runtime/VisualScripting.Core/Reflection/Optimization/OptimizedReflection.cs
 0.1 kb	 0.0% Packages/com.unity.visualscripting/Runtime/VisualScripting.Core/Reflection/Optimization/IOptimizedInvoker.cs
 0.1 kb	 0.0% Packages/com.unity.visualscripting/Runtime/VisualScripting.Core/Reflection/Optimization/IOptimizedAccessor.cs
 0.1 kb	 0.0% Packages/com.unity.visualscripting/Runtime/VisualScripting.Core/Reflection/Operators/UnaryOperatorHandler.cs
 0.1 kb	 0.0% Packages/com.unity.visualscripting/Runtime/VisualScripting.Core/Reflection/Operators/SubtractionHandler.cs
 0.1 kb	 0.0% Packages/com.unity.visualscripting/Runtime/VisualScripting.Core/Reflection/Operators/RightShiftHandler.cs
 0.1 kb	 0.0% Packages/com.unity.visualscripting/Runtime/VisualScripting.Core/Reflection/Operators/OperatorException.cs
 0.1 kb	 0.0% Packages/com.unity.visualscripting/Runtime/VisualScripting.Core/Reflection/Operators/InequalityHandler.cs
 0.1 kb	 0.0% Packages/com.unity.visualscripting/Runtime/VisualScripting.Core/Reflection/Operators/GreaterThanHandler.cs
 0.1 kb	 0.0% Packages/com.unity.visualscripting/Runtime/VisualScripting.Core/Reflection/Operators/ExclusiveOrHandler.cs
 0.1 kb	 0.0% Packages/com.unity.visualscripting/Runtime/VisualScripting.Core/Reflection/MemberInfoComparer.cs
 0.1 kb	 0.0% Packages/com.unity.visualscripting/Runtime/VisualScripting.Core/Reflection/LooseAssemblyName.cs
 0.1 kb	 0.0% Packages/com.unity.visualscripting/Runtime/VisualScripting.Core/Reflection/IAttributeProvider.cs
 0.1 kb	 0.0% Packages/com.unity.visualscripting/Runtime/VisualScripting.Core/Reflection/ConversionUtility.cs
 0.1 kb	 0.0% Packages/com.unity.visualscripting/Runtime/VisualScripting.Core/Listeners/UnityMessageListener.cs
 0.1 kb	 0.0% Packages/com.unity.visualscripting/Runtime/VisualScripting.Core/Listeners/IGraphEventListener.cs
 0.1 kb	 0.0% Packages/com.unity.visualscripting/Runtime/VisualScripting.Core/Graphs/IGraphParentElement.cs
 0.1 kb	 0.0% Packages/com.unity.visualscripting/Runtime/VisualScripting.Core/Graphs/IGraphNesterElement.cs
 0.1 kb	 0.0% Packages/com.unity.visualscripting/Runtime/VisualScripting.Core/Graphs/IGraphElementData.cs
 0.1 kb	 0.0% Packages/com.unity.visualscripting/Runtime/VisualScripting.Core/Events/FrameDelayedCallback.cs
 0.1 kb	 0.0% Packages/com.unity.visualscripting/Runtime/VisualScripting.Core/Events/EventHookComparer.cs
 0.1 kb	 0.0% Packages/com.unity.visualscripting/Runtime/VisualScripting.Core/Ensure/ExceptionMessages.cs
 0.1 kb	 0.0% Packages/com.unity.visualscripting/Runtime/VisualScripting.Core/EditorBinding/TypeIconAttribute.cs
 0.1 kb	 0.0% Packages/com.unity.visualscripting/Runtime/VisualScripting.Core/EditorBinding/PredictableAttribute.cs
 0.1 kb	 0.0% Packages/com.unity.visualscripting/Runtime/VisualScripting.Core/EditorBinding/InspectableAttribute.cs
 0.1 kb	 0.0% Packages/com.unity.visualscripting/Runtime/VisualScripting.Core/EditorBinding/EditorTimeBinding.cs
 0.1 kb	 0.0% Packages/com.unity.visualscripting/Runtime/VisualScripting.Core/EditorBinding/EditorBindingUtility.cs
 0.1 kb	 0.0% Packages/com.unity.visualscripting/Runtime/VisualScripting.Core/EditorBinding/AllowsNullAttribute.cs
 0.1 kb	 0.0% Packages/com.unity.visualscripting/Runtime/VisualScripting.Core/Dependencies/FullSerializer/Internal/fsOption.cs
 0.1 kb	 0.0% Packages/com.unity.visualscripting/Runtime/VisualScripting.Core/Decorators/IDecoratorAttribute.cs
 0.1 kb	 0.0% Packages/com.unity.visualscripting/Runtime/VisualScripting.Core/Cloning/Cloners/AnimationCurveCloner.cs
 0.1 kb	 0.0% Packages/com.unity.ugui/Runtime/TMP/TMP_DynamicFontAssetUtilities.cs
 0.1 kb	 0.0% Packages/com.unity.timeline/Runtime/Utilities/AnimationPreviewUtilities.cs
 0.1 kb	 0.0% Packages/com.unity.timeline/Runtime/Playables/TimeNotificationBehaviour.cs
 0.1 kb	 0.0% Packages/com.unity.timeline/Runtime/Playables/ActivationControlPlayable.cs
 0.1 kb	 0.0% Packages/com.unity.timeline/Runtime/Events/INotificationOptionProvider.cs
 0.1 kb	 0.0% Packages/com.unity.render-pipelines.universal/Runtime/NoAllocUtils.cs
 0.1 kb	 0.0% Packages/com.unity.render-pipelines.universal/Runtime/2D/Light2D.cs
 0.1 kb	 0.0% Packages/com.unity.render-pipelines.universal/Runtime/2D/Clipper.cs
 0.1 kb	 0.0% Packages/com.unity.render-pipelines.core/Runtime/XR/XRSRPSettings.cs
 0.1 kb	 0.0% Packages/com.unity.render-pipelines.core/Runtime/Volume/VolumeProfile.cs
 0.1 kb	 0.0% Packages/com.unity.render-pipelines.core/Runtime/Volume/VolumeParameter.cs
 0.1 kb	 0.0% Packages/com.unity.render-pipelines.core/Runtime/Volume/VolumeManager.cs
 0.1 kb	 0.0% Packages/com.unity.render-pipelines.core/Runtime/Volume/VolumeDebugData.cs
 0.1 kb	 0.0% Packages/com.unity.render-pipelines.core/Runtime/Volume/VolumeComponent.cs
 0.1 kb	 0.0% Packages/com.unity.render-pipelines.core/Runtime/Volume/VolumeCollection.cs
 0.1 kb	 0.0% Packages/com.unity.render-pipelines.core/Runtime/Volume/KeyframeUtility.cs
 0.1 kb	 0.0% Packages/com.unity.render-pipelines.core/Runtime/Utilities/TileLayoutUtils.cs
 0.1 kb	 0.0% Packages/com.unity.render-pipelines.core/Runtime/Utilities/TextureGradient.cs
 0.1 kb	 0.0% Packages/com.unity.render-pipelines.core/Runtime/Utilities/ResourceReloader.cs
 0.1 kb	 0.0% Packages/com.unity.render-pipelines.core/Runtime/Utilities/LightUnitUtils.cs
 0.1 kb	 0.0% Packages/com.unity.render-pipelines.core/Runtime/Utilities/HaltonSequence.cs
 0.1 kb	 0.0% Packages/com.unity.render-pipelines.core/Runtime/Utilities/HDROutputUtils.cs
 0.1 kb	 0.0% Packages/com.unity.render-pipelines.core/Runtime/Utilities/GPUPrefixSum/GPUPrefixSum.Data.cs
 0.1 kb	 0.0% Packages/com.unity.render-pipelines.core/Runtime/Utilities/DelegateUtility.cs
 0.1 kb	 0.0% Packages/com.unity.render-pipelines.core/Runtime/Utilities/CoreMatrixUtils.cs
 0.1 kb	 0.0% Packages/com.unity.render-pipelines.core/Runtime/Utilities/ColorSpaceUtils.cs
 0.1 kb	 0.0% Packages/com.unity.render-pipelines.core/Runtime/Utilities/ArrayExtensions.cs
 0.1 kb	 0.0% Packages/com.unity.render-pipelines.core/Runtime/Textures/Texture2DAtlas.cs
 0.1 kb	 0.0% Packages/com.unity.render-pipelines.core/Runtime/Textures/RTHandleSystem.cs
 0.1 kb	 0.0% Packages/com.unity.render-pipelines.core/Runtime/Sampling/SobolData.cs
 0.1 kb	 0.0% Packages/com.unity.render-pipelines.core/Runtime/RenderPipeline/IVolumetricCloud.cs
 0.1 kb	 0.0% Packages/com.unity.render-pipelines.core/Runtime/RenderPipeline/ICloudBackground.cs
 0.1 kb	 0.0% Packages/com.unity.render-pipelines.core/Runtime/RenderGraph/RenderGraphCompilationCache.cs
 0.1 kb	 0.0% Packages/com.unity.render-pipelines.core/Runtime/PostProcessing/LensFlareDataSRP.cs
 0.1 kb	 0.0% Packages/com.unity.render-pipelines.core/Runtime/Lighting/ProbeVolume/ProbeVolumeUtil.cs
 0.1 kb	 0.0% Packages/com.unity.render-pipelines.core/Runtime/Lighting/ProbeVolume/ProbeBrickPool.cs
 0.1 kb	 0.0% Packages/com.unity.render-pipelines.core/Runtime/Lighting/ProbeVolume/ProbeBrickIndex.cs
 0.1 kb	 0.0% Packages/com.unity.render-pipelines.core/Runtime/GPUDriven/InstanceData/InstanceType.cs
 0.1 kb	 0.0% Packages/com.unity.render-pipelines.core/Runtime/GPUDriven/InstanceData/InstanceData.cs
 0.1 kb	 0.0% Packages/com.unity.render-pipelines.core/Runtime/Debugging/ProfilingScope.cs
 0.1 kb	 0.0% Packages/com.unity.render-pipelines.core/Runtime/Debugging/FrameTiming/FrameTimeSample.cs
 0.1 kb	 0.0% Packages/com.unity.render-pipelines.core/Runtime/Debugging/DebugManager.UIState.cs
 0.1 kb	 0.0% Packages/com.unity.render-pipelines.core/Runtime/Debugging/DebugManager.Actions.cs
 0.1 kb	 0.0% Packages/com.unity.render-pipelines.core/Runtime/Debugging/DebugFrameTiming.cs
 0.1 kb	 0.0% Packages/com.unity.render-pipelines.core/Runtime/Common/SerializableEnum.cs
 0.1 kb	 0.0% Packages/com.unity.render-pipelines.core/Runtime/Common/ReloadAttribute.cs
 0.1 kb	 0.0% Packages/com.unity.render-pipelines.core/Runtime/Common/IAdditionalData.cs
 0.1 kb	 0.0% Packages/com.unity.render-pipelines.core/Runtime/Common/DynamicString.cs
 0.1 kb	 0.0% Packages/com.unity.render-pipelines.core/Runtime/Common/CoreUnsafeUtils.cs
 0.1 kb	 0.0% Packages/com.unity.render-pipelines.core/Runtime/Common/ContextContainer.cs
 0.1 kb	 0.0% Packages/com.unity.render-pipelines.core/Runtime/Common/ConstantBuffer.cs
 0.1 kb	 0.0% Packages/com.unity.render-pipelines.core/Runtime/Camera/CameraSwitcher.cs
 0.1 kb	 0.0% Packages/com.unity.inputsystem/InputSystem/Utilities/Comparers.cs
 0.1 kb	 0.0% Packages/com.unity.inputsystem/InputSystem/State/InputStateHistory.cs
 0.1 kb	 0.0% Packages/com.unity.inputsystem/InputSystem/State/InputStateBuffers.cs
 0.1 kb	 0.0% Packages/com.unity.inputsystem/InputSystem/State/IInputStateTypeInfo.cs
 0.1 kb	 0.0% Packages/com.unity.inputsystem/InputSystem/Plugins/iOS/InputSettingsiOSProvider.cs
 0.1 kb	 0.0% Packages/com.unity.inputsystem/InputSystem/Plugins/Users/InputUserSettings.cs
 0.1 kb	 0.0% Packages/com.unity.inputsystem/InputSystem/Plugins/PlayerInput/PlayerInputEditor.cs
 0.1 kb	 0.0% Packages/com.unity.inputsystem/InputSystem/Plugins/EnhancedTouch/TouchSimulation.cs
 0.1 kb	 0.0% Packages/com.unity.inputsystem/InputSystem/NativeInputRuntime.cs
 0.1 kb	 0.0% Packages/com.unity.inputsystem/InputSystem/Events/InputEventListener.cs
 0.1 kb	 0.0% Packages/com.unity.inputsystem/InputSystem/Events/IMECompositionEvent.cs
 0.1 kb	 0.0% Packages/com.unity.inputsystem/InputSystem/Events/IInputEventTypeInfo.cs
 0.1 kb	 0.0% Packages/com.unity.inputsystem/InputSystem/Events/DeviceRemoveEvent.cs
 0.1 kb	 0.0% Packages/com.unity.inputsystem/InputSystem/Editor/UITKAssetEditor/Views/MatchingControlPaths.cs
 0.1 kb	 0.0% Packages/com.unity.inputsystem/InputSystem/Editor/UITKAssetEditor/Views/IViewStateCollection.cs
 0.1 kb	 0.0% Packages/com.unity.inputsystem/InputSystem/Editor/UITKAssetEditor/Views/ControlSchemesView.cs
 0.1 kb	 0.0% Packages/com.unity.inputsystem/InputSystem/Editor/UITKAssetEditor/Views/ActionPropertiesView.cs
 0.1 kb	 0.0% Packages/com.unity.inputsystem/InputSystem/Editor/UITKAssetEditor/EnumerableExtensions.cs
 0.1 kb	 0.0% Packages/com.unity.inputsystem/InputSystem/Editor/PropertyDrawers/InputActionMapDrawer.cs
 0.1 kb	 0.0% Packages/com.unity.inputsystem/InputSystem/Editor/PropertyDrawers/InputActionDrawer.cs
 0.1 kb	 0.0% Packages/com.unity.inputsystem/InputSystem/Editor/Internal/InputEventTreeView.cs
 0.1 kb	 0.0% Packages/com.unity.inputsystem/InputSystem/Editor/Internal/InputControlTreeView.cs
 0.1 kb	 0.0% Packages/com.unity.inputsystem/InputSystem/Editor/Internal/BuildProviderHelpers.cs
 0.1 kb	 0.0% Packages/com.unity.inputsystem/InputSystem/Editor/Internal/AdvancedDropdown/MultiLevelDataSource.cs
 0.1 kb	 0.0% Packages/com.unity.inputsystem/InputSystem/Editor/Internal/AdvancedDropdown/CallbackDataSource.cs
 0.1 kb	 0.0% Packages/com.unity.inputsystem/InputSystem/Editor/Internal/AdvancedDropdown/AdvancedDropdownItem.cs
 0.1 kb	 0.0% Packages/com.unity.inputsystem/InputSystem/Editor/Internal/AdvancedDropdown/AdvancedDropdownGUI.cs
 0.1 kb	 0.0% Packages/com.unity.inputsystem/InputSystem/Editor/InputParameterEditor.cs
 0.1 kb	 0.0% Packages/com.unity.inputsystem/InputSystem/Editor/DeviceSimulator/InputSystemPlugin.cs
 0.1 kb	 0.0% Packages/com.unity.inputsystem/InputSystem/Editor/Debugger/InputDebuggerWindow.cs
 0.1 kb	 0.0% Packages/com.unity.inputsystem/InputSystem/Editor/ControlPicker/InputControlPicker.cs
 0.1 kb	 0.0% Packages/com.unity.inputsystem/InputSystem/Editor/BuildPipeline/LinkFileGenerator.cs
 0.1 kb	 0.0% Packages/com.unity.inputsystem/InputSystem/Editor/AssetImporter/InputActionImporter.cs
 0.1 kb	 0.0% Packages/com.unity.inputsystem/InputSystem/Editor/AssetEditor/PropertiesViewBase.cs
 0.1 kb	 0.0% Packages/com.unity.inputsystem/InputSystem/Editor/AssetEditor/InputActionTreeView.cs
 0.1 kb	 0.0% Packages/com.unity.inputsystem/InputSystem/Editor/Analytics/InputEditorAnalytics.cs
 0.1 kb	 0.0% Packages/com.unity.inputsystem/InputSystem/Editor/Analytics/InputBuildAnalytic.cs
 0.1 kb	 0.0% Packages/com.unity.inputsystem/InputSystem/Devices/InputDeviceMatcher.cs
 0.1 kb	 0.0% Packages/com.unity.inputsystem/InputSystem/Devices/InputDeviceBuilder.cs
 0.1 kb	 0.0% Packages/com.unity.inputsystem/InputSystem/Devices/ITextInputReceiver.cs
 0.1 kb	 0.0% Packages/com.unity.inputsystem/InputSystem/Devices/IEventPreProcessor.cs
 0.1 kb	 0.0% Packages/com.unity.inputsystem/InputSystem/Devices/ICustomDeviceReset.cs
 0.1 kb	 0.0% Packages/com.unity.inputsystem/InputSystem/Devices/Commands/RequestSyncCommand.cs
 0.1 kb	 0.0% Packages/com.unity.inputsystem/InputSystem/Devices/Commands/RequestResetCommand.cs
 0.1 kb	 0.0% Packages/com.unity.inputsystem/InputSystem/Devices/Commands/QueryUserIdCommand.cs
 0.1 kb	 0.0% Packages/com.unity.inputsystem/InputSystem/Devices/Commands/QueryKeyNameCommand.cs
 0.1 kb	 0.0% Packages/com.unity.inputsystem/InputSystem/Devices/Commands/InputDeviceCommand.cs
 0.1 kb	 0.0% Packages/com.unity.inputsystem/InputSystem/Devices/Commands/EnableDeviceCommand.cs
 0.1 kb	 0.0% Packages/com.unity.inputsystem/InputSystem/Devices/Commands/DisableDeviceCommand.cs
 0.1 kb	 0.0% Packages/com.unity.inputsystem/InputSystem/Controls/TouchPressControl.cs
 0.1 kb	 0.0% Packages/com.unity.inputsystem/InputSystem/Controls/TouchPhaseControl.cs
 0.1 kb	 0.0% Packages/com.unity.inputsystem/InputSystem/Controls/QuaternionControl.cs
 0.1 kb	 0.0% Packages/com.unity.inputsystem/InputSystem/Controls/InputControlLayout.cs
 0.1 kb	 0.0% Packages/com.unity.inputsystem/InputSystem/Controls/InputControlExtensions.cs
 0.1 kb	 0.0% Packages/com.unity.inputsystem/InputSystem/Actions/InputInteractionContext.cs
 0.1 kb	 0.0% Packages/com.unity.inputsystem/InputSystem/Actions/InputBindingComposite.cs
 0.1 kb	 0.0% Packages/com.unity.inputsystem/InputSystem/Actions/IInputActionCollection.cs
 0.1 kb	 0.0% Packages/com.unity.collections/Unity.Collections/NativeNotBurstCompatible.cs
 0.1 kb	 0.0% Assets/UniWebView/Script/UniWebViewChannelMethod/UniWebViewChannelMethodHandleRequest.cs
 0.1 kb	 0.0% Assets/UniWebView/Script/UniWebViewAuthentication/UniWebViewAuthenticationFlowTwitter.cs
 0.1 kb	 0.0% Assets/UniWebView/Script/UniWebViewAuthentication/UniWebViewAuthenticationFlowGoogle.cs
 0.1 kb	 0.0% Assets/UniWebView/Script/UniWebViewAuthentication/UniWebViewAuthenticationFlowGitHub.cs
 0.1 kb	 0.0% Assets/UniWebView/Script/UniWebViewAuthentication/UniWebViewAuthenticationFlowFacebook.cs
 0.1 kb	 0.0% Assets/UniWebView/Script/UniWebViewAuthentication/UniWebViewAuthenticationFlowDiscord.cs
 0.1 kb	 0.0% Assets/UniWebView/Script/UniWebViewAuthentication/UniWebViewAuthenticationCommonFlow.cs
 0.1 kb	 0.0% Packages/com.unity.visualscripting/Runtime/VisualScripting.Core/Ensure/EnsureThat.ValueTypes.cs
 0.1 kb	 0.0% Packages/com.unity.visualscripting/Runtime/VisualScripting.Core/Ensure/EnsureThat.Reflection.cs
 0.1 kb	 0.0% Packages/com.unity.visualscripting/Runtime/VisualScripting.Core/Ensure/EnsureThat.Comparables.cs
 0.1 kb	 0.0% Packages/com.unity.visualscripting/Runtime/VisualScripting.Core/Ensure/EnsureThat.Collections.cs
 0.1 kb	 0.0% Packages/com.unity.visualscripting/Runtime/VisualScripting.Core/Dependencies/FullSerializer/fsSerializer.cs
 0.1 kb	 0.0% Packages/com.unity.visualscripting/Runtime/VisualScripting.Core/Dependencies/FullSerializer/fsJsonParser.cs
 0.1 kb	 0.0% Packages/com.unity.visualscripting/Runtime/VisualScripting.Core/Dependencies/FullSerializer/fsConverter.cs
 0.1 kb	 0.0% Packages/com.unity.visualscripting/Runtime/VisualScripting.Core/Dependencies/FullSerializer/fsContext.cs
 0.1 kb	 0.0% Packages/com.unity.visualscripting/Runtime/VisualScripting.Core/Dependencies/FullSerializer/Reflection/fsTypeCache.cs
 0.1 kb	 0.0% Packages/com.unity.visualscripting/Runtime/VisualScripting.Core/Dependencies/FullSerializer/Reflection/fsMetaType.cs
 0.1 kb	 0.0% Packages/com.unity.ugui/Runtime/UGUI/EventSystem/UIElements/WorldDocumentRaycaster.cs
 0.1 kb	 0.0% Packages/com.unity.ugui/Runtime/UGUI/EventSystem/InputModules/StandaloneInputModule.cs
 0.1 kb	 0.0% Packages/com.unity.render-pipelines.universal/Runtime/StpUtils.cs
 0.1 kb	 0.0% Packages/com.unity.render-pipelines.universal/Runtime/RendererFeatures/OnTilePostProcessPass.cs
 0.1 kb	 0.0% Packages/com.unity.render-pipelines.universal/Runtime/RendererFeatures/OnTilePostProcessFeature.cs
 0.1 kb	 0.0% Packages/com.unity.render-pipelines.universal/Runtime/Overrides/Vignette.cs
 0.1 kb	 0.0% Packages/com.unity.render-pipelines.universal/Runtime/Overrides/Bloom.cs
 0.1 kb	 0.0% Packages/com.unity.render-pipelines.core/Runtime/XR/XRView.cs
 0.1 kb	 0.0% Packages/com.unity.render-pipelines.core/Runtime/XR/XRSystem.cs
 0.1 kb	 0.0% Packages/com.unity.render-pipelines.core/Runtime/XR/XRPass.cs
 0.1 kb	 0.0% Packages/com.unity.render-pipelines.core/Runtime/XR/XRLayout.cs
 0.1 kb	 0.0% Packages/com.unity.render-pipelines.core/Runtime/UnifiedRayTracing/StringIDs.cs
 0.1 kb	 0.0% Packages/com.unity.render-pipelines.core/Runtime/UnifiedRayTracing/Compute/RadeonRays/RadixSort.cs
 0.1 kb	 0.0% Packages/com.unity.render-pipelines.core/Runtime/UnifiedRayTracing/Compute/RadeonRays/HlbvhBuilder.cs
 0.1 kb	 0.0% Packages/com.unity.render-pipelines.core/Runtime/UnifiedRayTracing/Common/Utilities/Utils.cs
 0.1 kb	 0.0% Packages/com.unity.render-pipelines.core/Runtime/GPUDriven/BatchLayers.cs
 0.1 kb	 0.0% Packages/com.unity.render-pipelines.core/Runtime/Debugging/DebugUI.Containers.cs
 0.1 kb	 0.0% Packages/com.unity.multiplayer.center/Common/AnswerData.cs
 0.1 kb	 0.0% Packages/com.unity.inputsystem/InputSystem/Utilities/StringHelpers.cs
 0.1 kb	 0.0% Packages/com.unity.inputsystem/InputSystem/Utilities/SpriteUtilities.cs
 0.1 kb	 0.0% Packages/com.unity.inputsystem/InputSystem/Utilities/PrimitiveValue.cs
 0.1 kb	 0.0% Packages/com.unity.inputsystem/InputSystem/Utilities/PredictiveParser.cs
 0.1 kb	 0.0% Packages/com.unity.inputsystem/InputSystem/Utilities/NumberHelpers.cs
 0.1 kb	 0.0% Packages/com.unity.inputsystem/InputSystem/Utilities/MemoryHelpers.cs
 0.1 kb	 0.0% Packages/com.unity.inputsystem/InputSystem/Utilities/InternedString.cs
 0.1 kb	 0.0% Packages/com.unity.inputsystem/InputSystem/Utilities/ExceptionHelpers.cs
 0.1 kb	 0.0% Packages/com.unity.inputsystem/InputSystem/Utilities/DelegateHelpers.cs
 0.1 kb	 0.0% Packages/com.unity.inputsystem/InputSystem/Plugins/iOS/iOSStepCounter.cs
 0.1 kb	 0.0% Packages/com.unity.inputsystem/InputSystem/Plugins/XR/TrackedPoseDriver.cs
 0.1 kb	 0.0% Packages/com.unity.inputsystem/InputSystem/Plugins/XR/Haptics/BufferedRumble.cs
 0.1 kb	 0.0% Packages/com.unity.inputsystem/InputSystem/Plugins/UI/VirtualMouseInput.cs
 0.1 kb	 0.0% Packages/com.unity.inputsystem/InputSystem/Plugins/UI/INavigationEventData.cs
 0.1 kb	 0.0% Packages/com.unity.inputsystem/InputSystem/Plugins/UI/BaseInputOverride.cs
 0.1 kb	 0.0% Packages/com.unity.inputsystem/InputSystem/Plugins/DualShock/DualShockSupport.cs
 0.1 kb	 0.0% Packages/com.unity.inputsystem/InputSystem/Plugins/DualShock/DualShockGamepad.cs
 0.1 kb	 0.0% Packages/com.unity.inputsystem/InputSystem/Controls/Processors/ScaleProcessor.cs
 0.1 kb	 0.0% Packages/com.unity.inputsystem/InputSystem/Controls/Processors/InvertProcessor.cs
 0.1 kb	 0.0% Packages/com.unity.inputsystem/InputSystem/Controls/Processors/ClampProcessor.cs
 0.1 kb	 0.0% Packages/com.unity.inputsystem/InputSystem/Actions/Interactions/TapInteraction.cs
 0.1 kb	 0.0% Packages/com.unity.inputsystem/InputSystem/Actions/Interactions/PressInteraction.cs
 0.1 kb	 0.0% Packages/com.unity.inputsystem/InputSystem/Actions/Interactions/HoldInteraction.cs
 0.1 kb	 0.0% Packages/com.unity.inputsystem/InputSystem/Actions/InputActionTrace.cs
 0.1 kb	 0.0% Packages/com.unity.inputsystem/InputSystem/Actions/Composites/Vector3Composite.cs
 0.1 kb	 0.0% Packages/com.unity.inputsystem/InputSystem/Actions/Composites/Vector2Composite.cs
 0.1 kb	 0.0% Packages/com.unity.inputsystem/InputSystem/Actions/Composites/AxisComposite.cs
 0.1 kb	 0.0% Packages/com.unity.collections/Unity.Collections/UnsafeBitArray.cs
 0.1 kb	 0.0% Packages/com.unity.collections/Unity.Collections/UTF8ArrayUnsafeUtility.cs
 0.1 kb	 0.0% Packages/com.unity.collections/Unity.Collections/StreamCompressionModel.cs
 0.1 kb	 0.0% Packages/com.unity.collections/Unity.Collections/NativeArrayExtensions.cs
 0.1 kb	 0.0% Packages/com.unity.collections/Unity.Collections/FixedStringInternalMethods.cs
 0.1 kb	 0.0% Packages/com.unity.collections/Unity.Collections/FixedStringFormatMethods.gen.cs
 0.1 kb	 0.0% Packages/com.unity.burst/Runtime/CompilerServices/SkipLocalsInitAttribute.cs
 0.1 kb	 0.0% Packages/com.unity.burst/Runtime/CompilerServices/IgnoreWarningAttribute.cs
 0.1 kb	 0.0% Packages/com.unity.ai.navigation/Runtime/NavMeshModifierVolume.cs
 0.1 kb	 0.0% Assets/UniWebView/Script/UniWebViewSafeBrowsingMetadata.cs
 0.1 kb	 0.0% Packages/com.unity.visualscripting/Runtime/VisualScripting.State/Units/SetStateGraph.cs
 0.1 kb	 0.0% Packages/com.unity.visualscripting/Runtime/VisualScripting.State/Units/GetStateGraphs.cs
 0.1 kb	 0.0% Packages/com.unity.visualscripting/Runtime/VisualScripting.State/Units/GetStateGraph.cs
 0.1 kb	 0.0% Packages/com.unity.visualscripting/Runtime/VisualScripting.State/StateTransition.cs
 0.1 kb	 0.0% Packages/com.unity.visualscripting/Runtime/VisualScripting.State/StateGraphData.cs
 0.1 kb	 0.0% Packages/com.unity.visualscripting/Runtime/VisualScripting.State/StateGraphAsset.cs
 0.1 kb	 0.0% Packages/com.unity.visualscripting/Runtime/VisualScripting.State/StateEventHooks.cs
 0.1 kb	 0.0% Packages/com.unity.visualscripting/Runtime/VisualScripting.State/IStateTransition.cs
 0.1 kb	 0.0% Packages/com.unity.visualscripting/Runtime/VisualScripting.State/IStateDebugData.cs
 0.1 kb	 0.0% Packages/com.unity.visualscripting/Runtime/VisualScripting.State/Framework/Graph/HasStateGraph.cs
 0.1 kb	 0.0% Packages/com.unity.visualscripting/Runtime/VisualScripting.Flow/UnitPreservation.cs
 0.1 kb	 0.0% Packages/com.unity.visualscripting/Runtime/VisualScripting.Flow/ScriptMachine.cs
 0.1 kb	 0.0% Packages/com.unity.visualscripting/Runtime/VisualScripting.Flow/ScriptGraphAsset.cs
 0.1 kb	 0.0% Packages/com.unity.visualscripting/Runtime/VisualScripting.Flow/Ports/InvalidOutput.cs
 0.1 kb	 0.0% Packages/com.unity.visualscripting/Runtime/VisualScripting.Flow/Ports/IUnitValuePort.cs
 0.1 kb	 0.0% Packages/com.unity.visualscripting/Runtime/VisualScripting.Flow/Ports/IUnitOutputPort.cs
 0.1 kb	 0.0% Packages/com.unity.visualscripting/Runtime/VisualScripting.Flow/Ports/IUnitInvalidPort.cs
 0.1 kb	 0.0% Packages/com.unity.visualscripting/Runtime/VisualScripting.Flow/Ports/IUnitInputPort.cs
 0.1 kb	 0.0% Packages/com.unity.visualscripting/Runtime/VisualScripting.Flow/Ports/IUnitControlPort.cs
 0.1 kb	 0.0% Packages/com.unity.visualscripting/Runtime/VisualScripting.Flow/Ports/ControlOutput.cs
 0.1 kb	 0.0% Packages/com.unity.visualscripting/Runtime/VisualScripting.Flow/MultiInputUnit.cs
 0.1 kb	 0.0% Packages/com.unity.visualscripting/Runtime/VisualScripting.Flow/IUnitDebugData.cs
 0.1 kb	 0.0% Packages/com.unity.visualscripting/Runtime/VisualScripting.Flow/Framework/Variables/SaveVariables.cs
 0.1 kb	 0.0% Packages/com.unity.visualscripting/Runtime/VisualScripting.Flow/Framework/Variables/Obsolete/SetVariableUnit.cs
 0.1 kb	 0.0% Packages/com.unity.visualscripting/Runtime/VisualScripting.Flow/Framework/Variables/Obsolete/SetSceneVariable.cs
 0.1 kb	 0.0% Packages/com.unity.visualscripting/Runtime/VisualScripting.Flow/Framework/Variables/Obsolete/SetSavedVariable.cs
 0.1 kb	 0.0% Packages/com.unity.visualscripting/Runtime/VisualScripting.Flow/Framework/Variables/Obsolete/SetGraphVariable.cs
 0.1 kb	 0.0% Packages/com.unity.visualscripting/Runtime/VisualScripting.Flow/Framework/Variables/Obsolete/IVariableUnit.cs
 0.1 kb	 0.0% Packages/com.unity.visualscripting/Runtime/VisualScripting.Flow/Framework/Variables/Obsolete/GetVariableUnit.cs
 0.1 kb	 0.0% Packages/com.unity.visualscripting/Runtime/VisualScripting.Flow/Framework/Variables/Obsolete/GetSceneVariable.cs
 0.1 kb	 0.0% Packages/com.unity.visualscripting/Runtime/VisualScripting.Flow/Framework/Variables/Obsolete/GetSavedVariable.cs
 0.1 kb	 0.0% Packages/com.unity.visualscripting/Runtime/VisualScripting.Flow/Framework/Variables/Obsolete/GetGraphVariable.cs
 0.1 kb	 0.0% Packages/com.unity.visualscripting/Runtime/VisualScripting.Flow/Framework/Time/WaitWhileUnit.cs
 0.1 kb	 0.0% Packages/com.unity.visualscripting/Runtime/VisualScripting.Flow/Framework/Time/WaitUntilUnit.cs
 0.1 kb	 0.0% Packages/com.unity.visualscripting/Runtime/VisualScripting.Flow/Framework/Math/Vector4/Vector4Subtract.cs
 0.1 kb	 0.0% Packages/com.unity.visualscripting/Runtime/VisualScripting.Flow/Framework/Math/Vector4/Vector4PerSecond.cs
 0.1 kb	 0.0% Packages/com.unity.visualscripting/Runtime/VisualScripting.Flow/Framework/Math/Vector4/Vector4Normalize.cs
 0.1 kb	 0.0% Packages/com.unity.visualscripting/Runtime/VisualScripting.Flow/Framework/Math/Vector4/Vector4Multiply.cs
 0.1 kb	 0.0% Packages/com.unity.visualscripting/Runtime/VisualScripting.Flow/Framework/Math/Vector4/Vector4Modulo.cs
 0.1 kb	 0.0% Packages/com.unity.visualscripting/Runtime/VisualScripting.Flow/Framework/Math/Vector4/Vector4Minimum.cs
 0.1 kb	 0.0% Packages/com.unity.visualscripting/Runtime/VisualScripting.Flow/Framework/Math/Vector4/Vector4Maximum.cs
 0.1 kb	 0.0% Packages/com.unity.visualscripting/Runtime/VisualScripting.Flow/Framework/Math/Vector4/Vector4Divide.cs
 0.1 kb	 0.0% Packages/com.unity.visualscripting/Runtime/VisualScripting.Flow/Framework/Math/Vector4/Vector4Distance.cs
 0.1 kb	 0.0% Packages/com.unity.visualscripting/Runtime/VisualScripting.Flow/Framework/Math/Vector4/Vector4Average.cs
 0.1 kb	 0.0% Packages/com.unity.visualscripting/Runtime/VisualScripting.Flow/Framework/Math/Vector4/Vector4Absolute.cs
 0.1 kb	 0.0% Packages/com.unity.visualscripting/Runtime/VisualScripting.Flow/Framework/Math/Vector3/Vector3Subtract.cs
 0.1 kb	 0.0% Packages/com.unity.visualscripting/Runtime/VisualScripting.Flow/Framework/Math/Vector3/Vector3Project.cs
 0.1 kb	 0.0% Packages/com.unity.visualscripting/Runtime/VisualScripting.Flow/Framework/Math/Vector3/Vector3PerSecond.cs
 0.1 kb	 0.0% Packages/com.unity.visualscripting/Runtime/VisualScripting.Flow/Framework/Math/Vector3/Vector3Normalize.cs
 0.1 kb	 0.0% Packages/com.unity.visualscripting/Runtime/VisualScripting.Flow/Framework/Math/Vector3/Vector3Multiply.cs
 0.1 kb	 0.0% Packages/com.unity.visualscripting/Runtime/VisualScripting.Flow/Framework/Math/Vector3/Vector3Modulo.cs
 0.1 kb	 0.0% Packages/com.unity.visualscripting/Runtime/VisualScripting.Flow/Framework/Math/Vector3/Vector3Minimum.cs
 0.1 kb	 0.0% Packages/com.unity.visualscripting/Runtime/VisualScripting.Flow/Framework/Math/Vector3/Vector3Maximum.cs
 0.1 kb	 0.0% Packages/com.unity.visualscripting/Runtime/VisualScripting.Flow/Framework/Math/Vector3/Vector3Divide.cs
 0.1 kb	 0.0% Packages/com.unity.visualscripting/Runtime/VisualScripting.Flow/Framework/Math/Vector3/Vector3Distance.cs
 0.1 kb	 0.0% Packages/com.unity.visualscripting/Runtime/VisualScripting.Flow/Framework/Math/Vector3/Vector3Average.cs
 0.1 kb	 0.0% Packages/com.unity.visualscripting/Runtime/VisualScripting.Flow/Framework/Math/Vector3/Vector3Absolute.cs
 0.1 kb	 0.0% Packages/com.unity.visualscripting/Runtime/VisualScripting.Flow/Framework/Math/Vector2/Vector2Subtract.cs
 0.1 kb	 0.0% Packages/com.unity.visualscripting/Runtime/VisualScripting.Flow/Framework/Math/Vector2/Vector2Project.cs
 0.1 kb	 0.0% Packages/com.unity.visualscripting/Runtime/VisualScripting.Flow/Framework/Math/Vector2/Vector2PerSecond.cs
 0.1 kb	 0.0% Packages/com.unity.visualscripting/Runtime/VisualScripting.Flow/Framework/Math/Vector2/Vector2Normalize.cs
 0.1 kb	 0.0% Packages/com.unity.visualscripting/Runtime/VisualScripting.Flow/Framework/Math/Vector2/Vector2Multiply.cs
 0.1 kb	 0.0% Packages/com.unity.visualscripting/Runtime/VisualScripting.Flow/Framework/Math/Vector2/Vector2Modulo.cs
 0.1 kb	 0.0% Packages/com.unity.visualscripting/Runtime/VisualScripting.Flow/Framework/Math/Vector2/Vector2Minimum.cs
 0.1 kb	 0.0% Packages/com.unity.visualscripting/Runtime/VisualScripting.Flow/Framework/Math/Vector2/Vector2Maximum.cs
 0.1 kb	 0.0% Packages/com.unity.visualscripting/Runtime/VisualScripting.Flow/Framework/Math/Vector2/Vector2Divide.cs
 0.1 kb	 0.0% Packages/com.unity.visualscripting/Runtime/VisualScripting.Flow/Framework/Math/Vector2/Vector2Distance.cs
 0.1 kb	 0.0% Packages/com.unity.visualscripting/Runtime/VisualScripting.Flow/Framework/Math/Vector2/Vector2Average.cs
 0.1 kb	 0.0% Packages/com.unity.visualscripting/Runtime/VisualScripting.Flow/Framework/Math/Vector2/Vector2Absolute.cs
 0.1 kb	 0.0% Packages/com.unity.visualscripting/Runtime/VisualScripting.Flow/Framework/Math/Scalar/ScalarSubtract.cs
 0.1 kb	 0.0% Packages/com.unity.visualscripting/Runtime/VisualScripting.Flow/Framework/Math/Scalar/ScalarPerSecond.cs
 0.1 kb	 0.0% Packages/com.unity.visualscripting/Runtime/VisualScripting.Flow/Framework/Math/Scalar/ScalarNormalize.cs
 0.1 kb	 0.0% Packages/com.unity.visualscripting/Runtime/VisualScripting.Flow/Framework/Math/Scalar/ScalarMultiply.cs
 0.1 kb	 0.0% Packages/com.unity.visualscripting/Runtime/VisualScripting.Flow/Framework/Math/Scalar/ScalarMinimum.cs
 0.1 kb	 0.0% Packages/com.unity.visualscripting/Runtime/VisualScripting.Flow/Framework/Math/Scalar/ScalarMaximum.cs
 0.1 kb	 0.0% Packages/com.unity.visualscripting/Runtime/VisualScripting.Flow/Framework/Math/Scalar/ScalarAverage.cs
 0.1 kb	 0.0% Packages/com.unity.visualscripting/Runtime/VisualScripting.Flow/Framework/Math/Scalar/ScalarAbsolute.cs
 0.1 kb	 0.0% Packages/com.unity.visualscripting/Runtime/VisualScripting.Flow/Framework/Math/Generic/GenericSubtract.cs
 0.1 kb	 0.0% Packages/com.unity.visualscripting/Runtime/VisualScripting.Flow/Framework/Math/Generic/GenericMultiply.cs
 0.1 kb	 0.0% Packages/com.unity.visualscripting/Runtime/VisualScripting.Flow/Framework/Math/Generic/GenericModulo.cs
 0.1 kb	 0.0% Packages/com.unity.visualscripting/Runtime/VisualScripting.Flow/Framework/Math/Generic/GenericDivide.cs
 0.1 kb	 0.0% Packages/com.unity.visualscripting/Runtime/VisualScripting.Flow/Framework/Logic/GreaterOrEqual.cs
 0.1 kb	 0.0% Packages/com.unity.visualscripting/Runtime/VisualScripting.Flow/Framework/Graph/SetScriptGraph.cs
 0.1 kb	 0.0% Packages/com.unity.visualscripting/Runtime/VisualScripting.Flow/Framework/Graph/HasScriptGraph.cs
 0.1 kb	 0.0% Packages/com.unity.visualscripting/Runtime/VisualScripting.Flow/Framework/Graph/GetScriptGraphs.cs
 0.1 kb	 0.0% Packages/com.unity.visualscripting/Runtime/VisualScripting.Flow/Framework/Graph/GetScriptGraph.cs
 0.1 kb	 0.0% Packages/com.unity.visualscripting/Runtime/VisualScripting.Flow/Framework/Events/Time/OnTimerElapsed.cs
 0.1 kb	 0.0% Packages/com.unity.visualscripting/Runtime/VisualScripting.Flow/Framework/Events/Rendering/OnBecameVisible.cs
 0.1 kb	 0.0% Packages/com.unity.visualscripting/Runtime/VisualScripting.Flow/Framework/Events/Physics2D/OnTriggerStay2D.cs
 0.1 kb	 0.0% Packages/com.unity.visualscripting/Runtime/VisualScripting.Flow/Framework/Events/Physics2D/OnTriggerExit2D.cs
 0.1 kb	 0.0% Packages/com.unity.visualscripting/Runtime/VisualScripting.Flow/Framework/Events/Physics2D/OnTriggerEnter2D.cs
 0.1 kb	 0.0% Packages/com.unity.visualscripting/Runtime/VisualScripting.Flow/Framework/Events/Physics2D/OnJointBreak2D.cs
 0.1 kb	 0.0% Packages/com.unity.visualscripting/Runtime/VisualScripting.Flow/Framework/Events/Physics/TriggerEventUnit.cs
 0.1 kb	 0.0% Packages/com.unity.visualscripting/Runtime/VisualScripting.Flow/Framework/Events/Physics/OnTriggerStay.cs
 0.1 kb	 0.0% Packages/com.unity.visualscripting/Runtime/VisualScripting.Flow/Framework/Events/Physics/OnTriggerExit.cs
 0.1 kb	 0.0% Packages/com.unity.visualscripting/Runtime/VisualScripting.Flow/Framework/Events/Physics/OnTriggerEnter.cs
 0.1 kb	 0.0% Packages/com.unity.visualscripting/Runtime/VisualScripting.Flow/Framework/Events/Physics/OnCollisionStay.cs
 0.1 kb	 0.0% Packages/com.unity.visualscripting/Runtime/VisualScripting.Flow/Framework/Events/Physics/OnCollisionExit.cs
 0.1 kb	 0.0% Packages/com.unity.visualscripting/Runtime/VisualScripting.Flow/Framework/Events/Physics/OnCollisionEnter.cs
 0.1 kb	 0.0% Packages/com.unity.visualscripting/Runtime/VisualScripting.Flow/Framework/Events/Input/OnKeyboardInput.cs
 0.1 kb	 0.0% Packages/com.unity.visualscripting/Runtime/VisualScripting.Flow/Framework/Events/Input/OnButtonInput.cs
 0.1 kb	 0.0% Packages/com.unity.visualscripting/Runtime/VisualScripting.Flow/Framework/Events/Input/IMouseEventUnit.cs
 0.1 kb	 0.0% Packages/com.unity.visualscripting/Runtime/VisualScripting.Flow/Framework/Events/GUI/PointerEventUnit.cs
 0.1 kb	 0.0% Packages/com.unity.visualscripting/Runtime/VisualScripting.Flow/Framework/Events/GUI/OnPointerExit.cs
 0.1 kb	 0.0% Packages/com.unity.visualscripting/Runtime/VisualScripting.Flow/Framework/Events/GUI/OnPointerEnter.cs
 0.1 kb	 0.0% Packages/com.unity.visualscripting/Runtime/VisualScripting.Flow/Framework/Events/GUI/OnPointerDown.cs
 0.1 kb	 0.0% Packages/com.unity.visualscripting/Runtime/VisualScripting.Flow/Framework/Events/GUI/OnPointerClick.cs
 0.1 kb	 0.0% Packages/com.unity.visualscripting/Runtime/VisualScripting.Flow/Framework/Events/GUI/OnButtonClick.cs
 0.1 kb	 0.0% Packages/com.unity.visualscripting/Runtime/VisualScripting.Flow/Framework/Events/CustomEventArgs.cs
 0.1 kb	 0.0% Packages/com.unity.visualscripting/Runtime/VisualScripting.Flow/Framework/Events/BoltUnityEvent.cs
 0.1 kb	 0.0% Packages/com.unity.visualscripting/Runtime/VisualScripting.Flow/Framework/Events/Animation/OnAnimatorMove.cs
 0.1 kb	 0.0% Packages/com.unity.visualscripting/Runtime/VisualScripting.Flow/Framework/Control/SwitchOnString.cs
 0.1 kb	 0.0% Packages/com.unity.visualscripting/Runtime/VisualScripting.Flow/Framework/Control/SwitchOnInteger.cs
 0.1 kb	 0.0% Packages/com.unity.visualscripting/Runtime/VisualScripting.Flow/Framework/Control/SelectOnString.cs
 0.1 kb	 0.0% Packages/com.unity.visualscripting/Runtime/VisualScripting.Flow/Framework/Control/SelectOnInteger.cs
 0.1 kb	 0.0% Packages/com.unity.visualscripting/Runtime/VisualScripting.Flow/Framework/Collections/Lists/RemoveListItemAt.cs
 0.1 kb	 0.0% Packages/com.unity.visualscripting/Runtime/VisualScripting.Flow/Framework/Collections/Lists/RemoveListItem.cs
 0.1 kb	 0.0% Packages/com.unity.visualscripting/Runtime/VisualScripting.Flow/Framework/Collections/Lists/ListContainsItem.cs
 0.1 kb	 0.0% Packages/com.unity.visualscripting/Runtime/VisualScripting.Flow/Framework/Collections/Lists/InsertListItem.cs
 0.1 kb	 0.0% Packages/com.unity.visualscripting/Runtime/VisualScripting.Flow/Framework/Collections/Dictionaries/CreateDictionary.cs
 0.1 kb	 0.0% Packages/com.unity.visualscripting/Runtime/VisualScripting.Flow/Framework/Collections/Dictionaries/ClearDictionary.cs
 0.1 kb	 0.0% Packages/com.unity.visualscripting/Runtime/VisualScripting.Flow/FlowGraphData.cs
 0.1 kb	 0.0% Packages/com.unity.visualscripting/Runtime/VisualScripting.Flow/EditorBinding/PortKeyAttribute.cs
 0.1 kb	 0.0% Packages/com.unity.visualscripting/Runtime/VisualScripting.Flow/Connections/ValueConnection.cs
 0.1 kb	 0.0% Packages/com.unity.visualscripting/Runtime/VisualScripting.Flow/Connections/IUnitRelation.cs
 0.1 kb	 0.0% Packages/com.unity.visualscripting/Runtime/VisualScripting.Flow/Connections/IUnitConnection.cs
 0.1 kb	 0.0% Packages/com.unity.visualscripting/Runtime/VisualScripting.Core/Variables/VariablesSaver.cs
 0.1 kb	 0.0% Packages/com.unity.visualscripting/Runtime/VisualScripting.Core/Variables/VariablesAsset.cs
 0.1 kb	 0.0% Packages/com.unity.visualscripting/Runtime/VisualScripting.Core/Variables/SceneVariables.cs
 0.1 kb	 0.0% Packages/com.unity.visualscripting/Runtime/VisualScripting.Core/Variables/SavedVariables.cs
 0.1 kb	 0.0% Packages/com.unity.visualscripting/Runtime/VisualScripting.Core/Variables/ObjectVariables.cs
 0.1 kb	 0.0% Packages/com.unity.visualscripting/Runtime/VisualScripting.Core/Utilities/StringUtility.cs
 0.1 kb	 0.0% Packages/com.unity.visualscripting/Runtime/VisualScripting.Core/Utilities/IInitializable.cs
 0.1 kb	 0.0% Packages/com.unity.visualscripting/Runtime/VisualScripting.Core/Utilities/IIdentifiable.cs
 0.1 kb	 0.0% Packages/com.unity.visualscripting/Runtime/VisualScripting.Core/Utilities/ExceptionUtility.cs
 0.1 kb	 0.0% Packages/com.unity.visualscripting/Runtime/VisualScripting.Core/Utilities/CoroutineRunner.cs
 0.1 kb	 0.0% Packages/com.unity.visualscripting/Runtime/VisualScripting.Core/Unity/LudiqBehaviour.cs
 0.1 kb	 0.0% Packages/com.unity.visualscripting/Runtime/VisualScripting.Core/Serialization/Serialization.cs
 0.1 kb	 0.0% Packages/com.unity.visualscripting/Runtime/VisualScripting.Core/Serialization/SerializableType.cs
 0.1 kb	 0.0% Packages/com.unity.visualscripting/Runtime/VisualScripting.Core/Serialization/DictionaryAsset.cs
 0.1 kb	 0.0% Packages/com.unity.visualscripting/Runtime/VisualScripting.Core/Serialization/Converters/Ray2DConverter.cs
 0.1 kb	 0.0% Packages/com.unity.visualscripting/Runtime/VisualScripting.Core/Reflection/RuntimeCodebase.cs
 0.1 kb	 0.0% Packages/com.unity.visualscripting/Runtime/VisualScripting.Core/Reflection/Operators/OperatorUtility.cs
 0.1 kb	 0.0% Packages/com.unity.visualscripting/Runtime/VisualScripting.Core/Reflection/Operators/OperatorHandler.cs
 0.1 kb	 0.0% Packages/com.unity.visualscripting/Runtime/VisualScripting.Core/Reflection/Operators/ModuloHandler.cs
 0.1 kb	 0.0% Packages/com.unity.visualscripting/Runtime/VisualScripting.Core/Reflection/Operators/LessThanHandler.cs
 0.1 kb	 0.0% Packages/com.unity.visualscripting/Runtime/VisualScripting.Core/Reflection/Operators/LeftShiftHandler.cs
 0.1 kb	 0.0% Packages/com.unity.visualscripting/Runtime/VisualScripting.Core/Reflection/Operators/IncrementHandler.cs
 0.1 kb	 0.0% Packages/com.unity.visualscripting/Runtime/VisualScripting.Core/Reflection/Operators/EqualityHandler.cs
 0.1 kb	 0.0% Packages/com.unity.visualscripting/Runtime/VisualScripting.Core/Reflection/Operators/DivisionHandler.cs
 0.1 kb	 0.0% Packages/com.unity.visualscripting/Runtime/VisualScripting.Core/Reflection/Operators/DecrementHandler.cs
 0.1 kb	 0.0% Packages/com.unity.visualscripting/Runtime/VisualScripting.Core/Reflection/Operators/AdditionHandler.cs
 0.1 kb	 0.0% Packages/com.unity.visualscripting/Runtime/VisualScripting.Core/Reflection/MemberUtility.cs
 0.1 kb	 0.0% Packages/com.unity.visualscripting/Runtime/VisualScripting.Core/Reflection/AttributeUtility.cs
 0.1 kb	 0.0% Packages/com.unity.visualscripting/Runtime/VisualScripting.Core/Profiling/ProfilingUtility.cs
 0.1 kb	 0.0% Packages/com.unity.visualscripting/Runtime/VisualScripting.Core/Profiling/ProfilingScope.cs
 0.1 kb	 0.0% Packages/com.unity.visualscripting/Runtime/VisualScripting.Core/Profiling/ProfiledSegment.cs
 0.1 kb	 0.0% Packages/com.unity.visualscripting/Runtime/VisualScripting.Core/Platforms/PlatformUtility.cs
 0.1 kb	 0.0% Packages/com.unity.visualscripting/Runtime/VisualScripting.Core/Platforms/IAotStubbable.cs
 0.1 kb	 0.0% Packages/com.unity.visualscripting/Runtime/VisualScripting.Core/Listeners/MessageListener.cs
 0.1 kb	 0.0% Packages/com.unity.visualscripting/Runtime/VisualScripting.Core/Graphs/IGraphElement.cs
 0.1 kb	 0.0% Packages/com.unity.visualscripting/Runtime/VisualScripting.Core/Graphs/IGraphDebugData.cs
 0.1 kb	 0.0% Packages/com.unity.visualscripting/Runtime/VisualScripting.Core/Graphs/GraphReference.cs
 0.1 kb	 0.0% Packages/com.unity.visualscripting/Runtime/VisualScripting.Core/Graphs/GraphInstances.cs
 0.1 kb	 0.0% Packages/com.unity.visualscripting/Runtime/VisualScripting.Core/Graphs/GraphDebugData.cs
 0.1 kb	 0.0% Packages/com.unity.visualscripting/Runtime/VisualScripting.Core/Events/IEventMachine.cs
 0.1 kb	 0.0% Packages/com.unity.visualscripting/Runtime/VisualScripting.Core/Events/EmptyEventArgs.cs
 0.1 kb	 0.0% Packages/com.unity.visualscripting/Runtime/VisualScripting.Core/Ensure/EnsureThat.Strings.cs
 0.1 kb	 0.0% Packages/com.unity.visualscripting/Runtime/VisualScripting.Core/Ensure/EnsureThat.Objects.cs
 0.1 kb	 0.0% Packages/com.unity.visualscripting/Runtime/VisualScripting.Core/Ensure/EnsureThat.Booleans.cs
 0.1 kb	 0.0% Packages/com.unity.visualscripting/Runtime/VisualScripting.Core/EditorBinding/TypeSetAttribute.cs
 0.1 kb	 0.0% Packages/com.unity.visualscripting/Runtime/VisualScripting.Core/Decorators/ValueAttribute.cs
 0.1 kb	 0.0% Packages/com.unity.visualscripting/Runtime/VisualScripting.Core/Collections/AotDictionary.cs
 0.1 kb	 0.0% Packages/com.unity.visualscripting/Runtime/VisualScripting.Core/Cloning/ISpecifiesCloner.cs
 0.1 kb	 0.0% Packages/com.unity.visualscripting/Runtime/VisualScripting.Core/Cloning/CloningContext.cs
 0.1 kb	 0.0% Packages/com.unity.visualscripting/Runtime/VisualScripting.Core/Cloning/Cloners/ReflectedCloner.cs
 0.1 kb	 0.0% Packages/com.unity.visualscripting/Runtime/VisualScripting.Core/Cloning/Cloners/GradientCloner.cs
 0.1 kb	 0.0% Packages/com.unity.visualscripting/Runtime/VisualScripting.Core/Cloning/Cloners/EnumerableCloner.cs
 0.1 kb	 0.0% Packages/com.unity.visualscripting/Runtime/VisualScripting.Core/Cloning/Cloners/DictionaryCloner.cs
 0.1 kb	 0.0% Packages/com.unity.ugui/Runtime/TMP/TMP_ScrollbarEventHandler.cs
 0.1 kb	 0.0% Packages/com.unity.ugui/Runtime/TMP/TMP_PackageResourceImporter.cs
 0.1 kb	 0.0% Packages/com.unity.ugui/Runtime/InternalBridge/ObjectUtilsBridge.cs
 0.1 kb	 0.0% Packages/com.unity.timeline/Runtime/Utilities/TimelineCreateUtilities.cs
 0.1 kb	 0.0% Packages/com.unity.timeline/Runtime/Utilities/TimelineClipExtensions.cs
 0.1 kb	 0.0% Packages/com.unity.timeline/Runtime/Utilities/NotificationUtilities.cs
 0.1 kb	 0.0% Packages/com.unity.timeline/Runtime/Playables/PrefabControlPlayable.cs
 0.1 kb	 0.0% Packages/com.unity.timeline/Runtime/Playables/ParticleControlPlayable.cs
 0.1 kb	 0.0% Packages/com.unity.timeline/Runtime/Playables/DirectorControlPlayable.cs
 0.1 kb	 0.0% Packages/com.unity.timeline/Runtime/Events/Signals/CustomSignalEventDrawer.cs
 0.1 kb	 0.0% Packages/com.unity.timeline/Runtime/Attributes/TimelineHelpURLAttribute.cs
 0.1 kb	 0.0% Packages/com.unity.timeline/Runtime/Animation/AnimationPlayableAsset.cs
 0.1 kb	 0.0% Packages/com.unity.timeline/Runtime/Activation/ActivationPlayableAsset.cs
 0.1 kb	 0.0% Packages/com.unity.timeline/Runtime/Activation/ActivationMixerPlayable.cs
 0.1 kb	 0.0% Packages/com.unity.render-pipelines.core/Runtime/Vrs/VrsShaders.cs
 0.1 kb	 0.0% Packages/com.unity.render-pipelines.core/Runtime/Vrs/VrsResources.cs
 0.1 kb	 0.0% Packages/com.unity.render-pipelines.core/Runtime/Volume/VolumeStack.cs
 0.1 kb	 0.0% Packages/com.unity.render-pipelines.core/Runtime/Utilities/TextureCurve.cs
 0.1 kb	 0.0% Packages/com.unity.render-pipelines.core/Runtime/Utilities/MeshGizmo.cs
 0.1 kb	 0.0% Packages/com.unity.render-pipelines.core/Runtime/Utilities/HashFNV1A32.cs
 0.1 kb	 0.0% Packages/com.unity.render-pipelines.core/Runtime/Utilities/HableCurve.cs
 0.1 kb	 0.0% Packages/com.unity.render-pipelines.core/Runtime/Utilities/GPUPrefixSum/GPUPrefixSum.cs
 0.1 kb	 0.0% Packages/com.unity.render-pipelines.core/Runtime/Utilities/CoreUtils.cs
 0.1 kb	 0.0% Packages/com.unity.render-pipelines.core/Runtime/Utilities/ColorUtils.cs
 0.1 kb	 0.0% Packages/com.unity.render-pipelines.core/Runtime/Textures/TextureXR.cs
 0.1 kb	 0.0% Packages/com.unity.render-pipelines.core/Runtime/Textures/RTHandles.cs
 0.1 kb	 0.0% Packages/com.unity.render-pipelines.core/Runtime/Stripping/IStripper.cs
 0.1 kb	 0.0% Packages/com.unity.render-pipelines.core/Runtime/ShaderLibrary/Sampling/Hammersley.cs
 0.1 kb	 0.0% Packages/com.unity.render-pipelines.core/Runtime/Lighting/ProbeVolume/ProbeVolume.cs
 0.1 kb	 0.0% Packages/com.unity.render-pipelines.core/Runtime/GPUDriven/FrustumPlanes.cs
 0.1 kb	 0.0% Packages/com.unity.render-pipelines.core/Runtime/Debugging/Prefabs/Scripts/UIFoldout.cs
 0.1 kb	 0.0% Packages/com.unity.render-pipelines.core/Runtime/Debugging/DebugUpdater.cs
 0.1 kb	 0.0% Packages/com.unity.render-pipelines.core/Runtime/Debugging/DebugUI.Panel.cs
 0.1 kb	 0.0% Packages/com.unity.render-pipelines.core/Runtime/Debugging/DebugUI.Fields.cs
 0.1 kb	 0.0% Packages/com.unity.render-pipelines.core/Runtime/Debugging/DebugShapes.cs
 0.1 kb	 0.0% Packages/com.unity.render-pipelines.core/Runtime/Debugging/DebugOverlay.cs
 0.1 kb	 0.0% Packages/com.unity.render-pipelines.core/Runtime/Debugging/DebugManager.cs
 0.1 kb	 0.0% Packages/com.unity.render-pipelines.core/Runtime/Camera/FreeCamera.cs
 0.1 kb	 0.0% Packages/com.unity.mathematics/Unity.Mathematics/PropertyAttributes.cs
 0.1 kb	 0.0% Packages/com.unity.inputsystem/InputSystem/State/InputStateBlock.cs
 0.1 kb	 0.0% Packages/com.unity.inputsystem/InputSystem/Plugins/iOS/iOSPostProcessBuild.cs
 0.1 kb	 0.0% Packages/com.unity.inputsystem/InputSystem/Plugins/XInput/XboxGamepadMacOS.cs
 0.1 kb	 0.0% Packages/com.unity.inputsystem/InputSystem/Plugins/XInput/XInputSupport.cs
 0.1 kb	 0.0% Packages/com.unity.inputsystem/InputSystem/Plugins/XInput/XInputController.cs
 0.1 kb	 0.0% Packages/com.unity.inputsystem/InputSystem/Plugins/XInput/IXboxOneRumble.cs
 0.1 kb	 0.0% Packages/com.unity.inputsystem/InputSystem/Plugins/WebGL/WebGLJoystick.cs
 0.1 kb	 0.0% Packages/com.unity.inputsystem/InputSystem/Plugins/UnityRemote/UnityRemoteSupport.cs
 0.1 kb	 0.0% Packages/com.unity.inputsystem/InputSystem/Plugins/Switch/SwitchSupportHID.cs
 0.1 kb	 0.0% Packages/com.unity.inputsystem/InputSystem/Plugins/PlayerInput/PlayerInputManager.cs
 0.1 kb	 0.0% Packages/com.unity.inputsystem/InputSystem/Plugins/PlayerInput/DefaultInputActions.cs
 0.1 kb	 0.0% Packages/com.unity.inputsystem/InputSystem/Plugins/OnScreen/OnScreenSupport.cs
 0.1 kb	 0.0% Packages/com.unity.inputsystem/InputSystem/Plugins/OnScreen/OnScreenStick.cs
 0.1 kb	 0.0% Packages/com.unity.inputsystem/InputSystem/Plugins/OnScreen/OnScreenControl.cs
 0.1 kb	 0.0% Packages/com.unity.inputsystem/InputSystem/Plugins/OnScreen/OnScreenButton.cs
 0.1 kb	 0.0% Packages/com.unity.inputsystem/InputSystem/Plugins/Linux/SDLDeviceBuilder.cs
 0.1 kb	 0.0% Packages/com.unity.inputsystem/InputSystem/Plugins/EnhancedTouch/TouchHistory.cs
 0.1 kb	 0.0% Packages/com.unity.inputsystem/InputSystem/Plugins/Android/AndroidSupport.cs
 0.1 kb	 0.0% Packages/com.unity.inputsystem/InputSystem/InputSystemObject.cs
 0.1 kb	 0.0% Packages/com.unity.inputsystem/InputSystem/InputManagerStateMonitors.cs
 0.1 kb	 0.0% Packages/com.unity.inputsystem/InputSystem/InputFeatureNames.cs
 0.1 kb	 0.0% Packages/com.unity.inputsystem/InputSystem/IInputRuntime.cs
 0.1 kb	 0.0% Packages/com.unity.inputsystem/InputSystem/IInputDiagnostics.cs
 0.1 kb	 0.0% Packages/com.unity.inputsystem/InputSystem/Events/InputEventTrace.cs
 0.1 kb	 0.0% Packages/com.unity.inputsystem/InputSystem/Events/InputEventStream.cs
 0.1 kb	 0.0% Packages/com.unity.inputsystem/InputSystem/Events/InputEventPtr.cs
 0.1 kb	 0.0% Packages/com.unity.inputsystem/InputSystem/Events/InputEventBuffer.cs
 0.1 kb	 0.0% Packages/com.unity.inputsystem/InputSystem/Events/DeviceResetEvent.cs
 0.1 kb	 0.0% Packages/com.unity.inputsystem/InputSystem/Events/DeltaStateEvent.cs
 0.1 kb	 0.0% Packages/com.unity.inputsystem/InputSystem/Editor/UITKAssetEditor/Views/PropertiesView.cs
 0.1 kb	 0.0% Packages/com.unity.inputsystem/InputSystem/Editor/UITKAssetEditor/Views/DropManipulator.cs
 0.1 kb	 0.0% Packages/com.unity.inputsystem/InputSystem/Editor/UITKAssetEditor/Views/CopyPasteHelper.cs
 0.1 kb	 0.0% Packages/com.unity.inputsystem/InputSystem/Editor/UITKAssetEditor/Views/ActionsTreeView.cs
 0.1 kb	 0.0% Packages/com.unity.inputsystem/InputSystem/Editor/UITKAssetEditor/Views/ActionMapsView.cs
 0.1 kb	 0.0% Packages/com.unity.inputsystem/InputSystem/Editor/UITKAssetEditor/StateContainer.cs
 0.1 kb	 0.0% Packages/com.unity.inputsystem/InputSystem/Editor/UITKAssetEditor/ExpressionUtils.cs
 0.1 kb	 0.0% Packages/com.unity.inputsystem/InputSystem/Editor/Internal/TreeViewHelpers.cs
 0.1 kb	 0.0% Packages/com.unity.inputsystem/InputSystem/Editor/Internal/InputStateWindow.cs
 0.1 kb	 0.0% Packages/com.unity.inputsystem/InputSystem/Editor/Internal/EditorHelpers.cs
 0.1 kb	 0.0% Packages/com.unity.inputsystem/InputSystem/Editor/Internal/AdvancedDropdown/AdvancedDropdown.cs
 0.1 kb	 0.0% Packages/com.unity.inputsystem/InputSystem/Editor/InputDiagnostics.cs
 0.1 kb	 0.0% Packages/com.unity.inputsystem/InputSystem/Devices/Haptics/IDualMotorRumble.cs
 0.1 kb	 0.0% Packages/com.unity.inputsystem/InputSystem/Devices/Haptics/DualMotorRumble.cs
 0.1 kb	 0.0% Packages/com.unity.inputsystem/InputSystem/Controls/Vector3Control.cs
 0.1 kb	 0.0% Packages/com.unity.inputsystem/InputSystem/Controls/Vector2Control.cs
 0.1 kb	 0.0% Packages/com.unity.inputsystem/InputSystem/Controls/IntegerControl.cs
 0.1 kb	 0.0% Packages/com.unity.inputsystem/InputSystem/Controls/DoubleControl.cs
 0.1 kb	 0.0% Packages/com.unity.inputsystem/InputSystem/Controls/ButtonControl.cs
 0.1 kb	 0.0% Packages/com.unity.inputsystem/InputSystem/Controls/AnyKeyControl.cs
 0.1 kb	 0.0% Packages/com.unity.inputsystem/InputSystem/Actions/InputControlScheme.cs
 0.1 kb	 0.0% Packages/com.unity.inputsystem/InputSystem/Actions/InputBindingResolver.cs
 0.1 kb	 0.0% Packages/com.unity.inputsystem/InputSystem/Actions/InputActionReference.cs
 0.1 kb	 0.0% Packages/com.unity.inputsystem/InputSystem/Actions/InputActionProperty.cs
 0.1 kb	 0.0% Packages/com.unity.inputsystem/InputSystem/Actions/IInputInteraction.cs
 0.1 kb	 0.0% Packages/com.unity.collections/Unity.Collections/UnsafeList.cs
 0.1 kb	 0.0% Packages/com.unity.collections/Unity.Collections/FixedStringParseMethods.cs
 0.1 kb	 0.0% Packages/com.unity.collections/Unity.Collections/FixedStringAppendMethods.cs
 0.1 kb	 0.0% Assets/UniWebView/Script/UniWebViewSnapshotTextureStream.cs
 0.1 kb	 0.0% Assets/UniWebView/Script/UniWebViewSafeBrowingComponent.cs
 0.1 kb	 0.0% Assets/UniWebView/Script/UniWebViewMainThreadDispatcher.cs
 0.1 kb	 0.0% Assets/UniWebView/Script/UniWebViewExternalActivityResult.cs
 0.1 kb	 0.0% Assets/UniWebView/Script/UniWebViewEmbeddedToolbarConfig.cs
 0.1 kb	 0.0% Assets/UniWebView/Script/UniWebViewChannelMethod/UniWebViewChannelMethodManager.cs
 0.1 kb	 0.0% Assets/UniWebView/Script/UniWebViewAuthentication/UniWebViewAuthenticationUtils.cs
 0.1 kb	 0.0% Assets/UniWebView/Script/UniWebViewAuthentication/UniWebViewAuthenticationSession.cs
 0.1 kb	 0.0% Assets/UniWebView/Script/UniWebViewAuthentication/UniWebViewAuthenticationFlowLine.cs
 0.1 kb	 0.0% Assets/UniWebView/Script/External/JsonUtilityExtension.cs
 0.1 kb	 0.0% Assets/UniWebView/Interface/UniWebViewAndroidStaticListener.cs
 0.1 kb	 0.0% Packages/com.unity.visualscripting/Runtime/VisualScripting.Core/Ensure/EnsureThat.Types.cs
 0.1 kb	 0.0% Packages/com.unity.visualscripting/Runtime/VisualScripting.Core/Ensure/EnsureThat.Guids.cs
 0.1 kb	 0.0% Packages/com.unity.visualscripting/Runtime/VisualScripting.Core/Dependencies/FullSerializer/fsResult.cs
 0.1 kb	 0.0% Packages/com.unity.visualscripting/Runtime/VisualScripting.Core/Dependencies/FullSerializer/fsData.cs
 0.1 kb	 0.0% Packages/com.unity.visualscripting/Runtime/VisualScripting.Core/Dependencies/FullSerializer/fsConfig.cs
 0.1 kb	 0.0% Packages/com.unity.ugui/Runtime/UGUI/UI/Core/Utility/ReflectionMethodsCache.cs
 0.1 kb	 0.0% Packages/com.unity.ugui/Runtime/UGUI/UI/Core/MultipleDisplayUtilities.cs
 0.1 kb	 0.0% Packages/com.unity.ugui/Runtime/UGUI/UI/Core/Layout/HorizontalLayoutGroup.cs
 0.1 kb	 0.0% Packages/com.unity.ugui/Runtime/UGUI/UI/Core/IGraphicEnabledDisabled.cs
 0.1 kb	 0.0% Packages/com.unity.ugui/Runtime/UGUI/UI/Core/GraphicRebuildTracker.cs
 0.1 kb	 0.0% Packages/com.unity.ugui/Runtime/UGUI/UI/Core/Culling/RectangularVertexClipper.cs
 0.1 kb	 0.0% Packages/com.unity.ugui/Runtime/UGUI/EventSystem/UIElements/PanelEventHandler.cs
 0.1 kb	 0.0% Packages/com.unity.ugui/Runtime/UGUI/EventSystem/Raycasters/Physics2DRaycaster.cs
 0.1 kb	 0.0% Packages/com.unity.ugui/Runtime/UGUI/EventSystem/InputModules/PointerInputModule.cs
 0.1 kb	 0.0% Packages/com.unity.timeline/Runtime/TimelinePlayable_Animation.cs
 0.1 kb	 0.0% Packages/com.unity.timeline/Runtime/TimelineAttributes.cs
 0.1 kb	 0.0% Packages/com.unity.timeline/Runtime/Playables/BasicScriptPlayable.cs
 0.1 kb	 0.0% Packages/com.unity.render-pipelines.core/ShaderLibrary/DummyShaderLibrary.cs
 0.1 kb	 0.0% Packages/com.unity.render-pipelines.core/Runtime/Utilities/GPUSort/GPUSort.Data.cs
 0.1 kb	 0.0% Packages/com.unity.render-pipelines.core/Runtime/Utilities/BitArray.cs
 0.1 kb	 0.0% Packages/com.unity.render-pipelines.core/Runtime/UnifiedRayTracing/Compute/RadeonRays/StringIDs.cs
 0.1 kb	 0.0% Packages/com.unity.render-pipelines.core/Runtime/UnifiedRayTracing/Compute/RadeonRays/Common.cs
 0.1 kb	 0.0% Packages/com.unity.render-pipelines.core/Runtime/UnifiedRayTracing/Compute/RadeonRays/BvhCheck.cs
 0.1 kb	 0.0% Packages/com.unity.render-pipelines.core/Runtime/Inputs/InputRegistering.cs
 0.1 kb	 0.0% Packages/com.unity.inputsystem/InputSystem/Utilities/TypeTable.cs
 0.1 kb	 0.0% Packages/com.unity.inputsystem/InputSystem/Utilities/TypeHelpers.cs
 0.1 kb	 0.0% Packages/com.unity.inputsystem/InputSystem/Utilities/Substring.cs
 0.1 kb	 0.0% Packages/com.unity.inputsystem/InputSystem/Utilities/SavedState.cs
 0.1 kb	 0.0% Packages/com.unity.inputsystem/InputSystem/Utilities/Observables/Observable.cs
 0.1 kb	 0.0% Packages/com.unity.inputsystem/InputSystem/Utilities/NamedValue.cs
 0.1 kb	 0.0% Packages/com.unity.inputsystem/InputSystem/Utilities/MiscHelpers.cs
 0.1 kb	 0.0% Packages/com.unity.inputsystem/InputSystem/Utilities/JsonParser.cs
 0.1 kb	 0.0% Packages/com.unity.inputsystem/InputSystem/Utilities/ArrayHelpers.cs
 0.1 kb	 0.0% Packages/com.unity.inputsystem/InputSystem/Plugins/iOS/InputSettingsiOS.cs
 0.1 kb	 0.0% Packages/com.unity.inputsystem/InputSystem/Plugins/XR/XRLayoutBuilder.cs
 0.1 kb	 0.0% Packages/com.unity.inputsystem/InputSystem/Plugins/UI/NavigationModel.cs
 0.1 kb	 0.0% Packages/com.unity.inputsystem/InputSystem/InputUpdateType.cs
 0.1 kb	 0.0% Packages/com.unity.collections/Unity.Collections/UnsafeText.cs
 0.1 kb	 0.0% Packages/com.unity.collections/Unity.Collections/UnsafeStream.cs
 0.1 kb	 0.0% Packages/com.unity.collections/Unity.Collections/RewindableAllocator.cs
 0.1 kb	 0.0% Packages/com.unity.collections/Unity.Collections/FixedStringMethods.cs
 0.1 kb	 0.0% Packages/com.unity.collections/Unity.Collections/AutoFreeAllocator.cs
 0.1 kb	 0.0% Packages/com.unity.burst/Runtime/CompilerServices/AssumeRangeAttribute.cs
 0.1 kb	 0.0% Packages/com.unity.visualscripting/Runtime/VisualScripting.State/SuperState.cs
 0.1 kb	 0.0% Packages/com.unity.visualscripting/Runtime/VisualScripting.State/StateUnit.cs
 0.1 kb	 0.0% Packages/com.unity.visualscripting/Runtime/VisualScripting.State/StateMachine.cs
 0.1 kb	 0.0% Packages/com.unity.visualscripting/Runtime/VisualScripting.State/StateGraph.cs
 0.1 kb	 0.0% Packages/com.unity.visualscripting/Runtime/VisualScripting.State/OnExitState.cs
 0.1 kb	 0.0% Packages/com.unity.visualscripting/Runtime/VisualScripting.State/OnEnterState.cs
 0.1 kb	 0.0% Packages/com.unity.visualscripting/Runtime/VisualScripting.State/INesterState.cs
 0.1 kb	 0.0% Packages/com.unity.visualscripting/Runtime/VisualScripting.State/FlowState.cs
 0.1 kb	 0.0% Packages/com.unity.visualscripting/Runtime/VisualScripting.Flow/UnitCategory.cs
 0.1 kb	 0.0% Packages/com.unity.visualscripting/Runtime/VisualScripting.Flow/SubgraphUnit.cs
 0.1 kb	 0.0% Packages/com.unity.visualscripting/Runtime/VisualScripting.Flow/Ports/ValueOutput.cs
 0.1 kb	 0.0% Packages/com.unity.visualscripting/Runtime/VisualScripting.Flow/Ports/ValueInput.cs
 0.1 kb	 0.0% Packages/com.unity.visualscripting/Runtime/VisualScripting.Flow/Ports/InvalidInput.cs
 0.1 kb	 0.0% Packages/com.unity.visualscripting/Runtime/VisualScripting.Flow/Ports/IUnitPort.cs
 0.1 kb	 0.0% Packages/com.unity.visualscripting/Runtime/VisualScripting.Flow/Ports/ControlInput.cs
 0.1 kb	 0.0% Packages/com.unity.visualscripting/Runtime/VisualScripting.Flow/INesterUnit.cs
 0.1 kb	 0.0% Packages/com.unity.visualscripting/Runtime/VisualScripting.Flow/Framework/Variables/SetVariable.cs
 0.1 kb	 0.0% Packages/com.unity.visualscripting/Runtime/VisualScripting.Flow/Framework/Variables/Obsolete/VariableUnit.cs
 0.1 kb	 0.0% Packages/com.unity.visualscripting/Runtime/VisualScripting.Flow/Framework/Variables/GetVariable.cs
 0.1 kb	 0.0% Packages/com.unity.visualscripting/Runtime/VisualScripting.Flow/Framework/Time/WaitForFlow.cs
 0.1 kb	 0.0% Packages/com.unity.visualscripting/Runtime/VisualScripting.Flow/Framework/Nulls/NullCoalesce.cs
 0.1 kb	 0.0% Packages/com.unity.visualscripting/Runtime/VisualScripting.Flow/Framework/Nulls/NullCheck.cs
 0.1 kb	 0.0% Packages/com.unity.visualscripting/Runtime/VisualScripting.Flow/Framework/Nesting/GraphOutput.cs
 0.1 kb	 0.0% Packages/com.unity.visualscripting/Runtime/VisualScripting.Flow/Framework/Nesting/GraphInput.cs
 0.1 kb	 0.0% Packages/com.unity.visualscripting/Runtime/VisualScripting.Flow/Framework/MissingType.cs
 0.1 kb	 0.0% Packages/com.unity.visualscripting/Runtime/VisualScripting.Flow/Framework/Math/Vector4/Vector4Sum.cs
 0.1 kb	 0.0% Packages/com.unity.visualscripting/Runtime/VisualScripting.Flow/Framework/Math/Vector4/Vector4Round.cs
 0.1 kb	 0.0% Packages/com.unity.visualscripting/Runtime/VisualScripting.Flow/Framework/Math/Vector4/Vector4Lerp.cs
 0.1 kb	 0.0% Packages/com.unity.visualscripting/Runtime/VisualScripting.Flow/Framework/Math/Vector3/Vector3Sum.cs
 0.1 kb	 0.0% Packages/com.unity.visualscripting/Runtime/VisualScripting.Flow/Framework/Math/Vector3/Vector3Round.cs
 0.1 kb	 0.0% Packages/com.unity.visualscripting/Runtime/VisualScripting.Flow/Framework/Math/Vector3/Vector3Lerp.cs
 0.1 kb	 0.0% Packages/com.unity.visualscripting/Runtime/VisualScripting.Flow/Framework/Math/Vector3/Vector3Angle.cs
 0.1 kb	 0.0% Packages/com.unity.visualscripting/Runtime/VisualScripting.Flow/Framework/Math/Vector2/Vector2Sum.cs
 0.1 kb	 0.0% Packages/com.unity.visualscripting/Runtime/VisualScripting.Flow/Framework/Math/Vector2/Vector2Round.cs
 0.1 kb	 0.0% Packages/com.unity.visualscripting/Runtime/VisualScripting.Flow/Framework/Math/Vector2/Vector2Lerp.cs
 0.1 kb	 0.0% Packages/com.unity.visualscripting/Runtime/VisualScripting.Flow/Framework/Math/Vector2/Vector2Angle.cs
 0.1 kb	 0.0% Packages/com.unity.visualscripting/Runtime/VisualScripting.Flow/Framework/Math/Scalar/ScalarSum.cs
 0.1 kb	 0.0% Packages/com.unity.visualscripting/Runtime/VisualScripting.Flow/Framework/Math/Scalar/ScalarRound.cs
 0.1 kb	 0.0% Packages/com.unity.visualscripting/Runtime/VisualScripting.Flow/Framework/Math/Scalar/ScalarRoot.cs
 0.1 kb	 0.0% Packages/com.unity.visualscripting/Runtime/VisualScripting.Flow/Framework/Math/Scalar/ScalarModulo.cs
 0.1 kb	 0.0% Packages/com.unity.visualscripting/Runtime/VisualScripting.Flow/Framework/Math/Scalar/ScalarLerp.cs
 0.1 kb	 0.0% Packages/com.unity.visualscripting/Runtime/VisualScripting.Flow/Framework/Math/Scalar/ScalarDivide.cs
 0.1 kb	 0.0% Packages/com.unity.visualscripting/Runtime/VisualScripting.Flow/Framework/Math/Generic/GenericSum.cs
 0.1 kb	 0.0% Packages/com.unity.visualscripting/Runtime/VisualScripting.Flow/Framework/Logic/LessOrEqual.cs
 0.1 kb	 0.0% Packages/com.unity.visualscripting/Runtime/VisualScripting.Flow/Framework/Logic/ExclusiveOr.cs
 0.1 kb	 0.0% Packages/com.unity.visualscripting/Runtime/VisualScripting.Flow/Framework/Logic/Comparison.cs
 0.1 kb	 0.0% Packages/com.unity.visualscripting/Runtime/VisualScripting.Flow/Framework/Events/Physics/OnJointBreak.cs
 0.1 kb	 0.0% Packages/com.unity.visualscripting/Runtime/VisualScripting.Flow/Framework/Events/Lifecycle/OnDisable.cs
 0.1 kb	 0.0% Packages/com.unity.visualscripting/Runtime/VisualScripting.Flow/Framework/Events/Lifecycle/OnDestroy.cs
 0.1 kb	 0.0% Packages/com.unity.visualscripting/Runtime/VisualScripting.Flow/Framework/Events/Lifecycle/LateUpdate.cs
 0.1 kb	 0.0% Packages/com.unity.visualscripting/Runtime/VisualScripting.Flow/Framework/Events/Lifecycle/FixedUpdate.cs
 0.1 kb	 0.0% Packages/com.unity.visualscripting/Runtime/VisualScripting.Flow/Framework/Events/Input/OnMouseUp.cs
 0.1 kb	 0.0% Packages/com.unity.visualscripting/Runtime/VisualScripting.Flow/Framework/Events/Input/OnMouseOver.cs
 0.1 kb	 0.0% Packages/com.unity.visualscripting/Runtime/VisualScripting.Flow/Framework/Events/Input/OnMouseInput.cs
 0.1 kb	 0.0% Packages/com.unity.visualscripting/Runtime/VisualScripting.Flow/Framework/Events/Input/OnMouseExit.cs
 0.1 kb	 0.0% Packages/com.unity.visualscripting/Runtime/VisualScripting.Flow/Framework/Events/Input/OnMouseEnter.cs
 0.1 kb	 0.0% Packages/com.unity.visualscripting/Runtime/VisualScripting.Flow/Framework/Events/Input/OnMouseDrag.cs
 0.1 kb	 0.0% Packages/com.unity.visualscripting/Runtime/VisualScripting.Flow/Framework/Events/Input/OnMouseDown.cs
 0.1 kb	 0.0% Packages/com.unity.visualscripting/Runtime/VisualScripting.Flow/Framework/Events/IEventUnit.cs
 0.1 kb	 0.0% Packages/com.unity.visualscripting/Runtime/VisualScripting.Flow/Framework/Events/GUI/OnPointerUp.cs
 0.1 kb	 0.0% Packages/com.unity.visualscripting/Runtime/VisualScripting.Flow/Framework/Events/GUI/OnEndDrag.cs
 0.1 kb	 0.0% Packages/com.unity.visualscripting/Runtime/VisualScripting.Flow/Framework/Events/GUI/OnDeselect.cs
 0.1 kb	 0.0% Packages/com.unity.visualscripting/Runtime/VisualScripting.Flow/Framework/Events/GUI/OnBeginDrag.cs
 0.1 kb	 0.0% Packages/com.unity.visualscripting/Runtime/VisualScripting.Flow/Framework/Events/Editor/OnDrawGizmos.cs
 0.1 kb	 0.0% Packages/com.unity.visualscripting/Runtime/VisualScripting.Flow/Framework/Events/CustomEvent.cs
 0.1 kb	 0.0% Packages/com.unity.visualscripting/Runtime/VisualScripting.Flow/Framework/Events/Animation/OnAnimatorIK.cs
 0.1 kb	 0.0% Packages/com.unity.visualscripting/Runtime/VisualScripting.Flow/Framework/Control/ToggleValue.cs
 0.1 kb	 0.0% Packages/com.unity.visualscripting/Runtime/VisualScripting.Flow/Framework/Control/ToggleFlow.cs
 0.1 kb	 0.0% Packages/com.unity.visualscripting/Runtime/VisualScripting.Flow/Framework/Control/SwitchOnEnum.cs
 0.1 kb	 0.0% Packages/com.unity.visualscripting/Runtime/VisualScripting.Flow/Framework/Control/SelectUnit_T.cs
 0.1 kb	 0.0% Packages/com.unity.visualscripting/Runtime/VisualScripting.Flow/Framework/Control/SelectUnit.cs
 0.1 kb	 0.0% Packages/com.unity.visualscripting/Runtime/VisualScripting.Flow/Framework/Control/SelectOnFlow.cs
 0.1 kb	 0.0% Packages/com.unity.visualscripting/Runtime/VisualScripting.Flow/Framework/Control/SelectOnEnum.cs
 0.1 kb	 0.0% Packages/com.unity.visualscripting/Runtime/VisualScripting.Flow/Framework/Control/ISelectUnit.cs
 0.1 kb	 0.0% Packages/com.unity.visualscripting/Runtime/VisualScripting.Flow/Framework/Control/IBranchUnit.cs
 0.1 kb	 0.0% Packages/com.unity.visualscripting/Runtime/VisualScripting.Flow/Framework/Collections/Lists/SetListItem.cs
 0.1 kb	 0.0% Packages/com.unity.visualscripting/Runtime/VisualScripting.Flow/Framework/Collections/Lists/MergeLists.cs
 0.1 kb	 0.0% Packages/com.unity.visualscripting/Runtime/VisualScripting.Flow/Framework/Collections/Lists/GetListItem.cs
 0.1 kb	 0.0% Packages/com.unity.visualscripting/Runtime/VisualScripting.Flow/Framework/Collections/Lists/CreateList.cs
 0.1 kb	 0.0% Packages/com.unity.visualscripting/Runtime/VisualScripting.Flow/Framework/Collections/Lists/ClearList.cs
 0.1 kb	 0.0% Packages/com.unity.visualscripting/Runtime/VisualScripting.Flow/Framework/Collections/Lists/AddListItem.cs
 0.1 kb	 0.0% Packages/com.unity.visualscripting/Runtime/VisualScripting.Flow/Framework/Collections/FirstItem.cs
 0.1 kb	 0.0% Packages/com.unity.visualscripting/Runtime/VisualScripting.Flow/Framework/Collections/CountItems.cs
 0.1 kb	 0.0% Packages/com.unity.visualscripting/Runtime/VisualScripting.Flow/Framework/Codebase/SetMember.cs
 0.1 kb	 0.0% Packages/com.unity.visualscripting/Runtime/VisualScripting.Flow/Framework/Codebase/MemberUnit.cs
 0.1 kb	 0.0% Packages/com.unity.visualscripting/Runtime/VisualScripting.Flow/Framework/Codebase/InvokeMember.cs
 0.1 kb	 0.0% Packages/com.unity.visualscripting/Runtime/VisualScripting.Flow/Framework/Codebase/GetMember.cs
 0.1 kb	 0.0% Packages/com.unity.visualscripting/Runtime/VisualScripting.Flow/Framework/Codebase/CreateStruct.cs
 0.1 kb	 0.0% Packages/com.unity.visualscripting/Runtime/VisualScripting.Flow/FlowGraph.cs
 0.1 kb	 0.0% Packages/com.unity.visualscripting/Runtime/VisualScripting.Flow/Connections/UnitRelation.cs
 0.1 kb	 0.0% Packages/com.unity.visualscripting/Runtime/VisualScripting.Core/Variables/Variables.cs
 0.1 kb	 0.0% Packages/com.unity.visualscripting/Runtime/VisualScripting.Core/Utilities/Recursion.cs
 0.1 kb	 0.0% Packages/com.unity.visualscripting/Runtime/VisualScripting.Core/Utilities/LinqUtility.cs
 0.1 kb	 0.0% Packages/com.unity.visualscripting/Runtime/VisualScripting.Core/Utilities/IGettable.cs
 0.1 kb	 0.0% Packages/com.unity.visualscripting/Runtime/VisualScripting.Core/Utilities/HashUtility.cs
 0.1 kb	 0.0% Packages/com.unity.visualscripting/Runtime/VisualScripting.Core/Utilities/EnumUtility.cs
 0.1 kb	 0.0% Packages/com.unity.visualscripting/Runtime/VisualScripting.Core/Unity/UnityThread.cs
 0.1 kb	 0.0% Packages/com.unity.visualscripting/Runtime/VisualScripting.Core/Unity/ISingleton.cs
 0.1 kb	 0.0% Packages/com.unity.visualscripting/Runtime/VisualScripting.Core/Unity/IGizmoDrawer.cs
 0.1 kb	 0.0% Packages/com.unity.visualscripting/Runtime/VisualScripting.Core/StickyNote/StickyNote.cs
 0.1 kb	 0.0% Packages/com.unity.visualscripting/Runtime/VisualScripting.Core/Serialization/Converters/RayConverter.cs
 0.1 kb	 0.0% Packages/com.unity.visualscripting/Runtime/VisualScripting.Core/Reflection/TypeUtility.cs
 0.1 kb	 0.0% Packages/com.unity.visualscripting/Runtime/VisualScripting.Core/Reflection/TypeFilter.cs
 0.1 kb	 0.0% Packages/com.unity.visualscripting/Runtime/VisualScripting.Core/Reflection/Optimization/InvokerBase.cs
 0.1 kb	 0.0% Packages/com.unity.visualscripting/Runtime/VisualScripting.Core/Reflection/Operators/PlusHandler.cs
 0.1 kb	 0.0% Packages/com.unity.visualscripting/Runtime/VisualScripting.Core/Reflection/Operators/OrHandler.cs
 0.1 kb	 0.0% Packages/com.unity.visualscripting/Runtime/VisualScripting.Core/Reflection/Operators/AndHandler.cs
 0.1 kb	 0.0% Packages/com.unity.visualscripting/Runtime/VisualScripting.Core/Reflection/Namespace.cs
 0.1 kb	 0.0% Packages/com.unity.visualscripting/Runtime/VisualScripting.Core/Reflection/MemberFilter.cs
 0.1 kb	 0.0% Packages/com.unity.visualscripting/Runtime/VisualScripting.Core/Reflection/IPrewarmable.cs
 0.1 kb	 0.0% Packages/com.unity.visualscripting/Runtime/VisualScripting.Core/Pooling/IPoolable.cs
 0.1 kb	 0.0% Packages/com.unity.visualscripting/Runtime/VisualScripting.Core/Groups/GraphGroup.cs
 0.1 kb	 0.0% Packages/com.unity.visualscripting/Runtime/VisualScripting.Core/Graphs/IGraphRoot.cs
 0.1 kb	 0.0% Packages/com.unity.visualscripting/Runtime/VisualScripting.Core/Graphs/IGraphParent.cs
 0.1 kb	 0.0% Packages/com.unity.visualscripting/Runtime/VisualScripting.Core/Graphs/IGraphNester.cs
 0.1 kb	 0.0% Packages/com.unity.visualscripting/Runtime/VisualScripting.Core/Graphs/IGraphNest.cs
 0.1 kb	 0.0% Packages/com.unity.visualscripting/Runtime/VisualScripting.Core/Graphs/IGraphItem.cs
 0.1 kb	 0.0% Packages/com.unity.visualscripting/Runtime/VisualScripting.Core/Graphs/IGraphData.cs
 0.1 kb	 0.0% Packages/com.unity.visualscripting/Runtime/VisualScripting.Core/Graphs/GraphStack.cs
 0.1 kb	 0.0% Packages/com.unity.visualscripting/Runtime/VisualScripting.Core/Graphs/GraphPointer.cs
 0.1 kb	 0.0% Packages/com.unity.visualscripting/Runtime/VisualScripting.Core/Exceptions/DebugUtility.cs
 0.1 kb	 0.0% Packages/com.unity.visualscripting/Runtime/VisualScripting.Core/Events/IEventGraph.cs
 0.1 kb	 0.0% Packages/com.unity.visualscripting/Runtime/VisualScripting.Core/Events/EventHooks.cs
 0.1 kb	 0.0% Packages/com.unity.visualscripting/Runtime/VisualScripting.Core/Events/EventHook.cs
 0.1 kb	 0.0% Packages/com.unity.visualscripting/Runtime/VisualScripting.Core/Ensure/Extensions/XComparable.cs
 0.1 kb	 0.0% Packages/com.unity.visualscripting/Runtime/VisualScripting.Core/Ensure/EnsureThat.cs
 0.1 kb	 0.0% Packages/com.unity.visualscripting/Runtime/VisualScripting.Core/Cloning/Cloners/ListCloner.cs
 0.1 kb	 0.0% Packages/com.unity.visualscripting/Runtime/VisualScripting.Core/Cloning/Cloners/FieldsCloner.cs
 0.1 kb	 0.0% Packages/com.unity.visualscripting/Runtime/VisualScripting.Core/Cloning/Cloners/ArrayCloner.cs
 0.1 kb	 0.0% Packages/com.unity.ugui/Runtime/UGUI/UI/Animation/CoroutineTween.cs
 0.1 kb	 0.0% Packages/com.unity.ugui/Runtime/UGUI/EventSystem/EventInterfaces.cs
 0.1 kb	 0.0% Packages/com.unity.ugui/Runtime/TMP/TMPro_ExtensionMethods.cs
 0.1 kb	 0.0% Packages/com.unity.ugui/Runtime/TMP/TMP_TextParsingUtilities.cs
 0.1 kb	 0.0% Packages/com.unity.ugui/Runtime/TMP/TMP_TextElement_Legacy.cs
 0.1 kb	 0.0% Packages/com.unity.ugui/Runtime/TMP/TMP_FontAssetUtilities.cs
 0.1 kb	 0.0% Packages/com.unity.ugui/Runtime/TMP/MaterialReferenceManager.cs
 0.1 kb	 0.0% Packages/com.unity.ugui/Runtime/TMP/FontFeatureCommonGSUB.cs
 0.1 kb	 0.0% Packages/com.unity.timeline/Runtime/Utilities/IPropertyCollector.cs
 0.1 kb	 0.0% Packages/com.unity.timeline/Runtime/Utilities/AnimatorBindingCache.cs
 0.1 kb	 0.0% Packages/com.unity.timeline/Runtime/Playables/TimeControlPlayable.cs
 0.1 kb	 0.0% Packages/com.unity.timeline/Runtime/Extensions/SelectionExtensions.cs
 0.1 kb	 0.0% Packages/com.unity.timeline/Runtime/Evaluation/ScheduleRuntimeClip.cs
 0.1 kb	 0.0% Packages/com.unity.timeline/Runtime/Evaluation/InfiniteRuntimeClip.cs
 0.1 kb	 0.0% Packages/com.unity.timeline/Runtime/Control/ControlPlayableAsset.cs
 0.1 kb	 0.0% Packages/com.unity.timeline/Runtime/Audio/AudioPlayableAsset.cs
 0.1 kb	 0.0% Packages/com.unity.timeline/Runtime/Audio/AudioMixerProperties.cs
 0.1 kb	 0.0% Packages/com.unity.timeline/Runtime/Audio/AudioClipProperties.cs
 0.1 kb	 0.0% Packages/com.unity.timeline/Runtime/Attributes/TrackColorAttribute.cs
 0.1 kb	 0.0% Packages/com.unity.render-pipelines.universal/Runtime/2D/Shadows/ShadowProvider/VertexDictionary.cs
 0.1 kb	 0.0% Packages/com.unity.render-pipelines.core/Runtime/Vrs/VrsLut.cs
 0.1 kb	 0.0% Packages/com.unity.render-pipelines.core/Runtime/Volume/Volume.cs
 0.1 kb	 0.0% Packages/com.unity.render-pipelines.core/Runtime/Volume/IVolume.cs
 0.1 kb	 0.0% Packages/com.unity.render-pipelines.core/Runtime/Utilities/GPUSort/GPUSort.cs
 0.1 kb	 0.0% Packages/com.unity.render-pipelines.core/Runtime/Utilities/FSRUtils.cs
 0.1 kb	 0.0% Packages/com.unity.render-pipelines.core/Runtime/Utilities/Blitter.cs
 0.1 kb	 0.0% Packages/com.unity.render-pipelines.core/Runtime/Textures/RTHandle.cs
 0.1 kb	 0.0% Packages/com.unity.render-pipelines.core/Runtime/Debugging/DebugUI.cs
 0.1 kb	 0.0% Packages/com.unity.inputsystem/InputSystem/Utilities/DynamicBitfield.cs
 0.1 kb	 0.0% Packages/com.unity.inputsystem/InputSystem/State/InputState.cs
 0.1 kb	 0.0% Packages/com.unity.inputsystem/InputSystem/Plugins/WebGL/WebGLSupport.cs
 0.1 kb	 0.0% Packages/com.unity.inputsystem/InputSystem/Plugins/WebGL/WebGLGamepad.cs
 0.1 kb	 0.0% Packages/com.unity.inputsystem/InputSystem/Plugins/Users/InputUser.cs
 0.1 kb	 0.0% Packages/com.unity.inputsystem/InputSystem/Plugins/Linux/LinuxSupport.cs
 0.1 kb	 0.0% Packages/com.unity.inputsystem/InputSystem/Plugins/EnhancedTouch/Touch.cs
 0.1 kb	 0.0% Packages/com.unity.inputsystem/InputSystem/Plugins/EnhancedTouch/Finger.cs
 0.1 kb	 0.0% Packages/com.unity.inputsystem/InputSystem/InputSettings.cs
 0.1 kb	 0.0% Packages/com.unity.inputsystem/InputSystem/InputMetrics.cs
 0.1 kb	 0.0% Packages/com.unity.inputsystem/InputSystem/InputExtensions.cs
 0.1 kb	 0.0% Packages/com.unity.inputsystem/InputSystem/InputAnalytics.cs
 0.1 kb	 0.0% Packages/com.unity.inputsystem/InputSystem/Events/TextEvent.cs
 0.1 kb	 0.0% Packages/com.unity.inputsystem/InputSystem/Events/StateEvent.cs
 0.1 kb	 0.0% Packages/com.unity.inputsystem/InputSystem/Events/InputEvent.cs
 0.1 kb	 0.0% Packages/com.unity.inputsystem/InputSystem/Events/ActionEvent.cs
 0.1 kb	 0.0% Packages/com.unity.inputsystem/InputSystem/Editor/UITKAssetEditor/Views/Selectors.cs
 0.1 kb	 0.0% Packages/com.unity.inputsystem/InputSystem/Editor/UITKAssetEditor/Views/ContextMenu.cs
 0.1 kb	 0.0% Packages/com.unity.inputsystem/InputSystem/Editor/Internal/GUIHelpers.cs
 0.1 kb	 0.0% Packages/com.unity.inputsystem/InputSystem/Devices/TrackedDevice.cs
 0.1 kb	 0.0% Packages/com.unity.inputsystem/InputSystem/Devices/Remote/InputRemoting.cs
 0.1 kb	 0.0% Packages/com.unity.inputsystem/InputSystem/Devices/Precompiled/FastTouchscreen.cs
 0.1 kb	 0.0% Packages/com.unity.inputsystem/InputSystem/Devices/Precompiled/FastMouse.partial.cs
 0.1 kb	 0.0% Packages/com.unity.inputsystem/InputSystem/Devices/IEventMerger.cs
 0.1 kb	 0.0% Packages/com.unity.inputsystem/InputSystem/Controls/TouchControl.cs
 0.1 kb	 0.0% Packages/com.unity.inputsystem/InputSystem/Controls/StickControl.cs
 0.1 kb	 0.0% Packages/com.unity.inputsystem/InputSystem/Controls/KeyControl.cs
 0.1 kb	 0.0% Packages/com.unity.inputsystem/InputSystem/Controls/InputProcessor.cs
 0.1 kb	 0.0% Packages/com.unity.inputsystem/InputSystem/Controls/InputControlPath.cs
 0.1 kb	 0.0% Packages/com.unity.inputsystem/InputSystem/Controls/DpadControl.cs
 0.1 kb	 0.0% Packages/com.unity.inputsystem/InputSystem/Controls/DeltaControl.cs
 0.1 kb	 0.0% Packages/com.unity.inputsystem/InputSystem/Controls/AxisControl.cs
 0.1 kb	 0.0% Packages/com.unity.inputsystem/InputSystem/Actions/InputActionState.cs
 0.1 kb	 0.0% Packages/com.unity.inputsystem/InputSystem/Actions/InputActionMap.cs
 0.1 kb	 0.0% Packages/com.unity.inputsystem/InputSystem/Actions/InputActionAsset.cs
 0.1 kb	 0.0% Packages/com.unity.collections/Unity.Collections/UnsafeQueue.cs
 0.1 kb	 0.0% Packages/com.unity.collections/Unity.Collections/NativeHashMap.cs
 0.1 kb	 0.0% Packages/com.unity.collections/Unity.Collections/FixedStringFormat.gen.cs
 0.1 kb	 0.0% Packages/com.unity.collections/Unity.Collections/FixedString.gen.cs
 0.1 kb	 0.0% Assets/UniWebView/Script/UniWebViewFastEnterPlayMode.cs
 0.1 kb	 0.0% Assets/UniWebView/Script/UniWebViewEmbeddedToolbar.cs
 0.1 kb	 0.0% Assets/UniWebView/Script/UniWebViewBackForwardList/UniWebViewBackForwardList.cs
 0.1 kb	 0.0% Assets/UniWebView/Script/UniWebViewBackForwardList/UniWebViewBackForwardItem.cs
 0.1 kb	 0.0% Assets/Neuro-Rehab/Scripts/NeuroRehabWebViewManager.cs
 0.1 kb	 0.0% Packages/com.unity.visualscripting/DocCodeExamples/VariableExamples.cs
 0.1 kb	 0.0% Packages/com.unity.visualscripting/DocCodeExamples/EventBusExamples.cs
 0.1 kb	 0.0% Packages/com.unity.ugui/Runtime/UGUI/UI/Core/SetPropertyUtility.cs
 0.1 kb	 0.0% Packages/com.unity.ugui/Runtime/UGUI/UI/Core/MaterialModifiers/IMaterialModifier.cs
 0.1 kb	 0.0% Packages/com.unity.ugui/Runtime/UGUI/UI/Core/Layout/VerticalLayoutGroup.cs
 0.1 kb	 0.0% Packages/com.unity.ugui/Runtime/UGUI/UI/Core/Layout/ContentSizeFitter.cs
 0.1 kb	 0.0% Packages/com.unity.ugui/Runtime/UGUI/UI/Core/Layout/AspectRatioFitter.cs
 0.1 kb	 0.0% Packages/com.unity.ugui/Runtime/UGUI/UI/Core/FontUpdateTracker.cs
 0.1 kb	 0.0% Packages/com.unity.ugui/Runtime/UGUI/UI/Core/CanvasUpdateRegistry.cs
 0.1 kb	 0.0% Packages/com.unity.ugui/Runtime/UGUI/UI/Core/AnimationTriggers.cs
 0.1 kb	 0.0% Packages/com.unity.ugui/Runtime/UGUI/EventSystem/UIElements/PanelRaycaster.cs
 0.1 kb	 0.0% Packages/com.unity.ugui/Runtime/UGUI/EventSystem/Raycasters/PhysicsRaycaster.cs
 0.1 kb	 0.0% Packages/com.unity.ugui/Runtime/UGUI/EventSystem/Raycasters/BaseRaycaster.cs
 0.1 kb	 0.0% Packages/com.unity.ugui/Runtime/UGUI/EventSystem/RaycasterManager.cs
 0.1 kb	 0.0% Packages/com.unity.ugui/Runtime/UGUI/EventSystem/RaycastResult.cs
 0.1 kb	 0.0% Packages/com.unity.ugui/Runtime/UGUI/EventSystem/InputModules/TouchInputModule.cs
 0.1 kb	 0.0% Packages/com.unity.ugui/Runtime/UGUI/EventSystem/InputModules/BaseInputModule.cs
 0.1 kb	 0.0% Packages/com.unity.ugui/Runtime/UGUI/EventSystem/ExecuteEvents.cs
 0.1 kb	 0.0% Packages/com.unity.ugui/Runtime/UGUI/EventSystem/EventData/PointerEventData.cs
 0.1 kb	 0.0% Packages/com.unity.ugui/Runtime/UGUI/EventSystem/EventData/BaseEventData.cs
 0.1 kb	 0.0% Packages/com.unity.ugui/Runtime/UGUI/EventSystem/EventData/AxisEventData.cs
 0.1 kb	 0.0% Packages/com.unity.ugui/Runtime/TMP/TMP_TextProcessingStack.cs
 0.1 kb	 0.0% Packages/com.unity.ugui/Runtime/TMP/TMP_FontFeaturesCommon.cs
 0.1 kb	 0.0% Packages/com.unity.timeline/Runtime/Extensions/TrackExtensions.cs
 0.1 kb	 0.0% Packages/com.unity.timeline/Runtime/ClipCaps.cs
 0.1 kb	 0.0% Packages/com.unity.render-pipelines.core/Runtime/UnifiedRayTracing/Compute/RadeonRays/Scan.cs
 0.1 kb	 0.0% Packages/com.unity.render-pipelines.core/Runtime/Lights/LightAnchor.cs
 0.1 kb	 0.0% Packages/com.unity.render-pipelines.core/Runtime/GPUDriven/AABB.cs
 0.1 kb	 0.0% Packages/com.unity.mathematics/Unity.Mathematics/rigid_transform.cs
 0.1 kb	 0.0% Packages/com.unity.mathematics/Unity.Mathematics/math_unity_conversion.cs
 0.1 kb	 0.0% Packages/com.unity.mathematics/Unity.Mathematics/affine_transform.cs
 0.1 kb	 0.0% Packages/com.unity.mathematics/Unity.Mathematics/Geometry/MinMaxAABB.cs
 0.1 kb	 0.0% Packages/com.unity.inputsystem/InputSystem/Utilities/FourCC.cs
 0.1 kb	 0.0% Packages/com.unity.inputsystem/InputSystem/Plugins/iOS/iOSSupport.cs
 0.1 kb	 0.0% Packages/com.unity.inputsystem/InputSystem/Plugins/XR/XRSupport.cs
 0.1 kb	 0.0% Packages/com.unity.inputsystem/InputSystem/Plugins/XR/GenericXRDevice.cs
 0.1 kb	 0.0% Packages/com.unity.inputsystem/InputSystem/Plugins/XR/Devices/WindowsMR.cs
 0.1 kb	 0.0% Packages/com.unity.inputsystem/InputSystem/Plugins/XR/Controls/PoseControl.cs
 0.1 kb	 0.0% Packages/com.unity.inputsystem/InputSystem/Plugins/UI/PointerModel.cs
 0.1 kb	 0.0% Packages/com.unity.inputsystem/InputSystem/Plugins/OSX/OSXSupport.cs
 0.1 kb	 0.0% Packages/com.unity.inputsystem/InputSystem/Plugins/HID/HIDSupport.cs
 0.1 kb	 0.0% Packages/com.unity.inputsystem/InputSystem/Plugins/HID/HIDParser.cs
 0.1 kb	 0.0% Packages/com.unity.collections/Unity.Collections/xxHash3.StreamingState.cs
 0.1 kb	 0.0% Packages/com.unity.collections/Unity.Collections/NativeSort.cs
 0.1 kb	 0.0% Packages/com.unity.collections/Unity.Collections/NativeBitArray.cs
 0.1 kb	 0.0% Packages/com.unity.collections/Unity.Collections/ListExtensions.cs
 0.1 kb	 0.0% Packages/com.unity.collections/Unity.Collections/Jobs/IJobParallelForDefer.cs
 0.1 kb	 0.0% Packages/com.unity.collections/Unity.Collections/Jobs/IJobParallelForBatch.cs
 0.1 kb	 0.0% Packages/com.unity.collections/Unity.Collections/FixedStringUtils.cs
 0.1 kb	 0.0% Packages/com.unity.collections/Unity.Collections/DataStreamWriter.cs
 0.1 kb	 0.0% Packages/com.unity.collections/Unity.Collections/DataStreamReader.cs
 0.1 kb	 0.0% Packages/com.unity.collections/Unity.Collections/ConcurrentMask.cs
 0.1 kb	 0.0% Packages/com.unity.collections/Unity.Collections/CollectionHelper.cs
 0.1 kb	 0.0% Packages/com.unity.collections/Unity.Collections/AllocatorManager.cs
 0.1 kb	 0.0% Packages/com.unity.burst/Runtime/SafeStringArrayHelper.cs
 0.1 kb	 0.0% Packages/com.unity.burst/Runtime/Editor/BurstEditorOptions.cs
 0.1 kb	 0.0% Packages/com.unity.burst/Runtime/Editor/BurstCompileTarget.cs
 0.1 kb	 0.0% Packages/com.unity.burst/Runtime/Editor/BurstAssemblyDisable.cs
 0.1 kb	 0.0% Packages/com.unity.burst/Runtime/BurstCompileAttribute.cs
 0.1 kb	 0.0% Packages/com.unity.ai.navigation/Runtime/NavMeshSurface.cs
 0.1 kb	 0.0% Packages/com.unity.ai.navigation/Runtime/NavMeshModifier.cs
 0.1 kb	 0.0% Packages/com.unity.visualscripting/Runtime/VisualScripting.State/State.cs
 0.1 kb	 0.0% Packages/com.unity.visualscripting/Runtime/VisualScripting.State/IState.cs
 0.1 kb	 0.0% Packages/com.unity.visualscripting/Runtime/VisualScripting.State/AnyState.cs
 0.1 kb	 0.0% Packages/com.unity.visualscripting/Runtime/VisualScripting.Flow/IUnit.cs
 0.1 kb	 0.0% Packages/com.unity.visualscripting/Runtime/VisualScripting.Flow/Framework/Time/WaitUnit.cs
 0.1 kb	 0.0% Packages/com.unity.visualscripting/Runtime/VisualScripting.Flow/Framework/Time/Timer.cs
 0.1 kb	 0.0% Packages/com.unity.visualscripting/Runtime/VisualScripting.Flow/Framework/Time/Cooldown.cs
 0.1 kb	 0.0% Packages/com.unity.visualscripting/Runtime/VisualScripting.Flow/Framework/Logic/NotEqual.cs
 0.1 kb	 0.0% Packages/com.unity.visualscripting/Runtime/VisualScripting.Flow/Framework/Logic/Negate.cs
 0.1 kb	 0.0% Packages/com.unity.visualscripting/Runtime/VisualScripting.Flow/Framework/Logic/Greater.cs
 0.1 kb	 0.0% Packages/com.unity.visualscripting/Runtime/VisualScripting.Flow/Framework/Logic/Equal.cs
 0.1 kb	 0.0% Packages/com.unity.visualscripting/Runtime/VisualScripting.Flow/Framework/Literal.cs
 0.1 kb	 0.0% Packages/com.unity.visualscripting/Runtime/VisualScripting.Flow/Framework/Formula.cs
 0.1 kb	 0.0% Packages/com.unity.visualscripting/Runtime/VisualScripting.Flow/Framework/Events/Lifecycle/Update.cs
 0.1 kb	 0.0% Packages/com.unity.visualscripting/Runtime/VisualScripting.Flow/Framework/Events/Lifecycle/Start.cs
 0.1 kb	 0.0% Packages/com.unity.visualscripting/Runtime/VisualScripting.Flow/Framework/Events/Lifecycle/OnEnable.cs
 0.1 kb	 0.0% Packages/com.unity.visualscripting/Runtime/VisualScripting.Flow/Framework/Events/GUI/OnSubmit.cs
 0.1 kb	 0.0% Packages/com.unity.visualscripting/Runtime/VisualScripting.Flow/Framework/Events/GUI/OnSelect.cs
 0.1 kb	 0.0% Packages/com.unity.visualscripting/Runtime/VisualScripting.Flow/Framework/Events/GUI/OnScroll.cs
 0.1 kb	 0.0% Packages/com.unity.visualscripting/Runtime/VisualScripting.Flow/Framework/Events/GUI/OnMove.cs
 0.1 kb	 0.0% Packages/com.unity.visualscripting/Runtime/VisualScripting.Flow/Framework/Events/GUI/OnGUI.cs
 0.1 kb	 0.0% Packages/com.unity.visualscripting/Runtime/VisualScripting.Flow/Framework/Events/GUI/OnDrop.cs
 0.1 kb	 0.0% Packages/com.unity.visualscripting/Runtime/VisualScripting.Flow/Framework/Events/GUI/OnDrag.cs
 0.1 kb	 0.0% Packages/com.unity.visualscripting/Runtime/VisualScripting.Flow/Framework/Events/GUI/OnCancel.cs
 0.1 kb	 0.0% Packages/com.unity.visualscripting/Runtime/VisualScripting.Flow/Framework/Control/While.cs
 0.1 kb	 0.0% Packages/com.unity.visualscripting/Runtime/VisualScripting.Flow/Framework/Control/TryCatch.cs
 0.1 kb	 0.0% Packages/com.unity.visualscripting/Runtime/VisualScripting.Flow/Framework/Control/Throw.cs
 0.1 kb	 0.0% Packages/com.unity.visualscripting/Runtime/VisualScripting.Flow/Framework/Control/Sequence.cs
 0.1 kb	 0.0% Packages/com.unity.visualscripting/Runtime/VisualScripting.Flow/Framework/Control/LoopUnit.cs
 0.1 kb	 0.0% Packages/com.unity.visualscripting/Runtime/VisualScripting.Flow/Framework/Control/ForEach.cs
 0.1 kb	 0.0% Packages/com.unity.visualscripting/Runtime/VisualScripting.Flow/Framework/Control/Cache.cs
 0.1 kb	 0.0% Packages/com.unity.visualscripting/Runtime/VisualScripting.Flow/Framework/Control/Break.cs
 0.1 kb	 0.0% Packages/com.unity.visualscripting/Runtime/VisualScripting.Flow/Framework/Collections/LastItem.cs
 0.1 kb	 0.0% Packages/com.unity.visualscripting/Runtime/VisualScripting.Flow/Framework/Codebase/Expose.cs
 0.1 kb	 0.0% Packages/com.unity.visualscripting/Runtime/VisualScripting.Core/Utilities/XColor.cs
 0.1 kb	 0.0% Packages/com.unity.visualscripting/Runtime/VisualScripting.Core/Reflection/TypeName.cs
 0.1 kb	 0.0% Packages/com.unity.visualscripting/Runtime/VisualScripting.Core/Reflection/Member.cs
 0.1 kb	 0.0% Packages/com.unity.visualscripting/Runtime/VisualScripting.Core/Macros/IMacro.cs
 0.1 kb	 0.0% Packages/com.unity.visualscripting/Runtime/VisualScripting.Core/Machines/IMachine.cs
 0.1 kb	 0.0% Packages/com.unity.visualscripting/Runtime/VisualScripting.Core/Graphs/IGraph.cs
 0.1 kb	 0.0% Packages/com.unity.visualscripting/Runtime/VisualScripting.Core/Graphs/Graph.cs
 0.1 kb	 0.0% Packages/com.unity.visualscripting/Runtime/VisualScripting.Core/Events/EventBus.cs
 0.1 kb	 0.0% Packages/com.unity.visualscripting/Runtime/VisualScripting.Core/Ensure/Extensions/XString.cs
 0.1 kb	 0.0% Packages/com.unity.visualscripting/Runtime/VisualScripting.Core/Ensure/Ensure.cs
 0.1 kb	 0.0% Packages/com.unity.visualscripting/Runtime/VisualScripting.Core/Collections/AotList.cs
 0.1 kb	 0.0% Packages/com.unity.visualscripting/Runtime/VisualScripting.Core/Cloning/ICloner.cs
 0.1 kb	 0.0% Packages/com.unity.visualscripting/Runtime/VisualScripting.Core/Cloning/Cloning.cs
 0.1 kb	 0.0% Packages/com.unity.ugui/Runtime/TMP/TMPro_EventManager.cs
 0.1 kb	 0.0% Packages/com.unity.ugui/Runtime/TMP/TMP_UpdateRegistery.cs
 0.1 kb	 0.0% Packages/com.unity.ugui/Runtime/TMP/TMP_UpdateManager.cs
 0.1 kb	 0.0% Packages/com.unity.ugui/Runtime/TMP/TMP_TextUtilities.cs
 0.1 kb	 0.0% Packages/com.unity.ugui/Runtime/TMP/TMP_TextProcessingCommon.cs
 0.1 kb	 0.0% Packages/com.unity.ugui/Runtime/TMP/TMP_SpriteCharacter.cs
 0.1 kb	 0.0% Packages/com.unity.ugui/Runtime/TMP/TMP_SpriteAnimator.cs
 0.1 kb	 0.0% Packages/com.unity.ugui/Runtime/TMP/TMP_SelectionCaret.cs
 0.1 kb	 0.0% Packages/com.unity.ugui/Runtime/TMP/TMP_ResourcesManager.cs
 0.1 kb	 0.0% Packages/com.unity.ugui/Runtime/TMP/TMP_MaterialManager.cs
 0.1 kb	 0.0% Packages/com.unity.ugui/Runtime/TMP/TMP_InputValidator.cs
 0.1 kb	 0.0% Packages/com.unity.ugui/Runtime/TMP/TMP_FontFeatureTable.cs
 0.1 kb	 0.0% Packages/com.unity.ugui/Runtime/TMP/TMP_DefaultControls.cs
 0.1 kb	 0.0% Packages/com.unity.ugui/Runtime/TMP/TMP_Compatibility.cs
 0.1 kb	 0.0% Packages/com.unity.ugui/Runtime/TMP/TMP_ColorGradient.cs
 0.1 kb	 0.0% Packages/com.unity.ugui/Runtime/TMP/TMP_CharacterInfo.cs
 0.1 kb	 0.0% Packages/com.unity.ugui/Runtime/TMP/ITextPreProcessor.cs
 0.1 kb	 0.0% Packages/com.unity.ugui/Runtime/TMP/FontFeatureCommonGPOS.cs
 0.1 kb	 0.0% Packages/com.unity.timeline/Runtime/Utilities/WeightUtility.cs
 0.1 kb	 0.0% Packages/com.unity.timeline/Runtime/Utilities/IPropertyPreview.cs
 0.1 kb	 0.0% Packages/com.unity.timeline/Runtime/Utilities/Extrapolation.cs
 0.1 kb	 0.0% Packages/com.unity.timeline/Runtime/TimelinePlayable.cs
 0.1 kb	 0.0% Packages/com.unity.timeline/Runtime/TimelineAsset.cs
 0.1 kb	 0.0% Packages/com.unity.timeline/Runtime/Scripting/PlayableTrack.cs
 0.1 kb	 0.0% Packages/com.unity.timeline/Runtime/Events/Signals/SignalReceiver.cs
 0.1 kb	 0.0% Packages/com.unity.timeline/Runtime/Events/Signals/SignalEmitter.cs
 0.1 kb	 0.0% Packages/com.unity.timeline/Runtime/Evaluation/RuntimeElement.cs
 0.1 kb	 0.0% Packages/com.unity.timeline/Runtime/Evaluation/RuntimeClipBase.cs
 0.1 kb	 0.0% Packages/com.unity.timeline/Runtime/CurveEditUtility.cs
 0.1 kb	 0.0% Packages/com.unity.timeline/Runtime/Animation/AnimationTrack.cs
 0.1 kb	 0.0% Packages/com.unity.timeline/Runtime/Activation/ActivationTrack.cs
 0.1 kb	 0.0% Packages/com.unity.render-pipelines.core/Runtime/Vrs/Vrs.cs
 0.1 kb	 0.0% Packages/com.unity.render-pipelines.core/Runtime/STP/STP.cs
 0.1 kb	 0.0% Packages/com.unity.mathematics/Unity.Mathematics/double4x4.gen.cs
 0.1 kb	 0.0% Packages/com.unity.mathematics/Unity.Mathematics/double4x3.gen.cs
 0.1 kb	 0.0% Packages/com.unity.mathematics/Unity.Mathematics/double4x2.gen.cs
 0.1 kb	 0.0% Packages/com.unity.mathematics/Unity.Mathematics/double3x4.gen.cs
 0.1 kb	 0.0% Packages/com.unity.mathematics/Unity.Mathematics/double3x3.gen.cs
 0.1 kb	 0.0% Packages/com.unity.mathematics/Unity.Mathematics/double3x2.gen.cs
 0.1 kb	 0.0% Packages/com.unity.mathematics/Unity.Mathematics/double2x4.gen.cs
 0.1 kb	 0.0% Packages/com.unity.mathematics/Unity.Mathematics/double2x3.gen.cs
 0.1 kb	 0.0% Packages/com.unity.mathematics/Unity.Mathematics/double2x2.gen.cs
 0.1 kb	 0.0% Packages/com.unity.inputsystem/InputSystem/Plugins/PlayerInput/PlayerInput.cs
 0.1 kb	 0.0% Packages/com.unity.inputsystem/InputSystem/Plugins/PlayerInput/InputValue.cs
 0.1 kb	 0.0% Packages/com.unity.inputsystem/InputSystem/InputSystem.cs
 0.1 kb	 0.0% Packages/com.unity.inputsystem/InputSystem/InputManager.cs
 0.1 kb	 0.0% Packages/com.unity.inputsystem/InputSystem/Editor/UITKAssetEditor/Commands/Commands.cs
 0.1 kb	 0.0% Packages/com.unity.inputsystem/InputSystem/Editor/Dialog.cs
 0.1 kb	 0.0% Packages/com.unity.inputsystem/InputSystem/Devices/Touchscreen.cs
 0.1 kb	 0.0% Packages/com.unity.inputsystem/InputSystem/Devices/Precompiled/FastMouse.cs
 0.1 kb	 0.0% Packages/com.unity.inputsystem/InputSystem/Devices/Precompiled/FastKeyboard.cs
 0.1 kb	 0.0% Packages/com.unity.inputsystem/InputSystem/Devices/InputDevice.cs
 0.1 kb	 0.0% Packages/com.unity.inputsystem/InputSystem/Devices/Haptics/IHaptics.cs
 0.1 kb	 0.0% Packages/com.unity.inputsystem/InputSystem/Controls/InputControl.cs
 0.1 kb	 0.0% Packages/com.unity.inputsystem/InputSystem/Controls/CommonUsages.cs
 0.1 kb	 0.0% Packages/com.unity.inputsystem/InputSystem/AssemblyInfo.cs
 0.1 kb	 0.0% Packages/com.unity.inputsystem/InputSystem/Actions/InputBinding.cs
 0.1 kb	 0.0% Packages/com.unity.inputsystem/InputSystem/Actions/InputAction.cs
 0.1 kb	 0.0% Packages/com.unity.collections/Unity.Collections/NativeText.gen.cs
 0.1 kb	 0.0% Packages/com.unity.collections/Unity.Collections/FixedList.gen.cs
 0.1 kb	 0.0% Assets/UniWebView/Script/UniWebViewStaticListener.cs
 0.1 kb	 0.0% Assets/UniWebView/Script/UniWebViewSafeBrowsing.cs
 0.1 kb	 0.0% Assets/UniWebView/Script/UniWebViewNativeListener.cs
 0.1 kb	 0.0% Assets/UniWebView/Script/UniWebViewCornerRadius.cs
 0.1 kb	 0.0% Assets/UniWebView/Script/UniWebViewChannelMethod/UniWebViewChannelMessage.cs
 0.1 kb	 0.0% Assets/Neuro-Rehab/Scripts/PatientDataManager.cs
 0.1 kb	 0.0% Assets/Neuro-Rehab/Scripts/NeuroRehabLauncher.cs
 0.1 kb	 0.0% Packages/com.unity.ugui/Runtime/UGUI/UI/Core/VertexModifiers/PositionAsUV1.cs
 0.1 kb	 0.0% Packages/com.unity.ugui/Runtime/UGUI/UI/Core/VertexModifiers/IMeshModifier.cs
 0.1 kb	 0.0% Packages/com.unity.ugui/Runtime/UGUI/UI/Core/VertexModifiers/BaseMeshEffect.cs
 0.1 kb	 0.0% Packages/com.unity.ugui/Runtime/UGUI/UI/Core/StencilMaterial.cs
 0.1 kb	 0.0% Packages/com.unity.ugui/Runtime/UGUI/UI/Core/MaskableGraphic.cs
 0.1 kb	 0.0% Packages/com.unity.ugui/Runtime/UGUI/UI/Core/MaskUtilities.cs
 0.1 kb	 0.0% Packages/com.unity.ugui/Runtime/UGUI/UI/Core/Layout/LayoutUtility.cs
 0.1 kb	 0.0% Packages/com.unity.ugui/Runtime/UGUI/UI/Core/Layout/LayoutRebuilder.cs
 0.1 kb	 0.0% Packages/com.unity.ugui/Runtime/UGUI/UI/Core/Layout/LayoutElement.cs
 0.1 kb	 0.0% Packages/com.unity.ugui/Runtime/UGUI/UI/Core/Layout/ILayoutElement.cs
 0.1 kb	 0.0% Packages/com.unity.ugui/Runtime/UGUI/UI/Core/Layout/GridLayoutGroup.cs
 0.1 kb	 0.0% Packages/com.unity.ugui/Runtime/UGUI/UI/Core/GraphicRegistry.cs
 0.1 kb	 0.0% Packages/com.unity.ugui/Runtime/UGUI/UI/Core/GraphicRaycaster.cs
 0.1 kb	 0.0% Packages/com.unity.ugui/Runtime/UGUI/UI/Core/DefaultControls.cs
 0.1 kb	 0.0% Packages/com.unity.ugui/Runtime/UGUI/UI/Core/Culling/ClipperRegistry.cs
 0.1 kb	 0.0% Packages/com.unity.ugui/Runtime/UGUI/EventSystem/UIBehaviour.cs
 0.1 kb	 0.0% Packages/com.unity.ugui/Runtime/UGUI/EventSystem/InputModules/BaseInput.cs
 0.1 kb	 0.0% Packages/com.unity.ugui/Runtime/UGUI/EventSystem/EventTrigger.cs
 0.1 kb	 0.0% Packages/com.unity.ugui/Runtime/UGUI/EventSystem/EventSystem.cs
 0.1 kb	 0.0% Packages/com.unity.ugui/Runtime/TMP/TMPro_MeshUtilities.cs
 0.1 kb	 0.0% Packages/com.unity.ugui/Runtime/TMP/TMP_ShaderUtilities.cs
 0.1 kb	 0.0% Packages/com.unity.ugui/Runtime/TMP/TMP_RichTextTagsCommon.cs
 0.1 kb	 0.0% Packages/com.unity.ugui/Runtime/TMP/TMP_FontAssetCommon.cs
 0.1 kb	 0.0% Packages/com.unity.mathematics/Unity.Mathematics/quaternion.cs
 0.1 kb	 0.0% Packages/com.unity.mathematics/Unity.Mathematics/Noise/classicnoise4D.cs
 0.1 kb	 0.0% Packages/com.unity.mathematics/Unity.Mathematics/Noise/classicnoise3D.cs
 0.1 kb	 0.0% Packages/com.unity.mathematics/Unity.Mathematics/Noise/classicnoise2D.cs
 0.1 kb	 0.0% Packages/com.unity.mathematics/Unity.Mathematics/Noise/cellular2x2x2.cs
 0.1 kb	 0.0% Packages/com.unity.mathematics/Unity.Mathematics/Geometry/Plane.cs
 0.1 kb	 0.0% Packages/com.unity.inputsystem/InputSystem/Plugins/XR/Devices/Oculus.cs
 0.1 kb	 0.0% Packages/com.unity.collections/Unity.Collections/UIntFloat.cs
 0.1 kb	 0.0% Packages/com.unity.collections/Unity.Collections/NativeStream.cs
 0.1 kb	 0.0% Packages/com.unity.collections/Unity.Collections/Jobs/EarlyInitHelpers.cs
 0.1 kb	 0.0% Packages/com.unity.burst/Runtime/Intrinsics/SimdDebugViews.cs
 0.1 kb	 0.0% Packages/com.unity.burst/Runtime/Editor/BurstReflection.cs
 0.1 kb	 0.0% Packages/com.unity.burst/Runtime/BurstCompilerOptions.cs
 0.1 kb	 0.0% Packages/com.unity.ai.navigation/Runtime/NavMeshLink.cs
 0.1 kb	 0.0% Packages/com.unity.visualscripting/Runtime/VisualScripting.Flow/Unit.cs
 0.1 kb	 0.0% Packages/com.unity.visualscripting/Runtime/VisualScripting.Flow/Framework/This.cs
 0.1 kb	 0.0% Packages/com.unity.visualscripting/Runtime/VisualScripting.Flow/Framework/Nulls/Null.cs
 0.1 kb	 0.0% Packages/com.unity.visualscripting/Runtime/VisualScripting.Flow/Framework/Logic/Or.cs
 0.1 kb	 0.0% Packages/com.unity.visualscripting/Runtime/VisualScripting.Flow/Framework/Logic/Less.cs
 0.1 kb	 0.0% Packages/com.unity.visualscripting/Runtime/VisualScripting.Flow/Framework/Logic/And.cs
 0.1 kb	 0.0% Packages/com.unity.visualscripting/Runtime/VisualScripting.Flow/Framework/Control/Once.cs
 0.1 kb	 0.0% Packages/com.unity.visualscripting/Runtime/VisualScripting.Flow/Framework/Control/If.cs
 0.1 kb	 0.0% Packages/com.unity.visualscripting/Runtime/VisualScripting.Flow/Framework/Control/For.cs
 0.1 kb	 0.0% Packages/com.unity.visualscripting/Runtime/VisualScripting.Flow/Flow.cs
 0.1 kb	 0.0% Packages/com.unity.ugui/Runtime/TMP/TextMeshProUGUI.cs
 0.1 kb	 0.0% Packages/com.unity.ugui/Runtime/TMP/TextContainer.cs
 0.1 kb	 0.0% Packages/com.unity.ugui/Runtime/TMP/TMP_TextElement.cs
 0.1 kb	 0.0% Packages/com.unity.ugui/Runtime/TMP/TMP_SubMeshUI.cs
 0.1 kb	 0.0% Packages/com.unity.ugui/Runtime/TMP/TMP_StyleSheet.cs
 0.1 kb	 0.0% Packages/com.unity.ugui/Runtime/TMP/TMP_SpriteGlyph.cs
 0.1 kb	 0.0% Packages/com.unity.ugui/Runtime/TMP/TMP_SpriteAsset.cs
 0.1 kb	 0.0% Packages/com.unity.ugui/Runtime/TMP/TMP_InputField.cs
 0.1 kb	 0.0% Packages/com.unity.ugui/Runtime/TMP/TMP_FontAsset.cs
 0.1 kb	 0.0% Packages/com.unity.ugui/Runtime/TMP/TMP_CoroutineTween.cs
 0.1 kb	 0.0% Packages/com.unity.ugui/Runtime/TMP/TMP_Character.cs
 0.1 kb	 0.0% Packages/com.unity.timeline/Runtime/Utilities/TimelineUndo.cs
 0.1 kb	 0.0% Packages/com.unity.timeline/Runtime/Utilities/TimeUtility.cs
 0.1 kb	 0.0% Packages/com.unity.timeline/Runtime/Utilities/HashUtility.cs
 0.1 kb	 0.0% Packages/com.unity.timeline/Runtime/Utilities/BlendUtility.cs
 0.1 kb	 0.0% Packages/com.unity.timeline/Runtime/TrackAsset.cs
 0.1 kb	 0.0% Packages/com.unity.timeline/Runtime/TimelineClip.cs
 0.1 kb	 0.0% Packages/com.unity.timeline/Runtime/Playables/ITimeControl.cs
 0.1 kb	 0.0% Packages/com.unity.timeline/Runtime/ILayerable.cs
 0.1 kb	 0.0% Packages/com.unity.timeline/Runtime/GroupTrack.cs
 0.1 kb	 0.0% Packages/com.unity.timeline/Runtime/Events/Signals/SignalAsset.cs
 0.1 kb	 0.0% Packages/com.unity.timeline/Runtime/Events/SignalTrack.cs
 0.1 kb	 0.0% Packages/com.unity.timeline/Runtime/Events/MarkerTrack.cs
 0.1 kb	 0.0% Packages/com.unity.timeline/Runtime/Events/MarkerList.cs
 0.1 kb	 0.0% Packages/com.unity.timeline/Runtime/Evaluation/RuntimeClip.cs
 0.1 kb	 0.0% Packages/com.unity.timeline/Runtime/Evaluation/IntervalTree.cs
 0.1 kb	 0.0% Packages/com.unity.timeline/Runtime/DiscreteTime.cs
 0.1 kb	 0.0% Packages/com.unity.timeline/Runtime/Control/ControlTrack.cs
 0.1 kb	 0.0% Packages/com.unity.timeline/Runtime/Audio/AudioTrack.cs
 0.1 kb	 0.0% Packages/com.unity.timeline/Runtime/AssetUpgrade/ClipUpgrade.cs
 0.1 kb	 0.0% Packages/com.unity.timeline/Runtime/Animation/ICurvesOwner.cs
 0.1 kb	 0.0% Packages/com.unity.render-pipelines.universal/Shaders/Shaders.cs
 0.1 kb	 0.0% Packages/com.unity.mathematics/Unity.Mathematics/uint4x4.gen.cs
 0.1 kb	 0.0% Packages/com.unity.mathematics/Unity.Mathematics/uint4x3.gen.cs
 0.1 kb	 0.0% Packages/com.unity.mathematics/Unity.Mathematics/uint4x2.gen.cs
 0.1 kb	 0.0% Packages/com.unity.mathematics/Unity.Mathematics/uint4.gen.cs
 0.1 kb	 0.0% Packages/com.unity.mathematics/Unity.Mathematics/uint3x4.gen.cs
 0.1 kb	 0.0% Packages/com.unity.mathematics/Unity.Mathematics/uint3x3.gen.cs
 0.1 kb	 0.0% Packages/com.unity.mathematics/Unity.Mathematics/uint3x2.gen.cs
 0.1 kb	 0.0% Packages/com.unity.mathematics/Unity.Mathematics/uint3.gen.cs
 0.1 kb	 0.0% Packages/com.unity.mathematics/Unity.Mathematics/uint2x4.gen.cs
 0.1 kb	 0.0% Packages/com.unity.mathematics/Unity.Mathematics/uint2x3.gen.cs
 0.1 kb	 0.0% Packages/com.unity.mathematics/Unity.Mathematics/uint2x2.gen.cs
 0.1 kb	 0.0% Packages/com.unity.mathematics/Unity.Mathematics/uint2.gen.cs
 0.1 kb	 0.0% Packages/com.unity.mathematics/Unity.Mathematics/int4x4.gen.cs
 0.1 kb	 0.0% Packages/com.unity.mathematics/Unity.Mathematics/int4x3.gen.cs
 0.1 kb	 0.0% Packages/com.unity.mathematics/Unity.Mathematics/int4x2.gen.cs
 0.1 kb	 0.0% Packages/com.unity.mathematics/Unity.Mathematics/int3x4.gen.cs
 0.1 kb	 0.0% Packages/com.unity.mathematics/Unity.Mathematics/int3x3.gen.cs
 0.1 kb	 0.0% Packages/com.unity.mathematics/Unity.Mathematics/int3x2.gen.cs
 0.1 kb	 0.0% Packages/com.unity.mathematics/Unity.Mathematics/int2x4.gen.cs
 0.1 kb	 0.0% Packages/com.unity.mathematics/Unity.Mathematics/int2x3.gen.cs
 0.1 kb	 0.0% Packages/com.unity.mathematics/Unity.Mathematics/int2x2.gen.cs
 0.1 kb	 0.0% Packages/com.unity.mathematics/Unity.Mathematics/half4.gen.cs
 0.1 kb	 0.0% Packages/com.unity.mathematics/Unity.Mathematics/half3.gen.cs
 0.1 kb	 0.0% Packages/com.unity.mathematics/Unity.Mathematics/half2.gen.cs
 0.1 kb	 0.0% Packages/com.unity.mathematics/Unity.Mathematics/float4x4.gen.cs
 0.1 kb	 0.0% Packages/com.unity.mathematics/Unity.Mathematics/float4x3.gen.cs
 0.1 kb	 0.0% Packages/com.unity.mathematics/Unity.Mathematics/float4x2.gen.cs
 0.1 kb	 0.0% Packages/com.unity.mathematics/Unity.Mathematics/float4.gen.cs
 0.1 kb	 0.0% Packages/com.unity.mathematics/Unity.Mathematics/float3x4.gen.cs
 0.1 kb	 0.0% Packages/com.unity.mathematics/Unity.Mathematics/float3x3.gen.cs
 0.1 kb	 0.0% Packages/com.unity.mathematics/Unity.Mathematics/float3x2.gen.cs
 0.1 kb	 0.0% Packages/com.unity.mathematics/Unity.Mathematics/float3.gen.cs
 0.1 kb	 0.0% Packages/com.unity.mathematics/Unity.Mathematics/float2x4.gen.cs
 0.1 kb	 0.0% Packages/com.unity.mathematics/Unity.Mathematics/float2x3.gen.cs
 0.1 kb	 0.0% Packages/com.unity.mathematics/Unity.Mathematics/float2x2.gen.cs
 0.1 kb	 0.0% Packages/com.unity.mathematics/Unity.Mathematics/float2.gen.cs
 0.1 kb	 0.0% Packages/com.unity.mathematics/Unity.Mathematics/double4.gen.cs
 0.1 kb	 0.0% Packages/com.unity.mathematics/Unity.Mathematics/double3.gen.cs
 0.1 kb	 0.0% Packages/com.unity.mathematics/Unity.Mathematics/double2.gen.cs
 0.1 kb	 0.0% Packages/com.unity.mathematics/Unity.Mathematics/bool4x4.gen.cs
 0.1 kb	 0.0% Packages/com.unity.mathematics/Unity.Mathematics/bool4x3.gen.cs
 0.1 kb	 0.0% Packages/com.unity.mathematics/Unity.Mathematics/bool4x2.gen.cs
 0.1 kb	 0.0% Packages/com.unity.mathematics/Unity.Mathematics/bool4.gen.cs
 0.1 kb	 0.0% Packages/com.unity.mathematics/Unity.Mathematics/bool3x4.gen.cs
 0.1 kb	 0.0% Packages/com.unity.mathematics/Unity.Mathematics/bool3x3.gen.cs
 0.1 kb	 0.0% Packages/com.unity.mathematics/Unity.Mathematics/bool3x2.gen.cs
 0.1 kb	 0.0% Packages/com.unity.mathematics/Unity.Mathematics/bool3.gen.cs
 0.1 kb	 0.0% Packages/com.unity.mathematics/Unity.Mathematics/bool2x4.gen.cs
 0.1 kb	 0.0% Packages/com.unity.mathematics/Unity.Mathematics/bool2x3.gen.cs
 0.1 kb	 0.0% Packages/com.unity.mathematics/Unity.Mathematics/bool2x2.gen.cs
 0.1 kb	 0.0% Packages/com.unity.mathematics/Unity.Mathematics/bool2.gen.cs
 0.1 kb	 0.0% Packages/com.unity.mathematics/Unity.Mathematics/Noise/psrdnoise2D.cs
 0.1 kb	 0.0% Packages/com.unity.mathematics/Unity.Mathematics/Noise/noise3Dgrad.cs
 0.1 kb	 0.0% Packages/com.unity.mathematics/Unity.Mathematics/Noise/cellular3D.cs
 0.1 kb	 0.0% Packages/com.unity.mathematics/Unity.Mathematics/Noise/cellular2x2.cs
 0.1 kb	 0.0% Packages/com.unity.mathematics/Unity.Mathematics/Noise/cellular2D.cs
 0.1 kb	 0.0% Packages/com.unity.inputsystem/InputSystem/Plugins/XR/Devices/GoogleVR.cs
 0.1 kb	 0.0% Packages/com.unity.inputsystem/InputSystem/Editor/DownloadableSample.cs
 0.1 kb	 0.0% Packages/com.unity.inputsystem/InputSystem/Devices/Sensor.cs
 0.1 kb	 0.0% Packages/com.unity.inputsystem/InputSystem/Devices/Pointer.cs
 0.1 kb	 0.0% Packages/com.unity.inputsystem/InputSystem/Devices/Mouse.cs
 0.1 kb	 0.0% Packages/com.unity.inputsystem/InputSystem/Devices/Keyboard.cs
 0.1 kb	 0.0% Packages/com.unity.inputsystem/InputSystem/Devices/Joystick.cs
 0.1 kb	 0.0% Packages/com.unity.inputsystem/InputSystem/Devices/Gamepad.cs
 0.1 kb	 0.0% Packages/com.unity.collections/Unity.Collections/xxHash3.AVX2.cs
 0.1 kb	 0.0% Packages/com.unity.burst/Runtime/Intrinsics/Arm/NEON_AArch64_rdma.cs
 0.1 kb	 0.0% Packages/com.unity.burst/Runtime/Intrinsics/Arm/NEON_AArch64_dotprod.cs
 0.1 kb	 0.0% Packages/com.unity.burst/Runtime/Intrinsics/Arm/NEON_AArch64_crypto.cs
 0.1 kb	 0.0% Assets/UniWebView/Script/UniWebViewTransform.cs
 0.1 kb	 0.0% Assets/UniWebView/Script/UniWebViewMessage.cs
 0.1 kb	 0.0% Assets/Neuro-Rehab/Scripts/PatientProfile.cs
 0.1 kb	 0.0% Packages/com.unity.ugui/Runtime/UGUI/UI/Core/Utility/VertexHelper.cs
 0.1 kb	 0.0% Packages/com.unity.ugui/Runtime/UGUI/UI/Core/ToggleGroup.cs
 0.1 kb	 0.0% Packages/com.unity.ugui/Runtime/UGUI/UI/Core/SpriteState.cs
 0.1 kb	 0.0% Packages/com.unity.ugui/Runtime/UGUI/UI/Core/Selectable.cs
 0.1 kb	 0.0% Packages/com.unity.ugui/Runtime/UGUI/UI/Core/Scrollbar.cs
 0.1 kb	 0.0% Packages/com.unity.ugui/Runtime/UGUI/UI/Core/ScrollRect.cs
 0.1 kb	 0.0% Packages/com.unity.ugui/Runtime/UGUI/UI/Core/RectMask2D.cs
 0.1 kb	 0.0% Packages/com.unity.ugui/Runtime/UGUI/UI/Core/Navigation.cs
 0.1 kb	 0.0% Packages/com.unity.ugui/Runtime/UGUI/UI/Core/Layout/LayoutGroup.cs
 0.1 kb	 0.0% Packages/com.unity.ugui/Runtime/UGUI/UI/Core/Layout/CanvasScaler.cs
 0.1 kb	 0.0% Packages/com.unity.ugui/Runtime/UGUI/UI/Core/InputField.cs
 0.1 kb	 0.0% Packages/com.unity.ugui/Runtime/UGUI/UI/Core/IMaskable.cs
 0.1 kb	 0.0% Packages/com.unity.ugui/Runtime/UGUI/UI/Core/ColorBlock.cs
 0.1 kb	 0.0% Packages/com.unity.mathematics/Unity.Mathematics/random.cs
 0.1 kb	 0.0% Packages/com.unity.mathematics/Unity.Mathematics/matrix.gen.cs
 0.1 kb	 0.0% Packages/com.unity.mathematics/Unity.Mathematics/matrix.cs
 0.1 kb	 0.0% Packages/com.unity.mathematics/Unity.Mathematics/Noise/noise4D.cs
 0.1 kb	 0.0% Packages/com.unity.mathematics/Unity.Mathematics/Noise/noise3D.cs
 0.1 kb	 0.0% Packages/com.unity.mathematics/Unity.Mathematics/Noise/noise2D.cs
 0.1 kb	 0.0% Packages/com.unity.mathematics/Unity.Mathematics/Noise/common.cs
 0.1 kb	 0.0% Packages/com.unity.inputsystem/InputSystem/Plugins/XR/Devices/OpenVR.cs
 0.1 kb	 0.0% Packages/com.unity.inputsystem/InputSystem/Plugins/HID/HID.cs
 0.1 kb	 0.0% Packages/com.unity.collections/Unity.Collections/xxHash3.cs
 0.1 kb	 0.0% Packages/com.unity.collections/Unity.Collections/Unicode.cs
 0.1 kb	 0.0% Packages/com.unity.collections/Unity.Collections/Memory.cs
 0.1 kb	 0.0% Packages/com.unity.collections/Unity.Collections/Jobs/IJobFilter.cs
 0.1 kb	 0.0% Packages/com.unity.collections/Unity.Collections/BitField.cs
 0.1 kb	 0.0% Packages/com.unity.burst/Runtime/NoAliasAttribute.cs
 0.1 kb	 0.0% Packages/com.unity.burst/Runtime/FunctionPointer.cs
 0.1 kb	 0.0% Packages/com.unity.burst/Runtime/Editor/BurstLoader.cs
 0.1 kb	 0.0% Packages/com.unity.burst/Runtime/CompilerServices/Constant.cs
 0.1 kb	 0.0% Packages/com.unity.burst/Runtime/CompilerServices/Aliasing.cs
 0.1 kb	 0.0% Packages/com.unity.burst/Runtime/BurstString.Float.cs
 0.1 kb	 0.0% Packages/com.unity.burst/Runtime/BurstCompiler.cs
 0.1 kb	 0.0% Packages/com.unity.ai.navigation/Runtime/HelpUrls.cs
 0.1 kb	 0.0% Assets/UniWebView/Interface/UniWebViewCocoa.cs
 0.1 kb	 0.0% Packages/com.unity.ugui/Runtime/UGUI/UI/Core/Culling/IClipRegion.cs
 0.1 kb	 0.0% Packages/com.unity.ugui/Runtime/TMP/TextMeshPro.cs
 0.1 kb	 0.0% Packages/com.unity.ugui/Runtime/TMP/TMP_TextInfo.cs
 0.1 kb	 0.0% Packages/com.unity.ugui/Runtime/TMP/TMP_SubMesh.cs
 0.1 kb	 0.0% Packages/com.unity.ugui/Runtime/TMP/TMP_Style.cs
 0.1 kb	 0.0% Packages/com.unity.ugui/Runtime/TMP/TMP_Sprite.cs
 0.1 kb	 0.0% Packages/com.unity.ugui/Runtime/TMP/TMP_Settings.cs
 0.1 kb	 0.0% Packages/com.unity.ugui/Runtime/TMP/TMP_MeshInfo.cs
 0.1 kb	 0.0% Packages/com.unity.ugui/Runtime/TMP/TMP_LineInfo.cs
 0.1 kb	 0.0% Packages/com.unity.ugui/Runtime/TMP/TMP_Dropdown.cs
 0.1 kb	 0.0% Packages/com.unity.ugui/Runtime/TMP/TMP_Asset.cs
 0.1 kb	 0.0% Packages/com.unity.ugui/Runtime/TMP/FastAction.cs
 0.1 kb	 0.0% Packages/com.unity.timeline/Runtime/ObjectId.cs
 0.1 kb	 0.0% Packages/com.unity.timeline/Runtime/Events/Marker.cs
 0.1 kb	 0.0% Packages/com.unity.timeline/Runtime/Events/IMarker.cs
 0.1 kb	 0.0% Packages/com.unity.mathematics/Unity.Mathematics/int4.gen.cs
 0.1 kb	 0.0% Packages/com.unity.mathematics/Unity.Mathematics/int3.gen.cs
 0.1 kb	 0.0% Packages/com.unity.mathematics/Unity.Mathematics/int2.gen.cs
 0.1 kb	 0.0% Packages/com.unity.inputsystem/InputSystem/Devices/Pen.cs
 0.1 kb	 0.0% Packages/com.unity.burst/Runtime/Intrinsics/Common.cs
 0.1 kb	 0.0% Packages/com.unity.burst/Runtime/Intrinsics/Arm/NEON_ctor.cs
 0.1 kb	 0.0% Packages/com.unity.burst/Runtime/Intrinsics/Arm/NEON_AArch64.cs
 0.1 kb	 0.0% Assets/UniWebView/Script/UniWebViewShadow.cs
 0.1 kb	 0.0% Assets/UniWebView/Script/UniWebViewPopup.cs
 0.1 kb	 0.0% Assets/UniWebView/Script/UniWebViewLogger.cs
 0.1 kb	 0.0% Assets/UniWebView/Script/UniWebViewHelper.cs
 0.1 kb	 0.0% Assets/UniWebView/Script/External/MiniJSON.cs
 0.1 kb	 0.0% Packages/com.unity.ugui/Runtime/UGUI/UI/Core/VertexModifiers/Shadow.cs
 0.1 kb	 0.0% Packages/com.unity.ugui/Runtime/UGUI/UI/Core/VertexModifiers/Outline.cs
 0.1 kb	 0.0% Packages/com.unity.ugui/Runtime/UGUI/UI/Core/Toggle.cs
 0.1 kb	 0.0% Packages/com.unity.ugui/Runtime/UGUI/UI/Core/Slider.cs
 0.1 kb	 0.0% Packages/com.unity.ugui/Runtime/UGUI/UI/Core/RawImage.cs
 0.1 kb	 0.0% Packages/com.unity.ugui/Runtime/UGUI/UI/Core/Image.cs
 0.1 kb	 0.0% Packages/com.unity.ugui/Runtime/UGUI/UI/Core/IMask.cs
 0.1 kb	 0.0% Packages/com.unity.ugui/Runtime/UGUI/UI/Core/Graphic.cs
 0.1 kb	 0.0% Packages/com.unity.ugui/Runtime/UGUI/UI/Core/FontData.cs
 0.1 kb	 0.0% Packages/com.unity.ugui/Runtime/UGUI/UI/Core/Dropdown.cs
 0.1 kb	 0.0% Packages/com.unity.ugui/Runtime/UGUI/UI/Core/Culling/Clipping.cs
 0.1 kb	 0.0% Packages/com.unity.ugui/Runtime/UGUI/UI/Core/Button.cs
 0.1 kb	 0.0% Packages/com.unity.mathematics/Unity.Mathematics/svd.cs
 0.1 kb	 0.0% Packages/com.unity.mathematics/Unity.Mathematics/math.cs
 0.1 kb	 0.0% Packages/com.unity.mathematics/Unity.Mathematics/half.cs
 0.1 kb	 0.0% Packages/com.unity.burst/Runtime/SharedStatic.cs
 0.1 kb	 0.0% Packages/com.unity.burst/Runtime/Intrinsics/x86/Ssse3.cs
 0.1 kb	 0.0% Packages/com.unity.burst/Runtime/Intrinsics/x86/Sse4_2.cs
 0.1 kb	 0.0% Packages/com.unity.burst/Runtime/Intrinsics/x86/Sse4_1.cs
 0.1 kb	 0.0% Packages/com.unity.burst/Runtime/Intrinsics/x86/Popcnt.cs
 0.1 kb	 0.0% Packages/com.unity.burst/Runtime/Intrinsics/x86/Common.cs
 0.1 kb	 0.0% Packages/com.unity.burst/Runtime/CompilerServices/Hint.cs
 0.1 kb	 0.0% Packages/com.unity.burst/Runtime/BurstString.cs
 0.1 kb	 0.0% Packages/com.unity.burst/Runtime/BurstRuntime.cs
 0.1 kb	 0.0% Packages/com.unity.ugui/Runtime/TMP/TMP_Text.cs
 0.1 kb	 0.0% Packages/com.unity.inputsystem/InputSystem/Plugins/UI/UISupport.cs
 0.1 kb	 0.0% Packages/com.unity.burst/Runtime/Intrinsics/x86/Sse3.cs
 0.1 kb	 0.0% Packages/com.unity.burst/Runtime/Intrinsics/x86/Sse2.cs
 0.1 kb	 0.0% Packages/com.unity.burst/Runtime/Intrinsics/x86/Sse.cs
 0.1 kb	 0.0% Packages/com.unity.burst/Runtime/Intrinsics/x86/Fma.cs
 0.1 kb	 0.0% Packages/com.unity.burst/Runtime/Intrinsics/x86/F16C.cs
 0.1 kb	 0.0% Packages/com.unity.burst/Runtime/Intrinsics/x86/Csr.cs
 0.1 kb	 0.0% Packages/com.unity.burst/Runtime/Intrinsics/x86/Bmi2.cs
 0.1 kb	 0.0% Packages/com.unity.burst/Runtime/Intrinsics/x86/Bmi1.cs
 0.1 kb	 0.0% Packages/com.unity.burst/Runtime/Intrinsics/x86/Avx2.cs
 0.1 kb	 0.0% Packages/com.unity.burst/Runtime/Intrinsics/x86/Avx.cs
 0.1 kb	 0.0% Packages/com.unity.burst/Runtime/Intrinsics/v64.cs
 0.1 kb	 0.0% Packages/com.unity.burst/Runtime/Intrinsics/v256.cs
 0.1 kb	 0.0% Packages/com.unity.burst/Runtime/Intrinsics/v128.cs
 0.1 kb	 0.0% Packages/com.unity.burst/Runtime/Intrinsics/Arm/NEON.cs
 0.1 kb	 0.0% Assets/UniWebView/Script/UniWebView.cs
 0.1 kb	 0.0% Packages/com.unity.ugui/Runtime/UGUI/UI/Core/Text.cs
 0.1 kb	 0.0% Packages/com.unity.ugui/Runtime/UGUI/UI/Core/Misc.cs
 0.1 kb	 0.0% Packages/com.unity.ugui/Runtime/UGUI/UI/Core/Mask.cs
 0.1 kb	 0.0% Assets/Resources/PerformanceTestRunSettings.json
 0.0 kb	 0.0% Packages/com.unity.render-pipelines.core/Runtime/Vrs/Shaders/VrsTexture.compute
-------------------------------------------------------------------------------
Unloading 0 Unused Serialized files (Serialized files now loaded: 0)
Unloading 2085 unused Assets / (0.9 MB). Loaded Objects now: 7186.
Memory consumption went from 286.4 MB to 285.5 MB.
Total: 62.130625 ms (FindLiveObjects: 3.378042 ms CreateObjectMapping: 0.150083 ms MarkObjects: 51.863083 ms  DeleteObjects: 6.738791 ms)

Build Finished, Result: Success.
Launching external process: /Applications/Unity/Hub/Editor/6000.3.9f1/Unity.app/Contents/Resources/Scripting/il2cpp/build/deploy/Analytics
##utp:{"type":"PlayerBuildInfo","version":2,"phase":"Immediate","time":1786353467944,"processId":42279,"steps":[{"description":"Preprocess Player","duration":144},{"description":"Prepare For Build","duration":7732},{"description":"ProducePlayerScriptAssemblies","duration":5366},{"description":"Verify Build setup","duration":36},{"description":"Prepare assets for target platform","duration":5},{"description":"Prepare splash screen","duration":1},{"description":"Building scenes","duration":461},{"description":"Build scripts DLLs","duration":7},{"description":"Build GlobalGameManagers file","duration":137},{"description":"Writing asset files","duration":11280},{"description":"Building Resources/unity_builtin_extra","duration":55},{"description":"Write data build dirty tracking information","duration":162},{"description":"Postprocess built player","duration":74084}],"duration":99470}
Unloading 0 Unused Serialized files (Serialized files now loaded: 0)
Loaded scene 'Temp/__Backupscenes/0.backup'
	Deserialize:            0.931 ms
	Integration:            468.284 ms
	Integration of assets:  0.001 ms
	Thread Wait Time:       0.005 ms
	Total Operation Time:   469.220 ms
Unloading 0 unused Assets / (64 B). Loaded Objects now: 7178.
Memory consumption went from 284.6 MB to 284.6 MB.
Total: 7.138500 ms (FindLiveObjects: 0.199375 ms CreateObjectMapping: 0.095917 ms MarkObjects: 6.831291 ms  DeleteObjects: 0.011667 ms)

[BuildScript] Android APK Build SUCCESS! Size: 848024281 bytes at: /Users/akshaykadam/Documents/UnityApps/NeuroRehab Cognitive Therapy Portal/Builds/NeuroRehab.apk
UnityEngine.Debug:ExtractStackTraceNoAlloc (byte*,int,string)
UnityEngine.StackTraceUtility:ExtractStackTrace () (at /Users/bokken/build/output/unity/unity/Runtime/Export/Scripting/StackTrace.cs:35)
UnityEngine.DebugLogHandler:Internal_Log (UnityEngine.LogType,UnityEngine.LogOption,string,UnityEngine.Object)
UnityEngine.DebugLogHandler:LogFormat (UnityEngine.LogType,UnityEngine.Object,string,object[])
UnityEngine.Logger:Log (UnityEngine.LogType,object)
UnityEngine.Debug:Log (object)
BuildScript:BuildAndroidAPK () (at Assets/Editor/BuildScript.cs:37)

(Filename: Assets/Editor/BuildScript.cs Line: 37)

Thread 0x17efd7000 may have been prematurely finalized
Batchmode quit successfully invoked - shutting down!
Starting: /Applications/Unity/Hub/Editor/6000.3.9f1/PlaybackEngines/AndroidPlayer/OpenJDK/bin/java -classpath "/Applications/Unity/Hub/Editor/6000.3.9f1/PlaybackEngines/AndroidPlayer/Tools/gradle/lib/gradle-launcher-8.13.jar" org.gradle.launcher.GradleMain "-Dorg.gradle.jvmargs=-Xmx4096m" "--stop" 
WorkingDir: 
Killing ADB server in 0.089205 seconds.
Thread 0x17f693000 may have been prematurely finalized
Input System module state changed to: ShutdownInProgress.
Input System polling thread exited.
Input System module state changed to: Shutdown.
[Physics::Module] Cleanup current backend.
[Physics::Module] Id: 0xf2b8ea05
[Licensing::IpcConnector] LicenseClient-akshaykadam-notifications channel disconnected successfully.
[Licensing::IpcConnector] LicenseClient-akshaykadam channel disconnected successfully.
Thread 0x16f9c7000 may have been prematurely finalized
Thread 0x16fd0f000 may have been prematurely finalized
Thread 0x16fb6b000 may have been prematurely finalized
Thread 0x16fbf7000 may have been prematurely finalized
Thread 0x16fadf000 may have been prematurely finalized
Thread 0x16fa53000 may have been prematurely finalized
Thread 0x16fc83000 may have been prematurely finalized
AcceleratorClientConnectionCallback - disconnected - :0
Cleanup mono
[40m[32minfo[39m[22m[49m: Microsoft.Hosting.Lifetime[0]
      Application is shutting down...
[40m[32minfo[39m[22m[49m: Unity.ILPP.Runner.PostProcessingAssemblyLoadContext[0]
      ALC ILPP context 2 is unloading
debugger-agent: Unable to listen on 44
Exiting batchmode successfully now!
[Package Manager] Server process was shutdown
